leg,joint,cmd_delta_rad,act_delta_rad
hover,0,-0.000170812,-0.000178792
hover,0,-0.000046991,-0.000061825
hover,0,0.000004171,-0.000003211
hover,0,0.000031677,0.000024851
hover,0,0.000045099,0.000038773
hover,0,0.000051465,0.000045706
hover,0,0.000048024,0.000049185
hover,0,0.000054652,0.000050090
hover,0,0.000056020,0.000051435
hover,0,0.000057606,0.000052284
hover,0,0.000060496,0.000052992
hover,0,0.000054284,0.000053916
hover,0,0.000059918,0.000053477
hover,0,0.000059423,0.000053968
hover,0,0.000057672,0.000054471
hover,0,0.000054978,0.000054553
hover,0,0.000060986,0.000054151
hover,0,0.000058685,0.000054937
hover,0,0.000058507,0.000055019
hover,0,0.000058525,0.000055116
hover,0,0.000058545,0.000055250
hover,0,0.000058635,0.000055343
hover,0,0.000058820,0.000055466
hover,0,0.000058905,0.000055607
hover,0,0.000058937,0.000055760
hover,0,0.000059031,0.000055861
hover,0,0.000059253,0.000055958
hover,0,0.000059813,0.000056073
hover,0,0.000063180,0.000056289
hover,0,0.000057354,0.000057086
hover,0,0.000057414,0.000056278
hover,0,0.000060716,0.000056148
hover,0,0.000057775,0.000056610
hover,0,0.000060051,0.000056457
hover,0,0.000063361,0.000056654
hover,0,0.000056271,0.000057437
hover,0,0.000059846,0.000056542
hover,0,0.000059080,0.000056747
hover,0,0.000059406,0.000056814
hover,0,0.000063786,0.000056885
hover,0,0.000059365,0.000057630
hover,0,0.000060042,0.000057250
hover,0,0.000059029,0.000057437
hover,0,0.000059214,0.000057068
hover,0,0.000058859,0.000057157
hover,0,0.000061655,0.000057213
hover,0,0.000060465,0.000057548
hover,0,0.000060618,0.000057541
hover,0,0.000060009,0.000057492
hover,0,0.000059215,0.000057664
hover,0,0.000059192,0.000057317
hover,0,0.000060746,0.000057358
hover,0,0.000061288,0.000057559
hover,0,0.000059897,0.000057679
hover,0,0.000062096,0.000057645
hover,0,0.000059690,0.000058018
hover,0,0.000060148,0.000057746
hover,0,0.000060369,0.000057679
hover,0,0.000060557,0.000057757
hover,0,0.000060605,0.000057813
hover,0,0.000060638,0.000057865
hover,0,0.000060636,0.000057872
hover,0,0.000060638,0.000057887
hover,0,0.000060647,0.000057910
hover,0,0.000060645,0.000057928
hover,0,0.000060590,0.000057928
hover,0,0.000064367,0.000057936
hover,0,0.000062551,0.000058889
hover,0,0.000062307,0.000058658
hover,0,0.000062138,0.000058539
hover,0,0.000062047,0.000058528
hover,0,0.000059543,0.000058539
hover,0,0.000060527,0.000057902
hover,0,0.000061040,0.000058178
hover,0,0.000060914,0.000058368
hover,0,0.000061436,0.000058483
hover,0,0.000061389,0.000058502
hover,0,0.000061779,0.000058588
hover,0,0.000061457,0.000058629
hover,0,0.000061190,0.000058647
hover,0,0.000061673,0.000058532
hover,0,0.000061362,0.000058632
hover,0,0.000062107,0.000058599
hover,0,0.000061204,0.000058614
hover,0,0.000061188,0.000058766
hover,0,0.000061918,0.000058770
hover,0,0.000061781,0.000058748
hover,0,0.000061832,0.000058755
hover,0,0.000061862,0.000058759
hover,0,0.000061260,0.000058759
hover,0,0.000062513,0.000058863
hover,0,0.000061456,0.000058752
hover,0,0.000061091,0.000058886
hover,0,0.000063426,0.000058904
hover,0,0.000060913,0.000058856
hover,0,0.000060868,0.000056155
hover,0,0.000048997,0.000046488
hover,0,0.000032721,0.000030596
hover,0,0.000015787,0.000013471
hover,0,-0.000000147,-0.000001803
hover,0,-0.000013729,-0.000014782
hover,0,-0.000024357,-0.000026230
hover,0,-0.000035568,-0.000034705
hover,0,-0.000076746,-0.000069547
hover,0,-0.000361910,-0.000308674
hover,0,-0.000242045,-0.000182353
hover,0,0.000082152,0.000130944
hover,0,-0.000378451,-0.000317793
hover,0,-0.000242700,-0.000219699
hover,0,-0.000123350,-0.000097305
hover,0,-0.000395344,-0.000381630
hover,0,-0.000341889,-0.000337418
hover,0,-0.000203855,-0.000198152
hover,0,-0.000434881,-0.000431027
hover,0,-0.000326768,-0.000336517
hover,0,-0.000081550,-0.000081986
hover,0,-0.000491794,-0.000469558
hover,0,-0.000234612,-0.000244901
hover,0,-0.000313322,-0.000302196
hover,0,-0.000440197,-0.000443537
hover,0,-0.000246122,-0.000258248
hover,0,-0.000121513,-0.000125650
hover,0,-0.000619552,-0.000600547
hover,0,0.000048362,0.000041276
hover,0,-0.000632309,-0.000627130
hover,0,-0.000094730,-0.000095434
hover,0,-0.000546253,-0.000542194
hover,0,-0.000131763,-0.000131652
hover,0,-0.000525885,-0.000527427
hover,0,-0.000104830,-0.000110984
hover,0,-0.000532360,-0.000531249
hover,0,-0.000123910,-0.000122808
hover,0,-0.000526180,-0.000522152
hover,0,-0.000117783,-0.000121422
hover,0,-0.000526979,-0.000521734
hover,0,-0.000126620,-0.000132889
hover,0,-0.000515095,-0.000512294
hover,0,-0.000134001,-0.000137962
hover,0,-0.000516552,-0.000506341
hover,0,-0.000135991,-0.000148177
hover,0,-0.000501934,-0.000497736
hover,0,-0.000142907,-0.000146106
hover,0,-0.000499739,-0.000495300
hover,0,-0.000148607,-0.000152878
hover,0,-0.000496482,-0.000490554
hover,0,-0.000156778,-0.000163943
hover,0,-0.000486019,-0.000477746
hover,0,-0.000161709,-0.000171565
hover,0,-0.000479933,-0.000471763
hover,0,-0.001782238,-0.000191920
hover,0,0.000006553,0.000013821
hover,0,0.000482726,0.000468262
hover,0,0.000070977,0.000085570
hover,0,0.000445615,0.000436500
hover,0,0.000033641,0.000043839
hover,0,0.000532881,0.000527792
hover,0,-0.000074334,-0.000070766
hover,0,0.000490167,0.000506967
hover,0,0.000151575,0.000151366
hover,0,0.000432436,0.000438690
hover,0,-0.000040345,-0.000033282
hover,0,0.000496082,0.000481181
hover,0,0.000100590,0.000117220
hover,0,0.000404956,0.000396743
hover,0,-0.000034702,-0.000031389
hover,0,0.000485186,0.000489570
hover,0,-0.000103447,-0.000102229
hover,0,0.000567461,0.000568666
hover,0,-0.000151998,-0.000150159
hover,0,0.000564887,0.000560470
hover,0,-0.000027729,-0.000020467
hover,0,0.000243939,0.000234447
hover,0,0.000473808,0.000475593
hover,0,-0.000155342,-0.000154100
hover,0,0.000564643,0.000570506
hover,0,-0.000102156,-0.000098832
hover,0,0.000608042,0.000606492
hover,0,-0.000127306,-0.000124887
hover,0,0.000499997,0.000502475
hover,0,-0.000065432,-0.000064217
hover,0,0.000375320,0.000373647
hover,0,0.000199257,0.000199683
hover,0,0.000111595,0.000116192
hover,0,0.000557799,0.000556961
hover,0,-0.000178248,-0.000177838
hover,0,0.000609775,0.000611469
hover,0,-0.000033883,-0.000034094
hover,0,0.000341637,0.000357434
hover,0,0.000190556,0.000186361
hover,0,0.000267657,0.000260539
hover,0,0.000063746,0.000061817
hover,0,0.000529915,0.000522789
hover,0,-0.000161857,-0.000155605
hover,0,0.000625168,0.000618227
hover,0,-0.000128852,-0.000120766
hover,0,0.000507956,0.000509005
hover,0,0.000143762,0.000148937
hover,0,-0.000012220,-0.000012834
hover,0,0.000653445,0.000649415
hover,0,-0.000292584,-0.000292461
hover,0,0.000794231,0.000791803
hover,0,-0.000019713,-0.000012670
hover,0,-0.000046284,-0.000047825
hover,0,0.000809003,0.000806764
hover,0,-0.000175995,-0.000173777
hover,0,0.000243313,0.000250954
hover,0,0.000320804,0.000313744
hover,0,0.000195226,0.000204649
hover,0,-0.000045781,-0.000050940
hover,0,0.000496083,0.000484645
hover,0,-0.000058569,-0.000049394
hover,0,0.000489881,0.000476040
hover,0,0.000051178,0.000063829
hover,0,0.000371893,0.000361502
hover,0,-0.000007550,-0.000001550
hover,0,0.000481580,0.000471048
hover,0,-0.000028855,-0.000017487
hover,0,0.000462450,0.000449844
hover,0,-0.000006626,0.000005420
hover,0,0.000442845,0.000430360
hover,0,-0.000003620,0.000007503
hover,0,0.000445948,0.000433575
hover,0,-0.000009332,0.000001606
hover,0,0.000454254,0.000442330
hover,0,-0.000013367,-0.000001963
hover,0,0.000453525,0.000441302
hover,0,-0.000006605,0.000005256
hover,0,0.000446861,0.000434294
hover,0,-0.000017013,-0.000010930
hover,0,0.000457635,0.000448689
hover,0,-0.000003242,0.000004042
hover,0,0.000472522,0.000466548
hover,0,-0.000062509,-0.000058781
hover,0,0.000625270,0.000624824
hover,0,-0.000062796,-0.000057772
hover,0,0.000202127,0.000202235
hover,0,0.000314313,0.000311185
hover,0,0.000068281,0.000072848
hover,0,0.000362728,0.000349496
hover,0,0.000330488,0.000338256
hover,0,-0.000174359,-0.000177499
hover,0,0.000599398,0.000599414
hover,0,-0.000074858,-0.000063144
hover,0,0.000607429,0.000589877
hover,0,-0.000014271,-0.000004210
hover,0,0.000142061,0.000142802
hover,0,0.000555574,0.000561163
hover,0,-0.000089062,-0.000091892
hover,0,0.000507623,0.000507005
hover,0,-0.000034439,-0.000034105
hover,0,0.000236441,0.000234645
hover,0,0.000225843,0.000223644
hover,0,0.000235702,0.000236932
hover,0,0.000148334,0.000148539
hover,0,0.000393625,0.000390574
hover,0,-0.000120854,-0.000119384
hover,0,0.000601876,0.000593644
hover,0,-0.000085945,-0.000077594
hover,0,0.000716959,0.000707157
hover,0,0.000088713,0.000096709
hover,0,-0.000235198,-0.000230271
hover,0,0.000294430,0.000291646
hover,0,0.000452720,0.000453129
hover,0,0.000542235,0.000550620
hover,0,0.000074340,0.000069898
hover,0,0.000280988,0.000279285
hover,0,-0.000072313,-0.000075005
hover,0,0.000526239,0.000525709
hover,0,-0.000039799,-0.000036974
hover,0,0.000369783,0.000368904
hover,0,0.000009597,0.000007663
hover,0,0.000533121,0.000531867
hover,0,-0.000102553,-0.000098284
hover,0,0.000535978,0.000532318
hover,0,-0.000076858,-0.000073157
hover,0,0.000460630,0.000462193
hover,0,-0.000028740,-0.000026681
hover,0,0.000485369,0.000479031
hover,0,-0.000063207,-0.000060007
hover,0,0.000507235,0.000500225
hover,0,-0.000085821,-0.000078976
hover,0,0.000564107,0.000554584
hover,0,-0.000077829,-0.000068694
hover,0,0.000561678,0.000565313
hover,0,0.000118353,0.000118390
hover,0,0.000002175,0.000029754
hover,0,0.000633076,0.000623990
hover,0,-0.000115434,-0.000107415
hover,0,-0.000048031,-0.000064723
hover,0,0.000478478,0.000458613
hover,0,0.000470344,0.000479911
hover,0,0.000020372,0.000014588
hover,0,0.000207746,0.000213146
hover,0,0.000009663,0.000007637
hover,0,0.000524670,0.000517163
hover,0,-0.000135423,-0.000125092
hover,0,0.000518175,0.000499509
hover,0,0.000124634,0.000139803
hover,0,0.000233458,0.000227790
hover,1,0.000416944,0.000410732
hover,1,0.000470256,0.000419870
hover,1,0.000429006,0.000424165
hover,1,0.000427050,0.000424476
hover,1,0.000424360,0.000424664
hover,1,0.000421830,0.000424592
hover,1,0.000400145,0.000424316
hover,1,0.000425452,0.000422245
hover,1,0.000426546,0.000422517
hover,1,0.000429889,0.000422765
hover,1,0.000440042,0.000423281
hover,1,0.000424671,0.000424564
hover,1,0.000433561,0.000424430
hover,1,0.000433446,0.000425139
hover,1,0.000442436,0.000425719
hover,1,0.000423674,0.000426982
hover,1,0.000439009,0.000426600
hover,1,0.000437874,0.000427565
hover,1,0.000435605,0.000428313
hover,1,0.000436993,0.000428809
hover,1,0.000437914,0.000429390
hover,1,0.000438888,0.000429999
hover,1,0.000439596,0.000430636
hover,1,0.000440287,0.000431281
hover,1,0.000440784,0.000431925
hover,1,0.000441069,0.000432564
hover,1,0.000441589,0.000433162
hover,1,0.000444387,0.000433765
hover,1,0.000459927,0.000434544
hover,1,0.000426369,0.000436546
hover,1,0.000444730,0.000435550
hover,1,0.000445074,0.000436265
hover,1,0.000436504,0.000436911
hover,1,0.000449598,0.000436768
hover,1,0.000452090,0.000437766
hover,1,0.000437063,0.000438847
hover,1,0.000453416,0.000438571
hover,1,0.000450123,0.000439742
hover,1,0.000444588,0.000440483
hover,1,0.000465943,0.000440722
hover,1,0.000442260,0.000442745
hover,1,0.000450096,0.000442542
hover,1,0.000441048,0.000443099
hover,1,0.000447052,0.000442844
hover,1,0.000457371,0.000443120
hover,1,0.000455990,0.000444220
hover,1,0.000453201,0.000445097
hover,1,0.000449513,0.000445654
hover,1,0.000462800,0.000445880
hover,1,0.000438794,0.000447193
hover,1,0.000454667,0.000446377
hover,1,0.000461897,0.000447021
hover,1,0.000456682,0.000448172
hover,1,0.000456286,0.000448761
hover,1,0.000464514,0.000449286
hover,1,0.000451639,0.000450466
hover,1,0.000459256,0.000450440
hover,1,0.000460258,0.000451097
hover,1,0.000460588,0.000451767
hover,1,0.000460492,0.000452403
hover,1,0.000460616,0.000452978
hover,1,0.000460847,0.000453521
hover,1,0.000461295,0.000454039
hover,1,0.000461759,0.000454551
hover,1,0.000462113,0.000455061
hover,1,0.000461852,0.000455556
hover,1,0.000477289,0.000455989
hover,1,0.000464832,0.000457700
hover,1,0.000464661,0.000458133
hover,1,0.000464487,0.000458589
hover,1,0.000464344,0.000458993
hover,1,0.000451828,0.000459353
hover,1,0.000466759,0.000458624
hover,1,0.000466862,0.000459280
hover,1,0.000467921,0.000459822
hover,1,0.000468963,0.000460408
hover,1,0.000470118,0.000461023
hover,1,0.000468793,0.000461689
hover,1,0.000471548,0.000462189
hover,1,0.000467769,0.000462874
hover,1,0.000470232,0.000463182
hover,1,0.000471510,0.000463694
hover,1,0.000467580,0.000464260
hover,1,0.000475690,0.000464440
hover,1,0.000476508,0.000465309
hover,1,0.000473839,0.000466141
hover,1,0.000474260,0.000466678
hover,1,0.000474506,0.000467218
hover,1,0.000474914,0.000467740
hover,1,0.000478764,0.000468252
hover,1,0.000471267,0.000469042
hover,1,0.000479948,0.000469116
hover,1,0.000483486,0.000469964
hover,1,0.000470719,0.000470995
hover,1,0.000482481,0.000470847
hover,1,0.000474292,0.000471639
hover,1,0.000480538,0.000471346
hover,1,0.000480484,0.000471490
hover,1,0.000480623,0.000471584
hover,1,0.000483354,0.000471677
hover,1,0.000482485,0.000471999
hover,1,0.000481159,0.000472221
hover,1,0.000490334,0.000472317
hover,1,0.000461257,0.000446347
hover,1,0.000224465,0.000196686
hover,1,0.000067771,0.000058750
hover,1,0.000149796,0.000125373
hover,1,0.000121248,0.000094048
hover,1,-0.000009863,0.000013186
hover,1,0.000135526,0.000099709
hover,1,-0.000001379,0.000014119
hover,1,0.000040994,0.000026175
hover,1,-0.000017969,0.000016921
hover,1,0.000049308,0.000031699
hover,1,0.000010657,0.000017482
hover,1,0.000057383,0.000059931
hover,1,0.000033373,0.000018041
hover,1,-0.000018927,0.000002655
hover,1,0.000059444,0.000039947
hover,1,0.000017543,0.000021583
hover,1,0.000013476,0.000029530
hover,1,0.000057397,0.000039302
hover,1,0.000052940,0.000044985
hover,1,-0.000038597,-0.000011804
hover,1,0.000122136,0.000090644
hover,1,-0.000090049,-0.000068860
hover,1,0.000109386,0.000091704
hover,1,-0.000062396,-0.000060244
hover,1,0.000082019,0.000089500
hover,1,-0.000074419,-0.000054436
hover,1,0.000092357,0.000083119
hover,1,-0.000076894,-0.000060912
hover,1,0.000085560,0.000084642
hover,1,-0.000078395,-0.000064958
hover,1,0.000102414,0.000081405
hover,1,-0.000072442,-0.000065222
hover,1,0.000078217,0.000081500
hover,1,-0.000060408,-0.000063801
hover,1,0.000120255,0.000081202
hover,1,-0.000107605,-0.000054516
hover,1,0.000096106,0.000079472
hover,1,-0.000082324,-0.000062661
hover,1,0.000095720,0.000079000
hover,1,-0.000077973,-0.000065122
hover,1,0.000084467,0.000077838
hover,1,-0.000094731,-0.000064349
hover,1,0.000110538,0.000069987
hover,1,-0.000078414,-0.000060739
hover,1,0.000087201,0.000073656
hover,1,-0.000559709,-0.000059625
hover,1,0.000083878,0.000035668
hover,1,-0.000045533,-0.000043180
hover,1,0.000043750,0.000037532
hover,1,-0.000051460,-0.000047930
hover,1,0.000089380,0.000065161
hover,1,-0.000060357,-0.000040689
hover,1,0.000102434,0.000069683
hover,1,-0.000007978,0.000003237
hover,1,0.000104827,0.000085531
hover,1,0.000045531,0.000047553
hover,1,-0.000016310,-0.000011709
hover,1,0.000016696,0.000006778
hover,1,0.000000155,0.000009367
hover,1,0.000003720,-0.000000630
hover,1,0.000079050,0.000068735
hover,1,-0.000013733,-0.000006832
hover,1,0.000084895,0.000070967
hover,1,-0.000001966,0.000004141
hover,1,0.000046831,0.000037769
hover,1,0.000022655,0.000022544
hover,1,0.000000514,0.000002287
hover,1,0.000013593,0.000019124
hover,1,0.000036704,0.000032695
hover,1,0.000085570,0.000067357
hover,1,0.000004378,0.000013709
hover,1,0.000075166,0.000062006
hover,1,0.000001431,0.000008885
hover,1,0.000125546,0.000104062
hover,1,-0.000049671,-0.000030845
hover,1,0.000116851,0.000096245
hover,1,-0.000012396,-0.000001935
hover,1,0.000175720,0.000148859
hover,1,-0.000029295,-0.000014208
hover,1,0.000044805,0.000044219
hover,1,0.000118376,0.000100795
hover,1,-0.000051558,-0.000031596
hover,1,0.000157848,0.000134453
hover,1,-0.000057099,-0.000037221
hover,1,0.000071657,0.000066627
hover,1,0.000027115,0.000028880
hover,1,0.000036772,0.000035567
hover,1,0.000051344,0.000049258
hover,1,0.000033123,0.000032859
hover,1,0.000005415,0.000011796
hover,1,0.000050964,0.000046667
hover,1,-0.000021748,-0.000007527
hover,1,0.000129088,0.000110079
hover,1,0.000005432,0.000013566
hover,1,0.000048550,0.000046626
hover,1,0.000067472,0.000059055
hover,1,-0.000012415,-0.000000179
hover,1,0.000097408,0.000086168
hover,1,-0.000038486,-0.000024328
hover,1,0.000030784,0.000032686
hover,1,0.000120804,0.000102758
hover,1,-0.000082014,-0.000055913
hover,1,0.000152830,0.000127751
hover,1,-0.000052256,-0.000031190
hover,1,0.000055961,0.000047695
hover,1,0.000036383,0.000037026
hover,1,-0.000004873,0.000002198
hover,1,0.000070700,0.000063660
hover,1,-0.000053402,-0.000037165
hover,1,0.000035187,0.000032853
hover,1,0.000013519,0.000016186
hover,1,0.000037522,0.000035379
hover,1,-0.000013263,-0.000005104
hover,1,0.000039805,0.000036014
hover,1,-0.000016030,-0.000007277
hover,1,0.000037138,0.000033254
hover,1,-0.000011835,-0.000004167
hover,1,0.000036144,0.000032030
hover,1,-0.000013620,-0.000004448
hover,1,0.000036372,0.000030328
hover,1,-0.000016179,-0.000006510
hover,1,0.000035705,0.000029318
hover,1,-0.000018457,-0.000008527
hover,1,0.000035925,0.000029096
hover,1,-0.000020571,-0.000011571
hover,1,0.000024198,0.000020523
hover,1,-0.000003831,0.000001973
hover,1,0.000017834,0.000017771
hover,1,0.000037203,0.000031669
hover,1,-0.000007571,-0.000000525
hover,1,0.000117160,0.000095079
hover,1,-0.000097908,-0.000075115
hover,1,0.000026882,0.000027129
hover,1,-0.000005676,-0.000004711
hover,1,0.000043220,0.000037849
hover,1,-0.000036644,-0.000027306
hover,1,0.000104372,0.000085412
hover,1,-0.000027709,-0.000014050
hover,1,-0.000001629,-0.000001106
hover,1,0.000022925,0.000022639
hover,1,0.000021149,0.000019383
hover,1,0.000002278,0.000003213
hover,1,-0.000041451,-0.000027951
hover,1,0.000142591,0.000113023
hover,1,-0.000086944,-0.000063360
hover,1,0.000129480,0.000104869
hover,1,-0.000120830,-0.000091730
hover,1,-0.000001309,0.000000266
hover,1,0.000006736,0.000007616
hover,1,0.000001554,0.000002883
hover,1,0.000023888,0.000019835
hover,1,0.000031942,0.000025699
hover,1,0.000017455,0.000015739
hover,1,-0.000034435,-0.000023780
hover,1,0.000006394,0.000007166
hover,1,0.000139488,0.000115415
hover,1,-0.000038414,-0.000028344
hover,1,-0.000007934,-0.000003736
hover,1,-0.000006780,-0.000002190
hover,1,-0.000032572,-0.000023879
hover,1,0.000151178,0.000123231
hover,1,-0.000107407,-0.000079798
hover,1,0.000133336,0.000105299
hover,1,-0.000069922,-0.000049908
hover,1,0.000093294,0.000076333
hover,1,-0.000081235,-0.000059821
hover,1,0.000058224,0.000047972
hover,1,-0.000001887,0.000000330
hover,1,0.000036034,0.000033010
hover,1,-0.000036165,-0.000026947
hover,1,0.000053903,0.000045098
hover,1,-0.000045180,-0.000032289
hover,1,0.000033965,0.000026127
hover,1,-0.000004722,-0.000000246
hover,1,0.000023351,0.000019917
hover,1,-0.000016587,-0.000010595
hover,1,0.000015960,0.000014005
hover,1,-0.000001723,0.000000445
hover,1,0.000023238,0.000019975
hover,1,-0.000039064,-0.000030071
hover,1,0.000130607,0.000108285
hover,1,-0.000075710,-0.000065470
hover,1,0.000017548,0.000035007
hover,1,0.000086993,0.000054909
hover,1,-0.000119544,-0.000076838
hover,1,0.000154970,0.000111701
hover,1,-0.000130070,-0.000102608
hover,1,0.000139834,0.000116976
hover,1,-0.000128963,-0.000106055
hover,1,0.000029115,0.000026381
hover,1,0.000026060,0.000023572
hover,1,-0.000040653,-0.000020262
hover,1,0.000068591,0.000045065
hover,1,-0.000113997,-0.000077935
hover,1,-0.000001708,-0.000004718
hover,2,0.000273769,0.000282459
hover,2,0.000266629,0.000282809
hover,2,0.000272520,0.000282064
hover,2,0.000272785,0.000281461
hover,2,0.000273328,0.000280835
hover,2,0.000273938,0.000280261
hover,2,0.000277622,0.000279680
hover,2,0.000273666,0.000279382
hover,2,0.000273325,0.000278898
hover,2,0.000272407,0.000278369
hover,2,0.000269882,0.000277810
hover,2,0.000272146,0.000277102
hover,2,0.000271108,0.000276588
hover,2,0.000270409,0.000276089
hover,2,0.000267900,0.000275522
hover,2,0.000271462,0.000274822
hover,2,0.000269166,0.000274457
hover,2,0.000268380,0.000273958
hover,2,0.000268513,0.000273392
hover,2,0.000267924,0.000272907
hover,2,0.000267490,0.000272408
hover,2,0.000267088,0.000271931
hover,2,0.000266699,0.000271447
hover,2,0.000266233,0.000270963
hover,2,0.000265827,0.000270501
hover,2,0.000265508,0.000270031
hover,2,0.000265149,0.000269555
hover,2,0.000264380,0.000269115
hover,2,0.000261345,0.000268638
hover,2,0.000266114,0.000267975
hover,2,0.000262423,0.000267684
hover,2,0.000263567,0.000267163
hover,2,0.000263561,0.000266805
hover,2,0.000261807,0.000266403
hover,2,0.000262219,0.000265941
hover,2,0.000260554,0.000265561
hover,2,0.000260189,0.000264987
hover,2,0.000259894,0.000264540
hover,2,0.000260924,0.000264056
hover,2,0.000258436,0.000263706
hover,2,0.000259624,0.000263192
hover,2,0.000258542,0.000262789
hover,2,0.000259235,0.000262335
hover,2,0.000258266,0.000261955
hover,2,0.000256071,0.000261538
hover,2,0.000257679,0.000261009
hover,2,0.000256550,0.000260644
hover,2,0.000256971,0.000260189
hover,2,0.000254053,0.000259824
hover,2,0.000256509,0.000259236
hover,2,0.000254400,0.000258915
hover,2,0.000254359,0.000258438
hover,2,0.000254920,0.000258006
hover,2,0.000253196,0.000257634
hover,2,0.000253870,0.000257187
hover,2,0.000251902,0.000256799
hover,2,0.000251825,0.000256263
hover,2,0.000251738,0.000255808
hover,2,0.000251393,0.000255346
hover,2,0.000250964,0.000254937
hover,2,0.000250488,0.000254497
hover,2,0.000249986,0.000254020
hover,2,0.000249547,0.000253610
hover,2,0.000249052,0.000253141
hover,2,0.000248589,0.000252709
hover,2,0.000248086,0.000252284
hover,2,0.000252244,0.000251807
hover,2,0.000246539,0.000251748
hover,2,0.000245969,0.000251159
hover,2,0.000245406,0.000250623
hover,2,0.000244789,0.000250079
hover,2,0.000239702,0.000249535
hover,2,0.000244346,0.000248581
hover,2,0.000244200,0.000248156
hover,2,0.000243481,0.000247724
hover,2,0.000243217,0.000247233
hover,2,0.000242930,0.000246778
hover,2,0.000242618,0.000246353
hover,2,0.000241674,0.000245929
hover,2,0.000239700,0.000245459
hover,2,0.000240848,0.000244871
hover,2,0.000239902,0.000244439
hover,2,0.000239032,0.000243917
hover,2,0.000240023,0.000243418
hover,2,0.000239223,0.000243016
hover,2,0.000238332,0.000242561
hover,2,0.000237661,0.000242099
hover,2,0.000236961,0.000241607
hover,2,0.000236595,0.000241131
hover,2,0.000237136,0.000240617
hover,2,0.000233204,0.000240207
hover,2,0.000236496,0.000239514
hover,2,0.000237215,0.000239164
hover,2,0.000231010,0.000238858
hover,2,0.000234882,0.000238098
hover,2,0.000231413,0.000237487
hover,2,0.000232332,0.000236280
hover,2,0.000231587,0.000235043
hover,2,0.000230803,0.000233978
hover,2,0.000231167,0.000233084
hover,2,0.000228984,0.000232331
hover,2,0.000227652,0.000231549
hover,2,0.000232939,0.000230901
hover,2,0.000233493,0.000224732
hover,2,0.000324122,0.000237271
hover,2,0.000364373,0.000273235
hover,2,0.000360646,0.000285417
hover,2,0.000334691,0.000241540
hover,2,0.000350217,0.000318766
hover,2,0.000326578,0.000288226
hover,2,0.000344842,0.000304364
hover,2,0.000304863,0.000319213
hover,2,0.000320104,0.000315666
hover,2,0.000326635,0.000308849
hover,2,0.000303790,0.000327729
hover,2,0.000312842,0.000315391
hover,2,0.000337939,0.000302233
hover,2,0.000318778,0.000335149
hover,2,0.000325751,0.000304334
hover,2,0.000315594,0.000319935
hover,2,0.000303488,0.000332877
hover,2,0.000333382,0.000315160
hover,2,0.000304264,0.000296429
hover,2,0.000341240,0.000354998
hover,2,0.000290013,0.000273801
hover,2,0.000350647,0.000361562
hover,2,0.000289171,0.000280499
hover,2,0.000348601,0.000357687
hover,2,0.000294073,0.000282355
hover,2,0.000350102,0.000359438
hover,2,0.000291824,0.000279970
hover,2,0.000341200,0.000361331
hover,2,0.000283977,0.000278354
hover,2,0.000352818,0.000361808
hover,2,0.000288857,0.000277661
hover,2,0.000358574,0.000362366
hover,2,0.000284568,0.000278570
hover,2,0.000354783,0.000362828
hover,2,0.000285350,0.000277959
hover,2,0.000349880,0.000362091
hover,2,0.000289484,0.000278279
hover,2,0.000344933,0.000362568
hover,2,0.000290848,0.000277489
hover,2,0.000350767,0.000362352
hover,2,0.000284584,0.000278108
hover,2,0.000349014,0.000361778
hover,2,0.000294729,0.000279121
hover,2,0.000355512,0.000361152
hover,2,0.000282499,0.000280373
hover,2,-0.006952367,0.000359297
hover,2,-0.000267031,-0.000276648
hover,2,-0.000209291,-0.000191160
hover,2,-0.000256645,-0.000275180
hover,2,-0.000208286,-0.000196770
hover,2,-0.000262626,-0.000276417
hover,2,-0.000199054,-0.000192218
hover,2,-0.000275500,-0.000280492
hover,2,-0.000183932,-0.000204310
hover,2,-0.000252591,-0.000258513
hover,2,-0.000218184,-0.000226513
hover,2,-0.000241016,-0.000250839
hover,2,-0.000218362,-0.000199400
hover,2,-0.000239215,-0.000260837
hover,2,-0.000214203,-0.000203378
hover,2,-0.000266561,-0.000270955
hover,2,-0.000186293,-0.000192411
hover,2,-0.000268433,-0.000275292
hover,2,-0.000185623,-0.000187434
hover,2,-0.000272337,-0.000275560
hover,2,-0.000186748,-0.000181042
hover,2,-0.000262201,-0.000272512
hover,2,-0.000215867,-0.000204511
hover,2,-0.000228499,-0.000232756
hover,2,-0.000264484,-0.000263311
hover,2,-0.000181252,-0.000193253
hover,2,-0.000262235,-0.000264697
hover,2,-0.000191803,-0.000192314
hover,2,-0.000271218,-0.000272982
hover,2,-0.000178792,-0.000185512
hover,2,-0.000271674,-0.000271358
hover,2,-0.000191514,-0.000189044
hover,2,-0.000264952,-0.000265412
hover,2,-0.000200636,-0.000209048
hover,2,-0.000216388,-0.000215635
hover,2,-0.000265267,-0.000266947
hover,2,-0.000175943,-0.000178270
hover,2,-0.000270652,-0.000271700
hover,2,-0.000169693,-0.000193611
hover,2,-0.000243798,-0.000239097
hover,2,-0.000224066,-0.000212222
hover,2,-0.000241631,-0.000238746
hover,2,-0.000211552,-0.000199094
hover,2,-0.000257054,-0.000268884
hover,2,-0.000181686,-0.000171408
hover,2,-0.000266251,-0.000278972
hover,2,-0.000167978,-0.000169739
hover,2,-0.000272630,-0.000281952
hover,2,-0.000196152,-0.000194892
hover,2,-0.000218775,-0.000213027
hover,2,-0.000259635,-0.000260249
hover,2,-0.000164391,-0.000160731
hover,2,-0.000275547,-0.000287384
hover,2,-0.000199286,-0.000196315
hover,2,-0.000199092,-0.000196218
hover,2,-0.000271560,-0.000276007
hover,2,-0.000168229,-0.000179902
hover,2,-0.000246773,-0.000236750
hover,2,-0.000204553,-0.000219047
hover,2,-0.000245847,-0.000237837
hover,2,-0.000200116,-0.000182815
hover,2,-0.000245403,-0.000259489
hover,2,-0.000205949,-0.000182942
hover,2,-0.000227942,-0.000249676
hover,2,-0.000206189,-0.000190459
hover,2,-0.000244453,-0.000253841
hover,2,-0.000202170,-0.000183500
hover,2,-0.000239559,-0.000260212
hover,2,-0.000199320,-0.000180446
hover,2,-0.000240924,-0.000259675
hover,2,-0.000200238,-0.000181332
hover,2,-0.000241349,-0.000258893
hover,2,-0.000200535,-0.000181690
hover,2,-0.000239634,-0.000259325
hover,2,-0.000201390,-0.000180818
hover,2,-0.000239881,-0.000259943
hover,2,-0.000200896,-0.000180244
hover,2,-0.000239738,-0.000259683
hover,2,-0.000201184,-0.000180870
hover,2,-0.000243945,-0.000255764
hover,2,-0.000198019,-0.000182852
hover,2,-0.000245373,-0.000258274
hover,2,-0.000189104,-0.000181697
hover,2,-0.000254560,-0.000260115
hover,2,-0.000177791,-0.000177279
hover,2,-0.000272388,-0.000277027
hover,2,-0.000182879,-0.000183739
hover,2,-0.000224726,-0.000221930
hover,2,-0.000224485,-0.000229821
hover,2,-0.000217455,-0.000201091
hover,2,-0.000218458,-0.000227220
hover,2,-0.000255506,-0.000250876
hover,2,-0.000165369,-0.000168875
hover,2,-0.000255225,-0.000270016
hover,2,-0.000186231,-0.000163719
hover,2,-0.000262866,-0.000277251
hover,2,-0.000188576,-0.000187710
hover,2,-0.000206493,-0.000214659
hover,2,-0.000261396,-0.000257373
hover,2,-0.000172202,-0.000171758
hover,2,-0.000268168,-0.000268683
hover,2,-0.000183280,-0.000181004
hover,2,-0.000223203,-0.000220232
hover,2,-0.000216637,-0.000218742
hover,2,-0.000222939,-0.000223577
hover,2,-0.000210070,-0.000205643
hover,2,-0.000253044,-0.000255503
hover,2,-0.000182093,-0.000170618
hover,2,-0.000251889,-0.000264093
hover,2,-0.000171588,-0.000157364
hover,2,-0.000282082,-0.000294141
hover,2,-0.000216034,-0.000223882
hover,2,-0.000185096,-0.000180990
hover,2,-0.000206479,-0.000207253
hover,2,-0.000209637,-0.000214770
hover,2,-0.000250237,-0.000251681
hover,2,-0.000192893,-0.000190683
hover,2,-0.000261574,-0.000257611
hover,2,-0.000167034,-0.000166662
hover,2,-0.000263329,-0.000267982
hover,2,-0.000174518,-0.000173226
hover,2,-0.000252856,-0.000252046
hover,2,-0.000182974,-0.000179879
hover,2,-0.000255161,-0.000263065
hover,2,-0.000177316,-0.000170559
hover,2,-0.000258934,-0.000266291
hover,2,-0.000172807,-0.000173762
hover,2,-0.000253310,-0.000256576
hover,2,-0.000183775,-0.000174649
hover,2,-0.000253461,-0.000258394
hover,2,-0.000184523,-0.000174530
hover,2,-0.000253293,-0.000263512
hover,2,-0.000179827,-0.000166170
hover,2,-0.000259108,-0.000272676
hover,2,-0.000171683,-0.000157557
hover,2,-0.000255541,-0.000278383
hover,2,-0.000157693,-0.000195742
hover,2,-0.000212518,-0.000197127
hover,2,-0.000281969,-0.000273101
hover,2,-0.000185361,-0.000182495
hover,2,-0.000227043,-0.000199839
hover,2,-0.000204120,-0.000196330
hover,2,-0.000247602,-0.000264347
hover,2,-0.000202232,-0.000182755
hover,2,-0.000232532,-0.000234835
hover,2,-0.000190224,-0.000191621
hover,2,-0.000240222,-0.000258230
hover,2,-0.000194363,-0.000172116
hover,2,-0.000225780,-0.000246577
hover,2,-0.000202499,-0.000191078
hover,3,-0.000399813,-0.000403881
hover,3,-0.000195616,-0.000411272
hover,3,-0.000404973,-0.000394821
hover,3,-0.000415167,-0.000395298
hover,3,-0.000426877,-0.000396490
hover,3,-0.000438325,-0.000399351
hover,3,-0.000554197,-0.000402451
hover,3,-0.000428314,-0.000414133
hover,3,-0.000426417,-0.000415564
hover,3,-0.000412764,-0.000416517
hover,3,-0.000365495,-0.000416279
hover,3,-0.000452412,-0.000411272
hover,3,-0.000390389,-0.000414610
hover,3,-0.000403251,-0.000412703
hover,3,-0.000369428,-0.000411510
hover,3,-0.000459740,-0.000408411
hover,3,-0.000378421,-0.000412464
hover,3,-0.000388569,-0.000409126
hover,3,-0.000403550,-0.000407696
hover,3,-0.000398961,-0.000407457
hover,3,-0.000396371,-0.000407219
hover,3,-0.000393381,-0.000406027
hover,3,-0.000391977,-0.000404596
hover,3,-0.000390789,-0.000403404
hover,3,-0.000389753,-0.000401974
hover,3,-0.000390095,-0.000401020
hover,3,-0.000389435,-0.000400305
hover,3,-0.000378084,-0.000399351
hover,3,-0.000300319,-0.000397682
hover,3,-0.000474131,-0.000390053
hover,3,-0.000383522,-0.000396252
hover,3,-0.000380633,-0.000395060
hover,3,-0.000433606,-0.000393629
hover,3,-0.000363542,-0.000397205
hover,3,-0.000359730,-0.000393867
hover,3,-0.000426876,-0.000391245
hover,3,-0.000345058,-0.000393867
hover,3,-0.000369175,-0.000390291
hover,3,-0.000401695,-0.000388384
hover,3,-0.000278381,-0.000389099
hover,3,-0.000416743,-0.000380754
hover,3,-0.000383009,-0.000382662
hover,3,-0.000425758,-0.000382662
hover,3,-0.000401922,-0.000386238
hover,3,-0.000348739,-0.000387907
hover,3,-0.000349321,-0.000383854
hover,3,-0.000370875,-0.000381470
hover,3,-0.000391786,-0.000380516
hover,3,-0.000328245,-0.000381231
hover,3,-0.000461299,-0.000376701
hover,3,-0.000377290,-0.000383615
hover,3,-0.000329812,-0.000382662
hover,3,-0.000363821,-0.000378609
hover,3,-0.000371034,-0.000377178
hover,3,-0.000323360,-0.000376701
hover,3,-0.000398749,-0.000372171
hover,3,-0.000362962,-0.000374079
hover,3,-0.000356558,-0.000372887
hover,3,-0.000357157,-0.000371695
hover,3,-0.000360390,-0.000370741
hover,3,-0.000362001,-0.000369787
hover,3,-0.000363605,-0.000369549
hover,3,-0.000362766,-0.000368357
hover,3,-0.000362555,-0.000367880
hover,3,-0.000363295,-0.000367641
hover,3,-0.000367465,-0.000366926
hover,3,-0.000267117,-0.000366926
hover,3,-0.000352272,-0.000358343
hover,3,-0.000354847,-0.000357389
hover,3,-0.000358566,-0.000356913
hover,3,-0.000362676,-0.000356913
hover,3,-0.000452751,-0.000357389
hover,3,-0.000356881,-0.000364780
hover,3,-0.000355826,-0.000364304
hover,3,-0.000350331,-0.000364065
hover,3,-0.000352111,-0.000363111
hover,3,-0.000343969,-0.000362158
hover,3,-0.000350730,-0.000360489
hover,3,-0.000344672,-0.000360012
hover,3,-0.000370358,-0.000357628
hover,3,-0.000358174,-0.000359297
hover,3,-0.000345661,-0.000359297
hover,3,-0.000379639,-0.000357151
hover,3,-0.000326358,-0.000359774
hover,3,-0.000321245,-0.000356674
hover,3,-0.000343249,-0.000353336
hover,3,-0.000344410,-0.000352383
hover,3,-0.000345302,-0.000352144
hover,3,-0.000343200,-0.000351906
hover,3,-0.000322987,-0.000351191
hover,3,-0.000382102,-0.000347614
hover,3,-0.000319084,-0.000351667
hover,3,-0.000292337,-0.000347614
hover,3,-0.000393585,-0.000344038
hover,3,-0.000303315,-0.000346661
hover,3,-0.000373768,-0.000343084
hover,3,-0.000322413,-0.000343561
hover,3,-0.000315591,-0.000339270
hover,3,-0.000309921,-0.000333786
hover,3,-0.000289192,-0.000330210
hover,3,-0.000285938,-0.000323534
hover,3,-0.000290712,-0.000317335
hover,3,-0.000209402,-0.000312805
hover,3,-0.000172865,-0.000257254
hover,3,0.000176705,-0.000040531
hover,3,0.000076131,-0.000000954
hover,3,0.000195663,0.000015974
hover,3,0.000227745,0.000025034
hover,3,-0.000114844,0.000058889
hover,3,0.000326114,0.000032187
hover,3,-0.000077235,0.000056267
hover,3,0.000170286,0.000040770
hover,3,-0.000251910,0.000054359
hover,3,0.000209340,0.000025988
hover,3,-0.000031950,0.000041485
hover,3,-0.000014246,0.000034571
hover,3,0.000173361,0.000032902
hover,3,-0.000145397,0.000042915
hover,3,0.000225045,0.000027657
hover,3,0.000007414,0.000042439
hover,3,-0.000130019,0.000036955
hover,3,0.000178689,0.000029087
hover,3,0.000111182,0.000041723
hover,3,-0.000193305,0.000044823
hover,3,0.000324392,0.000024319
hover,3,-0.000140038,0.000046730
hover,3,0.000169122,0.000037193
hover,3,0.000005957,0.000039816
hover,3,0.000034015,0.000045538
hover,3,-0.000165988,0.000036478
hover,3,0.000115086,0.000027180
hover,3,-0.000098864,0.000030279
hover,3,0.000015154,0.000022411
hover,3,-0.000089438,0.000019073
hover,3,0.000206957,0.000012875
hover,3,-0.000036787,0.000025988
hover,3,0.000012339,0.000022888
hover,3,0.000028235,0.000021219
hover,3,0.000337297,0.000021458
hover,3,-0.000390873,0.000046968
hover,3,0.000143462,0.000011206
hover,3,-0.000148143,0.000024080
hover,3,0.000158994,0.000007153
hover,3,-0.000088751,0.000023365
hover,3,0.000076742,0.000010490
hover,3,-0.000245346,0.000020027
hover,3,0.000335096,-0.000007153
hover,3,-0.000109345,0.000027657
hover,3,0.000109298,0.000007629
hover,3,-0.000870295,0.000026464
hover,3,0.000332296,-0.000058174
hover,3,-0.000035845,-0.000025034
hover,3,0.000014026,-0.000031471
hover,3,-0.000040276,-0.000019073
hover,3,0.000170453,-0.000023127
hover,3,-0.000165585,-0.000013113
hover,3,0.000254873,-0.000012159
hover,3,-0.000081006,0.000003576
hover,3,0.000129514,-0.000008345
hover,3,-0.000003012,-0.000002146
hover,3,-0.000044602,0.000005007
hover,3,0.000086322,0.000000954
hover,3,-0.000065819,0.000006914
hover,3,0.000036337,0.000001431
hover,3,0.000084777,-0.000003815
hover,3,-0.000029275,0.000018358
hover,3,0.000091672,-0.000000477
hover,3,-0.000013959,0.000019789
hover,3,0.000065315,0.000007868
hover,3,0.000032160,0.000018835
hover,3,0.000002966,0.000023365
hover,3,-0.000016411,0.000017166
hover,3,0.000047868,0.000013590
hover,3,0.000147892,0.000010014
hover,3,-0.000029222,0.000035286
hover,3,0.000115534,0.000017643
hover,3,-0.000012234,0.000035048
hover,3,0.000186458,0.000018120
hover,3,-0.000094231,0.000051737
hover,3,0.000183761,0.000020981
hover,3,-0.000031365,0.000048161
hover,3,0.000262918,0.000029802
hover,3,-0.000076061,0.000061035
hover,3,0.000061056,0.000042200
hover,3,0.000171410,0.000036955
hover,3,-0.000083255,0.000067949
hover,3,0.000221512,0.000033140
hover,3,-0.000084716,0.000077486
hover,3,0.000083068,0.000039339
hover,3,0.000030905,0.000042200
hover,3,0.000053357,0.000046968
hover,3,0.000088237,0.000047445
hover,3,0.000029073,0.000049353
hover,3,0.000020331,0.000054836
hover,3,0.000066899,0.000044346
hover,3,-0.000050235,0.000056028
hover,3,0.000194776,0.000038385
hover,3,-0.000026114,0.000048161
hover,3,0.000080372,0.000046015
hover,3,0.000098712,0.000045061
hover,3,-0.000018574,0.000059843
hover,3,0.000126827,0.000042200
hover,3,-0.000069077,0.000056505
hover,3,0.000055537,0.000047684
hover,3,0.000179245,0.000041246
hover,3,-0.000155356,0.000060797
hover,3,0.000259470,0.000042677
hover,3,-0.000123312,0.000054121
hover,3,0.000105516,0.000043631
hover,3,0.000047866,0.000039339
hover,3,-0.000021038,0.000048876
hover,3,0.000120624,0.000037909
hover,3,-0.000095422,0.000056744
hover,3,0.000064019,0.000035286
hover,3,0.000008685,0.000039339
hover,3,0.000076969,0.000036001
hover,3,-0.000045757,0.000042200
hover,3,0.000076051,0.000031471
hover,3,-0.000043432,0.000039101
hover,3,0.000073294,0.000028849
hover,3,-0.000037446,0.000035763
hover,3,0.000072513,0.000026226
hover,3,-0.000054826,0.000033140
hover,3,0.000087394,0.000022888
hover,3,-0.000059646,0.000031710
hover,3,0.000087506,0.000021219
hover,3,-0.000062343,0.000029564
hover,3,0.000087011,0.000018835
hover,3,-0.000053694,0.000030279
hover,3,0.000060098,0.000018358
hover,3,-0.000030552,0.000025511
hover,3,0.000029579,0.000018835
hover,3,0.000052222,0.000017643
hover,3,-0.000015796,0.000024796
hover,3,0.000186470,0.000012398
hover,3,-0.000148590,0.000042200
hover,3,0.000017960,0.000012875
hover,3,0.000005507,0.000020027
hover,3,0.000062949,0.000011921
hover,3,-0.000042362,0.000028610
hover,3,0.000150008,0.000006437
hover,3,-0.000065308,0.000033140
hover,3,0.000000933,0.000017643
hover,3,0.000035101,0.000015020
hover,3,0.000024683,0.000019312
hover,3,0.000008403,0.000020504
hover,3,-0.000064398,0.000023842
hover,3,0.000236935,0.000008345
hover,3,-0.000148950,0.000033855
hover,3,0.000203664,0.000009060
hover,3,-0.000196942,0.000036478
hover,3,0.000000000,0.000010729
hover,3,0.000006140,0.000011444
hover,3,-0.000000186,0.000011206
hover,3,0.000044967,0.000008821
hover,3,0.000043224,0.000008106
hover,3,0.000042754,0.000016689
hover,3,-0.000067097,0.000020266
hover,3,0.000023052,0.000011206
hover,3,0.000185998,-0.000000477
hover,3,-0.000069442,0.000032663
hover,3,-0.000008480,0.000018358
hover,3,-0.000010232,0.000015259
hover,3,-0.000028908,0.000019789
hover,3,0.000224546,0.000011444
hover,3,-0.000186806,0.000029087
hover,3,0.000217411,0.000004530
hover,3,-0.000120370,0.000030994
hover,3,0.000140455,0.000011206
hover,3,-0.000130970,0.000032425
hover,3,0.000075994,0.000004768
hover,3,0.000012392,0.000020027
hover,3,0.000028823,0.000013351
hover,3,-0.000037029,0.000022173
hover,3,0.000069415,0.000010967
hover,3,-0.000067119,0.000021696
hover,3,0.000060499,0.000010729
hover,3,-0.000010330,0.000012398
hover,3,0.000026182,0.000010252
hover,3,-0.000016658,0.000015974
hover,3,0.000014749,0.000010729
hover,3,0.000010314,0.000012875
hover,3,0.000022381,0.000009060
hover,3,-0.000035043,0.000020742
hover,3,0.000178594,0.000009537
hover,3,-0.000026982,0.000054121
hover,3,-0.000129303,0.000001669
hover,3,0.000260658,0.000001431
hover,3,-0.000355884,0.000012636
hover,3,0.000353266,-0.000011683
hover,3,-0.000172375,0.000035048
hover,3,0.000174336,0.000005007
hover,3,-0.000145315,0.000029087
hover,3,0.000019302,0.000005722
hover,3,0.000045049,0.000006437
hover,3,-0.000178128,0.000013828
hover,3,0.000200406,-0.000007153
hover,3,-0.000276850,0.000026226
hover,3,0.000018172,-0.000009775
hover,4,0.000070383,0.000213688
hover,4,0.000191201,0.000209855
hover,4,0.000033028,0.000208159
hover,4,0.000023403,0.000194211
hover,4,0.000007096,0.000180562
hover,4,-0.000015644,0.000166706
hover,4,-0.000184738,0.000152156
hover,4,-0.000023732,0.000125335
hover,4,-0.000007863,0.000113360
hover,4,0.000028988,0.000103682
hover,4,0.000097013,0.000097718
hover,4,-0.000153578,0.000097643
hover,4,0.000035211,0.000077716
hover,4,0.000060416,0.000074243
hover,4,-0.000092704,0.000073125
hover,4,-0.000126049,0.000059994
hover,4,0.000110839,0.000045124
hover,4,-0.000050261,0.000050264
hover,4,-0.000031341,0.000042337
hover,4,-0.000033708,0.000036445
hover,4,-0.000045754,0.000030843
hover,4,-0.000044308,0.000024738
hover,4,-0.000033881,0.000019222
hover,4,-0.000032354,0.000014971
hover,4,-0.000038339,0.000011194
hover,4,-0.000038223,0.000007233
hover,4,-0.000032458,0.000003595
hover,4,-0.000013189,0.000000711
hover,4,0.000097674,-0.000000409
hover,4,-0.000147193,0.000007399
hover,4,-0.000154024,-0.000004917
hover,4,0.000043514,-0.000016770
hover,4,-0.000069073,-0.000012092
hover,4,-0.000040251,-0.000016617
hover,4,0.000173445,-0.000018488
hover,4,-0.000270053,-0.000003296
hover,4,-0.000072278,-0.000024381
hover,4,-0.000082853,-0.000028304
hover,4,-0.000030346,-0.000032680
hover,4,0.000078615,-0.000032561
hover,4,-0.000102579,-0.000023684
hover,4,-0.000006774,-0.000029980
hover,4,-0.000122162,-0.000028182
hover,4,-0.000054298,-0.000035667
hover,4,-0.000107038,-0.000037194
hover,4,0.000029945,-0.000042738
hover,4,-0.000055094,-0.000037028
hover,4,-0.000049661,-0.000038451
hover,4,-0.000063471,-0.000039387
hover,4,-0.000095272,-0.000041280
hover,4,-0.000090214,-0.000045680
hover,4,-0.000049000,-0.000049211
hover,4,-0.000022313,-0.000049214
hover,4,-0.000083258,-0.000047128
hover,4,0.000038837,-0.000050008
hover,4,-0.000119118,-0.000042979
hover,4,-0.000098882,-0.000049029
hover,4,-0.000063190,-0.000053031
hover,4,-0.000056358,-0.000053895
hover,4,-0.000059930,-0.000054125
hover,4,-0.000063585,-0.000054612
hover,4,-0.000066049,-0.000055359
hover,4,-0.000068131,-0.000056239
hover,4,-0.000069956,-0.000057218
hover,4,-0.000072263,-0.000058267
hover,4,-0.000077067,-0.000059411
hover,4,0.000252068,-0.000060858
hover,4,-0.000060234,-0.000036016
hover,4,-0.000064507,-0.000037858
hover,4,-0.000069435,-0.000040011
hover,4,-0.000074620,-0.000042402
hover,4,-0.000333949,-0.000045007
hover,4,-0.000080069,-0.000068028
hover,4,-0.000069377,-0.000069118
hover,4,-0.000070225,-0.000069181
hover,4,-0.000080463,-0.000069292
hover,4,-0.000061350,-0.000070210
hover,4,-0.000056176,-0.000069558
hover,4,-0.000073856,-0.000068519
hover,4,-0.000130275,-0.000068971
hover,4,-0.000058308,-0.000073889
hover,4,-0.000105762,-0.000072717
hover,4,-0.000094155,-0.000075356
hover,4,-0.000047124,-0.000076935
hover,4,-0.000070445,-0.000074573
hover,4,-0.000079105,-0.000074267
hover,4,-0.000079053,-0.000074707
hover,4,-0.000088751,-0.000075104
hover,4,-0.000091167,-0.000076218
hover,4,-0.000045326,-0.000077457
hover,4,-0.000142339,-0.000074944
hover,4,-0.000047455,-0.000080355
hover,4,-0.000038190,-0.000077781
hover,4,-0.000137519,-0.000074646
hover,4,-0.000078287,-0.000079738
hover,4,-0.000098882,-0.000082709
hover,4,-0.000092134,-0.000091556
hover,4,-0.000087745,-0.000100588
hover,4,-0.000098207,-0.000107802
hover,4,-0.000071248,-0.000114510
hover,4,-0.000128927,-0.000118119
hover,4,-0.000152504,-0.000125729
hover,4,-0.000046076,-0.000133901
hover,4,-0.000245959,-0.000337027
hover,4,-0.000140545,-0.001196673
hover,4,-0.000264454,-0.001186483
hover,4,-0.000277600,-0.001070637
hover,4,-0.000306162,-0.001282900
hover,4,-0.000306042,-0.000556739
hover,4,-0.000168486,-0.000547079
hover,4,0.000277072,-0.000487724
hover,4,-0.000434248,0.000074694
hover,4,-0.000201153,-0.000195940
hover,4,0.000195192,-0.000141563
hover,4,-0.000089331,0.000255630
hover,4,-0.000053113,-0.000022456
hover,4,-0.000089643,-0.000486778
hover,4,0.000022026,0.000190313
hover,4,-0.000014117,-0.000261870
hover,4,0.000037508,0.000056211
hover,4,-0.000134798,0.000288891
hover,4,0.000561006,-0.000051730
hover,4,-0.000558817,-0.000295433
hover,4,-0.000054970,0.000130008
hover,4,0.000106253,-0.000163803
hover,4,-0.000155391,0.000098967
hover,4,0.000033617,-0.000141286
hover,4,-0.000135923,0.000109426
hover,4,0.000175989,-0.000136148
hover,4,0.000097408,0.000139565
hover,4,0.000167797,-0.000136455
hover,4,-0.000473468,0.000135935
hover,4,-0.000048424,-0.000152207
hover,4,-0.000030548,0.000124634
hover,4,0.000010478,-0.000154962
hover,4,0.000168114,0.000134464
hover,4,-0.000036089,-0.000141470
hover,4,0.000064090,0.000156233
hover,4,-0.000192224,-0.000151103
hover,4,0.000143470,0.000161547
hover,4,0.000066287,-0.000153772
hover,4,-0.000223315,0.000159389
hover,4,0.000072238,-0.000169408
hover,4,-0.000053001,0.000147240
hover,4,-0.000146171,-0.000162806
hover,4,0.000012782,0.000148459
hover,4,0.000039275,-0.000172930
hover,4,0.000276849,0.000167807
hover,4,-0.000292980,-0.000145631
hover,4,-0.002493162,0.000143840
hover,4,-0.000176816,-0.000197548
hover,4,0.000183930,0.000322340
hover,4,-0.000148465,-0.000306522
hover,4,0.000107580,0.000206910
hover,4,-0.000169356,-0.000239343
hover,4,0.000146220,0.000142243
hover,4,-0.000074375,-0.000093065
hover,4,-0.000239156,-0.000347916
hover,4,0.000040445,-0.000043962
hover,4,-0.000033347,-0.000127304
hover,4,-0.000068510,-0.000145645
hover,4,0.000136945,0.000310024
hover,4,-0.000144855,-0.000337930
hover,4,0.000049684,0.000172123
hover,4,0.000012736,-0.000061986
hover,4,-0.000045736,-0.000089814
hover,4,0.000038905,-0.000061183
hover,4,0.000005862,-0.000020674
hover,4,-0.000030610,-0.000044196
hover,4,0.000035723,0.000091798
hover,4,-0.000046464,-0.000147671
hover,4,0.000192432,0.000208328
hover,4,-0.000028790,-0.000052650
hover,4,-0.000109426,-0.000019441
hover,4,0.000028988,-0.000141614
hover,4,-0.000105243,-0.000064381
hover,4,0.000072738,0.000022627
hover,4,-0.000092829,-0.000051423
hover,4,0.000065223,-0.000062328
hover,4,-0.000091822,-0.000022413
hover,4,0.000020143,0.000039259
hover,4,-0.000045470,-0.000019101
hover,4,-0.000003866,-0.000107036
hover,4,0.000003330,0.000014212
hover,4,-0.000012893,-0.000021751
hover,4,-0.000000548,-0.000029977
hover,4,-0.000015022,-0.000013728
hover,4,-0.000097830,-0.000338734
hover,4,0.000054153,0.000080314
hover,4,0.000020765,0.000160670
hover,4,0.000008248,0.000042335
hover,4,0.000023380,0.000165327
hover,4,-0.000021067,-0.000150920
hover,4,0.000053689,0.000151450
hover,4,-0.000059475,-0.000178250
hover,4,0.000004923,-0.000021382
hover,4,-0.000044366,-0.000125794
hover,4,0.000004414,0.000015260
hover,4,0.000020303,0.000084887
hover,4,-0.000005356,-0.000006218
hover,4,0.000020588,0.000054577
hover,4,-0.000050514,-0.000162125
hover,4,0.000017489,0.000041545
hover,4,0.000014788,0.000046337
hover,4,-0.000024858,-0.000058430
hover,4,-0.000015245,-0.000157614
hover,4,0.000010631,0.000140917
hover,4,-0.000032294,-0.000197666
hover,4,0.000014737,0.000112014
hover,4,0.000072595,0.000245544
hover,4,-0.000052173,-0.000193997
hover,4,0.000064959,0.000310633
hover,4,-0.000043832,-0.000282040
hover,4,0.000063809,0.000225099
hover,4,-0.000033919,-0.000127410
hover,4,0.000042139,0.000247427
hover,4,-0.000032742,-0.000262638
hover,4,0.000081674,0.000271793
hover,4,-0.000062289,-0.000256309
hover,4,0.000076347,0.000270707
hover,4,-0.000052451,-0.000237487
hover,4,0.000073002,0.000269116
hover,4,0.000001120,-0.000243519
hover,4,0.000018397,0.000269908
hover,4,-0.000003437,-0.000250328
hover,4,0.000023456,0.000273437
hover,4,-0.000016860,-0.000254370
hover,4,0.000037652,0.000275304
hover,4,0.000035300,-0.000132742
hover,4,0.000010037,0.000200154
hover,4,0.000010652,-0.000155505
hover,4,0.000066238,0.000122593
hover,4,-0.000038912,-0.000077897
hover,4,0.000017404,0.000015622
hover,4,-0.000133634,-0.000099164
hover,4,0.000032779,0.000002329
hover,4,0.000085248,0.000069373
hover,4,-0.000078053,-0.000090847
hover,4,0.000163658,0.000273177
hover,4,-0.000103100,-0.000146580
hover,4,-0.000000496,0.000066336
hover,4,0.000091102,-0.000008512
hover,4,-0.000150031,-0.000236166
hover,4,0.000212336,0.000366240
hover,4,-0.000085121,-0.000206158
hover,4,-0.000073404,-0.000010435
hover,4,0.000028700,-0.000100219
hover,4,-0.000050374,0.000051873
hover,4,0.000048445,0.000020110
hover,4,-0.000040234,-0.000008675
hover,4,0.000092566,0.000052652
hover,4,0.000033015,0.000053204
hover,4,0.000003147,-0.000021233
hover,4,0.000018050,0.000001701
hover,4,-0.000007623,0.000064897
hover,4,-0.000028982,-0.000031205
hover,4,0.000047157,0.000172654
hover,4,0.000018258,-0.000157741
hover,4,0.000061941,0.000210447
hover,4,-0.000120220,-0.000178658
hover,4,-0.000022024,-0.000103510
hover,4,0.000040935,0.000067169
hover,4,0.000021550,-0.000000396
hover,4,-0.000168417,-0.000129422
hover,4,0.000109938,0.000046044
hover,4,0.000107945,0.000053520
hover,4,-0.000066062,0.000048217
hover,4,0.000044285,0.000017731
hover,4,-0.000040530,-0.000061341
hover,4,0.000067589,0.000032499
hover,4,0.000022039,0.000031728
hover,4,-0.000036184,0.000033206
hover,4,0.000020553,-0.000088961
hover,4,0.000019848,0.000091703
hover,4,-0.000006331,-0.000083602
hover,4,0.000008438,-0.000014640
hover,4,-0.000047966,-0.000044385
hover,4,0.000068670,0.000140043
hover,4,-0.000028004,-0.000064283
hover,4,0.000086777,0.000156486
hover,4,-0.000046381,-0.000138663
hover,4,0.000079646,0.000204796
hover,4,-0.000072492,-0.000188482
hover,4,-0.000425384,0.000043020
hover,4,0.000418699,-0.000128916
hover,4,-0.000252845,-0.000592689
hover,4,0.000134319,0.000283115
hover,4,-0.000589763,-0.000104348
hover,4,0.000702235,0.000297461
hover,4,0.000049303,0.000357815
hover,4,-0.000464822,-0.000061570
hover,4,0.000512935,-0.000019319
hover,4,-0.000551144,0.000048227
hover,4,0.000127864,0.000025541
hover,4,0.000334379,0.000087223
hover,4,0.000037184,-0.000184081
hover,4,0.000168966,0.000329897
hover,4,-0.000040192,-0.000253467
hover,4,-0.000023915,0.000139105
hover,5,0.000841865,0.000837803
hover,5,0.000145938,0.000837803
hover,5,0.000840338,0.000782967
hover,5,0.000875885,0.000786781
hover,5,0.000916376,0.000794172
hover,5,0.000953348,0.000804424
hover,5,0.001343279,0.000815630
hover,5,0.000927609,0.000858545
hover,5,0.000922548,0.000864029
hover,5,0.000878455,0.000868082
hover,5,0.000723575,0.000868797
hover,5,0.001021172,0.000857830
hover,5,0.000808362,0.000870943
hover,5,0.000858049,0.000865936
hover,5,0.000752807,0.000865221
hover,5,0.001051939,0.000856638
hover,5,0.000779811,0.000872135
hover,5,0.000819103,0.000864744
hover,5,0.000869764,0.000860453
hover,5,0.000855901,0.000861168
hover,5,0.000847100,0.000860453
hover,5,0.000840447,0.000859737
hover,5,0.000839820,0.000858784
hover,5,0.000838468,0.000857115
hover,5,0.000837766,0.000855207
hover,5,0.000840439,0.000854015
hover,5,0.000839283,0.000852823
hover,5,0.000805080,0.000851870
hover,5,0.000547832,0.000847816
hover,5,0.001124449,0.000823736
hover,5,0.000829701,0.000847816
hover,5,0.000820072,0.000846386
hover,5,0.001004270,0.000844479
hover,5,0.000765785,0.000857592
hover,5,0.000765358,0.000850201
hover,5,0.000981231,0.000843287
hover,5,0.000710893,0.000854254
hover,5,0.000795449,0.000843287
hover,5,0.000907403,0.000838757
hover,5,0.000490394,0.000844479
hover,5,0.000960031,0.000815630
hover,5,0.000855018,0.000828028
hover,5,0.000998198,0.000829935
hover,5,0.000919752,0.000843287
hover,5,0.000741824,0.000849962
hover,5,0.000745483,0.000840902
hover,5,0.000819758,0.000833035
hover,5,0.000892890,0.000832081
hover,5,0.000680939,0.000836611
hover,5,0.001136126,0.000824690
hover,5,0.000852507,0.000849962
hover,5,0.000691444,0.000849962
hover,5,0.000810105,0.000836611
hover,5,0.000835527,0.000834703
hover,5,0.000675025,0.000834942
hover,5,0.000937625,0.000822067
hover,5,0.000816233,0.000831366
hover,5,0.000796948,0.000829935
hover,5,0.000800818,0.000827789
hover,5,0.000812797,0.000825405
hover,5,0.000820912,0.000824690
hover,5,0.000826320,0.000823736
hover,5,0.000828040,0.000824213
hover,5,0.000829718,0.000824928
hover,5,0.000833428,0.000825167
hover,5,0.000851057,0.000825644
hover,5,0.000510668,0.000828028
hover,5,0.000803883,0.000802517
hover,5,0.000815846,0.000802517
hover,5,0.000831322,0.000803471
hover,5,0.000848361,0.000806093
hover,5,0.001161373,0.000808954
hover,5,0.000832594,0.000836849
hover,5,0.000830095,0.000836611
hover,5,0.000810220,0.000836372
hover,5,0.000822100,0.000834703
hover,5,0.000793753,0.000833511
hover,5,0.000818281,0.000829935
hover,5,0.000799920,0.000828981
hover,5,0.000893885,0.000827074
hover,5,0.000853581,0.000832081
hover,5,0.000807647,0.000833988
hover,5,0.000931633,0.000831842
hover,5,0.000748314,0.000839710
hover,5,0.000730396,0.000832319
hover,5,0.000814827,0.000824690
hover,5,0.000816717,0.000823021
hover,5,0.000823090,0.000822783
hover,5,0.000816915,0.000823021
hover,5,0.000747465,0.000822544
hover,5,0.000960825,0.000816584
hover,5,0.000736128,0.000828266
hover,5,0.000650701,0.000820875
hover,5,0.001004253,0.000807047
hover,5,0.000692424,0.000822783
hover,5,0.000947786,0.000815868
hover,5,0.000785028,0.000836134
hover,5,0.000785779,0.000847101
hover,5,0.000796673,0.000858784
hover,5,0.000749877,0.000870705
hover,5,0.000766738,0.000877619
hover,5,0.000811005,0.000885725
hover,5,0.000553770,0.000896692
hover,5,0.000722643,0.001003981
hover,5,0.000002586,0.000760078
hover,5,-0.000381804,-0.000113964
hover,5,-0.000211807,0.000411749
hover,5,-0.000633922,0.000073671
hover,5,0.000397173,-0.000207663
hover,5,-0.000678084,0.000350952
hover,5,0.000243762,-0.000229120
hover,5,-0.000496173,-0.000040293
hover,5,0.000930046,-0.000150442
hover,5,-0.000627989,0.000031948
hover,5,0.000274364,0.000013828
hover,5,0.000282479,0.000095844
hover,5,-0.000616368,-0.000115871
hover,5,0.000534230,-0.000132322
hover,5,-0.000643211,0.000065804
hover,5,0.000045204,-0.000078440
hover,5,0.000671916,0.000071287
hover,5,-0.000481963,0.000041246
hover,5,-0.000190235,0.000060081
hover,5,0.000582840,-0.000263929
hover,5,-0.000617813,0.000458002
hover,5,-0.000029196,-0.000695467
hover,5,0.000001042,0.000462770
hover,5,-0.000502376,-0.000629663
hover,5,0.000436772,0.000418186
hover,5,0.000168279,-0.000557184
hover,5,0.000114442,0.000425100
hover,5,-0.000085323,-0.000541687
hover,5,0.000465630,0.000440598
hover,5,-0.000135079,-0.000516891
hover,5,-0.000234800,0.000458479
hover,5,-0.000316589,-0.000540972
hover,5,0.000445786,0.000414848
hover,5,-0.000515042,-0.000502825
hover,5,-0.000709591,0.000405550
hover,5,0.000994654,-0.000544786
hover,5,-0.000047876,0.000418186
hover,5,0.000126076,-0.000484467
hover,5,-0.000111287,0.000429392
hover,5,-0.000089218,-0.000489950
hover,5,0.000168915,0.000404596
hover,5,0.000470920,-0.000466585
hover,5,-0.000798956,0.000412226
hover,5,0.000028689,-0.000452280
hover,5,-0.000002779,0.000353575
hover,5,0.000811002,-0.000427246
hover,5,-0.000911218,0.000458241
hover,5,-0.000069394,-0.000103951
hover,5,0.000126947,0.000287771
hover,5,-0.000073717,-0.000146151
hover,5,-0.000174581,0.000497818
hover,5,0.000276923,-0.000244856
hover,5,-0.000298800,0.000633478
hover,5,0.000163999,-0.000128031
hover,5,0.000092285,0.000565290
hover,5,0.000148381,0.000156164
hover,5,0.000067850,-0.000114918
hover,5,-0.000203706,0.000097513
hover,5,0.000214902,-0.000038147
hover,5,-0.000130802,-0.000010490
hover,5,0.000088933,0.000405788
hover,5,0.000035017,-0.000127792
hover,5,0.000099848,0.000407457
hover,5,0.000024258,-0.000083923
hover,5,-0.000007644,0.000182152
hover,5,-0.000035765,0.000017643
hover,5,0.000044527,-0.000030518
hover,5,0.000095165,-0.000013113
hover,5,-0.000001151,0.000117540
hover,5,-0.000145641,0.000330925
hover,5,0.000137441,-0.000082493
hover,5,-0.000076823,0.000260115
hover,5,0.000050508,-0.000108004
hover,5,-0.000073428,0.000512838
hover,5,0.000090837,-0.000417948
hover,5,-0.000090574,0.000476837
hover,5,-0.000000760,-0.000277281
hover,5,-0.000064640,0.000762939
hover,5,0.000062964,-0.000429630
hover,5,-0.000015891,0.000058174
hover,5,-0.000033187,0.000432014
hover,5,0.000019275,-0.000505209
hover,5,-0.000039982,0.000618458
hover,5,0.000053123,-0.000517130
hover,5,0.000000181,0.000154495
hover,5,-0.000038836,-0.000077724
hover,5,-0.000024978,-0.000005722
hover,5,-0.000077779,0.000080585
hover,5,0.000043744,-0.000043869
hover,5,-0.000047463,-0.000158548
hover,5,0.000019857,0.000090122
hover,5,0.000020198,-0.000347614
hover,5,-0.000024853,0.000523806
hover,5,0.000018059,-0.000248432
hover,5,-0.000041799,0.000089407
hover,5,-0.000025672,0.000152111
hover,5,-0.000011894,-0.000274658
hover,5,0.000007948,0.000299454
hover,5,0.000006883,-0.000441074
hover,5,-0.000030003,0.000011206
hover,5,-0.000033430,0.000443935
hover,5,0.000080963,-0.000680208
hover,5,-0.000111842,0.000655174
hover,5,0.000088799,-0.000537872
hover,5,-0.000068005,0.000144482
hover,5,-0.000051777,-0.000014305
hover,5,0.000040200,-0.000213623
hover,5,-0.000109343,0.000196457
hover,5,0.000090243,-0.000457764
hover,5,-0.000066811,0.000039101
hover,5,0.000024306,-0.000089645
hover,5,-0.000099499,0.000058889
hover,5,0.000092453,-0.000231266
hover,5,-0.000083012,0.000081062
hover,5,0.000070608,-0.000226736
hover,5,-0.000085831,0.000077248
hover,5,0.000069514,-0.000194788
hover,5,-0.000088267,0.000081301
hover,5,0.000132200,-0.000185490
hover,5,-0.000147922,0.000087261
hover,5,0.000139279,-0.000189781
hover,5,-0.000152279,0.000088453
hover,5,0.000138891,-0.000190973
hover,5,-0.000149177,0.000097036
hover,5,0.000112673,-0.000189304
hover,5,-0.000127553,0.000025511
hover,5,0.000110395,-0.000092268
hover,5,-0.000024572,0.000018835
hover,5,-0.000007622,0.000106573
hover,5,0.000013183,-0.000119209
hover,5,-0.000099285,0.000507593
hover,5,0.000020921,-0.000653028
hover,5,0.000068011,0.000090122
hover,5,-0.000061906,-0.000117779
hover,5,0.000002018,0.000185013
hover,5,-0.000036300,-0.000282764
hover,5,-0.000036994,0.000459671
hover,5,0.000099907,-0.000238180
hover,5,-0.000036095,-0.000102997
hover,5,0.000001859,0.000082731
hover,5,0.000030773,0.000043631
hover,5,-0.000081933,-0.000128031
hover,5,0.000062733,-0.000233412
hover,5,-0.000093980,0.000699997
hover,5,0.000037843,-0.000598669
hover,5,-0.000049251,0.000629663
hover,5,0.000053859,-0.000763893
hover,5,-0.000006808,-0.000043631
hover,5,0.000009014,-0.000008821
hover,5,0.000008119,-0.000032663
hover,5,-0.000045150,0.000083208
hover,5,-0.000010865,0.000102043
hover,5,-0.000062063,0.000036240
hover,5,0.000087389,-0.000219822
hover,5,-0.000062151,-0.000009775
hover,5,-0.000000083,0.000648260
hover,5,0.000027136,-0.000344515
hover,5,-0.000007877,-0.000097990
hover,5,0.000010879,-0.000071526
hover,5,-0.000061213,-0.000218868
hover,5,0.000020747,0.000759363
hover,5,0.000072902,-0.000679970
hover,5,-0.000095468,0.000641584
hover,5,0.000030808,-0.000493765
hover,5,-0.000014951,0.000432730
hover,5,0.000036822,-0.000530481
hover,5,0.000005286,0.000247240
hover,5,-0.000062381,-0.000083208
hover,5,0.000068095,0.000116348
hover,5,-0.000047775,-0.000246286
hover,5,0.000035673,0.000232220
hover,5,0.000007040,-0.000295162
hover,5,-0.000031382,0.000134230
hover,5,-0.000016204,-0.000087976
hover,5,0.000008231,0.000056267
hover,5,-0.000019833,-0.000124931
hover,5,0.000031546,0.000037909
hover,5,-0.000051847,-0.000051975
hover,5,0.000037524,0.000075817
hover,5,-0.000088910,-0.000277519
hover,5,0.000117777,0.000706434
hover,5,-0.000238275,-0.000522614
hover,5,0.000581226,0.000129938
hover,5,-0.000587003,0.000317097
hover,5,0.000654143,-0.000649452
hover,5,-0.000539983,0.000747681
hover,5,-0.000064588,-0.000786304
hover,5,0.000143877,0.000730753
hover,5,-0.000212311,-0.000820875
hover,5,0.000092544,0.000134230
hover,5,-0.000045959,0.000103474
hover,5,0.000501636,-0.000186920
hover,5,-0.000434784,0.000302076
hover,5,0.000524940,-0.000544548
hover,5,-0.000093763,0.000006914
hover,6,0.000081040,0.000128925
hover,6,-0.000057450,0.000124872
hover,6,0.000205063,0.000110388
hover,6,0.000255793,0.000117838
hover,6,0.000291927,0.000128865
hover,6,0.000315630,0.000141740
hover,6,0.000439855,0.000155807
hover,6,0.000340418,0.000178456
hover,6,0.000360969,0.000191331
hover,6,0.000369597,0.000204921
hover,6,0.000318705,0.000218093
hover,6,0.000331939,0.000226140
hover,6,0.000339602,0.000234485
hover,6,0.000401092,0.000243068
hover,6,0.000207145,0.000255644
hover,6,0.000411463,0.000251591
hover,6,0.000404058,0.000264347
hover,6,0.000304086,0.000275552
hover,6,0.000360101,0.000277936
hover,6,0.000351744,0.000284433
hover,6,0.000338327,0.000289917
hover,6,0.000337781,0.000293732
hover,6,0.000348240,0.000297308
hover,6,0.000350320,0.000301301
hover,6,0.000347460,0.000305235
hover,6,0.000351625,0.000308633
hover,6,0.000356267,0.000311971
hover,6,0.000343124,0.000315547
hover,6,0.000207444,0.000317812
hover,6,0.000511163,0.000308931
hover,6,0.000258305,0.000325084
hover,6,0.000405299,0.000319839
hover,6,0.000482036,0.000326514
hover,6,0.000301010,0.000339091
hover,6,0.000456871,0.000335991
hover,6,0.000311646,0.000345707
hover,6,0.000245646,0.000342906
hover,6,0.000293183,0.000335157
hover,6,0.000439272,0.000331700
hover,6,0.000135960,0.000340343
hover,6,0.000423801,0.000324130
hover,6,0.000406429,0.000332057
hover,6,0.000458337,0.000337958
hover,6,0.000435680,0.000347555
hover,6,0.000248823,0.000354648
hover,6,0.000349526,0.000346303
hover,6,0.000346402,0.000346482
hover,6,0.000428675,0.000346422
hover,6,0.000195959,0.000352979
hover,6,0.000612571,0.000340521
hover,6,0.000358242,0.000362217
hover,6,0.000245575,0.000361741
hover,6,0.000373368,0.000352621
hover,6,0.000351680,0.000354290
hover,6,0.000295031,0.000354052
hover,6,0.000415940,0.000349224
hover,6,0.000323681,0.000354707
hover,6,0.000335173,0.000352144
hover,6,0.000344588,0.000350833
hover,6,0.000352801,0.000350296
hover,6,0.000358185,0.000350475
hover,6,0.000360884,0.000351131
hover,6,0.000362609,0.000352025
hover,6,0.000363591,0.000352800
hover,6,0.000365585,0.000353694
hover,6,0.000379554,0.000354528
hover,6,0.000305787,0.000356615
hover,6,0.000337447,0.000352502
hover,6,0.000347128,0.000351369
hover,6,0.000359824,0.000351012
hover,6,0.000374302,0.000351608
hover,6,0.000473365,0.000353456
hover,6,0.000368265,0.000363171
hover,6,0.000375720,0.000363469
hover,6,0.000356260,0.000364363
hover,6,0.000358755,0.000363708
hover,6,0.000356194,0.000363410
hover,6,0.000369558,0.000362813
hover,6,0.000342685,0.000363290
hover,6,0.000389585,0.000361562
hover,6,0.000407936,0.000364065
hover,6,0.000329009,0.000367403
hover,6,0.000460934,0.000364363
hover,6,0.000321095,0.000372052
hover,6,0.000288084,0.000368178
hover,6,0.000362136,0.000361562
hover,6,0.000366110,0.000361621
hover,6,0.000366439,0.000362039
hover,6,0.000358688,0.000362456
hover,6,0.000320314,0.000362217
hover,6,0.000451733,0.000358820
hover,6,0.000315313,0.000366271
hover,6,0.000223263,0.000362217
hover,6,0.000519665,0.000350952
hover,6,0.000241611,0.000364423
hover,6,0.000512621,0.000351787
hover,6,0.000339019,0.000364184
hover,6,0.000338908,0.000365496
hover,6,0.000342965,0.000365853
hover,6,0.000314307,0.000365555
hover,6,0.000276536,0.000363171
hover,6,0.000330509,0.000357568
hover,6,0.000151740,0.000356197
hover,6,0.000452879,0.000331223
hover,6,0.000403902,0.001665652
hover,6,0.000115017,0.003131568
hover,6,0.000788224,0.001780152
hover,6,0.000292684,0.001842022
hover,6,0.000505979,0.001338065
hover,6,0.000285086,0.000180662
hover,6,0.000785165,-0.000621855
hover,6,-0.000688691,0.000917375
hover,6,0.000454752,-0.000298560
hover,6,0.000020095,-0.000578821
hover,6,-0.000238408,0.001186073
hover,6,0.000322090,0.000413060
hover,6,0.000032889,-0.002074242
hover,6,0.000101534,0.000535071
hover,6,0.000070737,-0.001431227
hover,6,-0.000118457,-0.000380993
hover,6,-0.000107412,0.000909865
hover,6,0.000650088,0.000212908
hover,6,-0.000597364,-0.001272261
hover,6,0.000400802,0.000174701
hover,6,-0.000237068,0.000014067
hover,6,-0.000021484,0.000057220
hover,6,-0.000036481,-0.000165582
hover,6,-0.000197306,0.000103176
hover,6,0.000252310,-0.000267327
hover,6,0.000236856,0.000289679
hover,6,0.000132700,-0.000302374
hover,6,-0.000411160,0.000272810
hover,6,0.000045133,-0.000313044
hover,6,0.000029453,0.000325978
hover,6,-0.000115041,-0.000326514
hover,6,0.000145860,0.000322580
hover,6,0.000050187,-0.000374198
hover,6,-0.000046414,0.000371814
hover,6,-0.000448175,-0.000406623
hover,6,0.000492331,0.000365376
hover,6,0.000020616,-0.000436068
hover,6,-0.000136532,0.000447631
hover,6,0.000022437,-0.000448644
hover,6,-0.000027569,0.000445426
hover,6,-0.000107697,-0.000487447
hover,6,0.000201088,0.000475883
hover,6,-0.000212184,-0.000552118
hover,6,0.000288107,0.000552893
hover,6,-0.000300211,-0.000573218
hover,6,-0.006123291,0.000522912
hover,6,-0.000095679,-0.001039743
hover,6,0.000111573,0.000593662
hover,6,-0.000026218,-0.001283705
hover,6,0.000124499,0.000233948
hover,6,-0.000115475,-0.000759304
hover,6,0.000276632,-0.000286281
hover,6,-0.000284787,0.000072002
hover,6,0.000409523,-0.002320290
hover,6,-0.000041443,-0.000393629
hover,6,0.000284355,-0.001047492
hover,6,-0.000225464,-0.001209915
hover,6,0.000135706,0.000964403
hover,6,0.000008213,-0.001364470
hover,6,0.000092556,-0.000149548
hover,6,-0.000249116,-0.000087380
hover,6,0.000328657,-0.001818895
hover,6,-0.000305276,-0.000242293
hover,6,0.000397739,-0.001763582
hover,6,-0.000416544,-0.000254810
hover,6,0.000332041,-0.001168430
hover,6,-0.000218297,-0.000015497
hover,6,-0.000007311,0.000657618
hover,6,0.000261640,0.000122488
hover,6,-0.000473384,0.000334084
hover,6,0.000503005,-0.001665354
hover,6,-0.000389410,-0.001095295
hover,6,0.000446421,-0.001284659
hover,6,-0.000425469,-0.000316978
hover,6,0.000410925,-0.002138972
hover,6,-0.000387525,-0.000040770
hover,6,0.000168280,-0.001723349
hover,6,-0.000084511,0.000255048
hover,6,-0.000011185,-0.002023399
hover,6,0.000331516,-0.000213504
hover,6,-0.000436858,0.000029266
hover,6,0.000454391,-0.001999497
hover,6,-0.000304560,0.000405073
hover,6,0.000350602,-0.002066374
hover,6,-0.000073046,-0.000543416
hover,6,-0.000062560,-0.000363648
hover,6,-0.000205615,0.000056922
hover,6,0.000211302,0.000445604
hover,6,-0.000324185,0.000221133
hover,6,0.000369478,-0.000132442
hover,6,-0.000310259,0.000082254
hover,6,0.000360855,-0.001827896
hover,6,-0.000074139,0.000455737
hover,6,-0.000213256,-0.001720667
hover,6,0.000383659,-0.000034928
hover,6,-0.000553869,-0.000032306
hover,6,0.000604481,-0.000893533
hover,6,-0.000216994,0.000434279
hover,6,-0.000261283,-0.001071632
hover,6,0.000583319,-0.000449359
hover,6,-0.000427482,0.000722170
hover,6,0.000181319,-0.002510548
hover,6,-0.000026972,0.000868022
hover,6,0.000111390,-0.001982510
hover,6,-0.000365438,0.000018179
hover,6,0.000170456,-0.000044107
hover,6,-0.000203274,-0.000393808
hover,6,0.000102768,0.000444651
hover,6,-0.000005254,-0.000486970
hover,6,0.000043888,0.000006080
hover,6,-0.000186140,-0.000053048
hover,6,0.000124070,0.000471711
hover,6,-0.000101266,-0.000341058
hover,6,0.000118307,0.000303626
hover,6,-0.000107042,-0.000356734
hover,6,0.000093869,0.000258207
hover,6,-0.000110936,-0.000315845
hover,6,0.000094626,0.000312030
hover,6,-0.000079177,-0.000315070
hover,6,0.000068848,0.000319421
hover,6,-0.000083614,-0.000326991
hover,6,0.000071176,0.000307024
hover,6,-0.000085350,-0.000345170
hover,6,0.000074566,0.000310302
hover,6,-0.000151067,-0.000470757
hover,6,0.000122096,0.000401080
hover,6,-0.000139938,-0.000254214
hover,6,0.000237985,-0.000019372
hover,6,-0.000290749,0.000012517
hover,6,0.000440947,-0.000418723
hover,6,-0.000355496,0.000819385
hover,6,0.000042642,-0.002177238
hover,6,0.000079885,0.000306368
hover,6,-0.000135933,-0.000347912
hover,6,0.000044277,0.001006424
hover,6,0.000151378,-0.000393808
hover,6,-0.000488957,0.000647902
hover,6,0.000494258,-0.001100779
hover,6,-0.000256682,-0.000162423
hover,6,0.000285639,0.000600040
hover,6,-0.000193641,0.000317276
hover,6,-0.000081048,-0.000948012
hover,6,0.000437836,-0.000363529
hover,6,-0.000437433,0.001205385
hover,6,0.000358369,-0.002127707
hover,6,-0.000337803,0.001215518
hover,6,0.000084461,-0.001943767
hover,6,-0.000018982,0.000332952
hover,6,0.000031193,-0.000040710
hover,6,-0.000068790,0.000079095
hover,6,0.000122935,0.000082314
hover,6,-0.000378572,0.000527084
hover,6,0.000317764,0.000240028
hover,6,-0.000210269,-0.000160277
hover,6,0.000426128,0.000045240
hover,6,-0.000157744,0.001326919
hover,6,-0.000389612,-0.001158834
hover,6,0.000084888,-0.000758350
hover,6,0.000256358,-0.000357807
hover,6,0.000303414,-0.000601530
hover,6,-0.000147351,0.001373649
hover,6,0.000129257,-0.001862228
hover,6,-0.000429656,0.001178443
hover,6,0.000380706,-0.001653850
hover,6,-0.000299617,0.000950098
hover,6,0.000222197,-0.001872778
hover,6,-0.000263018,0.000649333
hover,6,0.000299539,-0.000283778
hover,6,-0.000289474,0.000379503
hover,6,0.000307259,-0.000325441
hover,6,-0.000293174,0.000576317
hover,6,0.000305158,-0.001126885
hover,6,-0.000292306,0.000392497
hover,6,0.000246198,-0.000434995
hover,6,-0.000297272,0.000292242
hover,6,0.000266595,0.000041366
hover,6,-0.000279911,0.000231445
hover,6,0.000287794,0.000065386
hover,6,-0.000259866,0.000337720
hover,6,-0.000026443,-0.001280427
hover,6,0.000303125,0.001567721
hover,6,0.000205865,-0.002221286
hover,6,0.000064984,0.000325203
hover,6,-0.000647738,0.000983715
hover,6,-0.000052305,-0.001255870
hover,6,0.000156752,0.001301527
hover,6,-0.000094894,-0.001704633
hover,6,0.000203808,0.001584649
hover,6,-0.000479904,-0.001811802
hover,6,-0.000166180,0.000504792
hover,6,0.000582494,0.000388622
hover,6,-0.000352424,0.000072122
hover,6,0.000326418,0.000755310
hover,6,-0.000092327,-0.000807464
hover,6,-0.000086030,-0.000017881
near,0,-0.000177642,-0.000167925
near,0,-0.000433352,-0.000403203
near,0,-0.000016613,-0.000011284
near,0,-0.000495913,-0.000480197
near,0,-0.000237717,-0.000232294
near,0,-0.000446417,-0.000443779
near,0,-0.000169614,-0.000172965
near,0,-0.000450130,-0.000446890
near,0,-0.000181740,-0.000184301
near,0,-0.000455134,-0.000452597
near,0,-0.000179454,-0.000182256
near,0,-0.000454798,-0.000450861
near,0,-0.000180833,-0.000184584
near,0,-0.000457785,-0.000453562
near,0,-0.000170323,-0.000174142
near,0,-0.000464389,-0.000459466
near,0,-0.000187277,-0.000190444
near,0,-0.000459483,-0.000454836
near,0,-0.000162050,-0.000168789
near,0,-0.000465187,-0.000458714
near,0,-0.000191102,-0.000193086
near,0,-0.000461843,-0.000457436
near,0,-0.000158979,-0.000167344
near,0,-0.000465488,-0.000457805
near,0,-0.000192891,-0.000195272
near,0,-0.000461145,-0.000456009
near,0,-0.000165803,-0.000174832
near,0,-0.000462483,-0.000453822
near,0,-0.000198221,-0.000203226
near,0,-0.000454266,-0.000448681
near,0,-0.000165437,-0.000175454
near,0,-0.000461057,-0.000451710
near,0,-0.000196779,-0.000201955
near,0,-0.000453022,-0.000448268
near,0,-0.000180042,-0.000187699
near,0,-0.000453333,-0.000446729
near,0,-0.000196485,-0.000201587
near,0,-0.000446124,-0.000442252
near,0,-0.000195358,-0.000200316
near,0,-0.000441333,-0.000439975
near,0,-0.000211250,-0.000209503
near,0,-0.000430819,-0.000431620
near,0,-0.000161397,-0.000163976
near,0,-0.000462060,-0.000457671
near,0,-0.000215701,-0.000215970
near,0,-0.000441210,-0.000441145
near,0,-0.000124686,-0.000119865
near,0,-0.000574378,-0.000571731
near,0,-0.000070902,-0.000064652
near,0,-0.000622240,-0.000616882
near,0,0.000008283,0.000005543
near,0,-0.000657344,-0.000644576
near,0,-0.000022798,-0.000036102
near,0,-0.000633361,-0.000617739
near,0,-0.000086103,-0.000109188
near,0,-0.000482734,-0.000464644
near,0,-0.000214989,-0.000235081
near,0,-0.000275633,-0.000267908
near,0,-0.000454891,-0.000462137
near,0,-0.000141762,-0.000141814
near,0,-0.000554528,-0.000541672
near,0,-0.000034027,-0.000051118
near,0,-0.000554852,-0.000536278
near,0,-0.000106306,-0.000120685
near,0,-0.000529355,-0.000515848
near,0,-0.000162025,-0.000172287
near,0,-0.000494253,-0.000482194
near,0,-0.000154743,-0.000166774
near,0,-0.000498098,-0.000486299
near,0,-0.000148011,-0.000160135
near,0,-0.000499349,-0.000489958
near,0,-0.000151822,-0.000160940
near,0,-0.000495157,-0.000488654
near,0,-0.000159061,-0.000165075
near,0,-0.000489896,-0.000485562
near,0,-0.000164060,-0.000167727
near,0,-0.000488138,-0.000484712
near,0,-0.000158323,-0.000161052
near,0,-0.000490797,-0.000487991
near,0,-0.000165753,-0.000166938
near,0,-0.000488954,-0.000486962
near,0,-0.000162126,-0.000162922
near,0,-0.000490901,-0.000488922
near,0,-0.000167300,-0.000167221
near,0,-0.000487982,-0.000486046
near,0,-0.000162323,-0.000163816
near,0,-0.000488347,-0.000486389
near,0,-0.000166924,-0.000167586
near,0,-0.000485320,-0.000484630
near,0,-0.000173053,-0.000172816
near,0,-0.000482491,-0.000480920
near,0,-0.000173386,-0.000174664
near,0,-0.000482552,-0.000477776
near,0,-0.000168519,-0.000173762
near,0,-0.000479854,-0.000471398
near,0,-0.000180034,-0.000189692
near,0,-0.000485206,-0.000478029
near,0,-0.000158698,-0.000166602
near,0,-0.000486529,-0.000480518
near,0,-0.000173776,-0.000179932
near,0,-0.000477184,-0.000472359
near,0,-0.000178808,-0.000184298
near,0,-0.000473026,-0.000468366
near,0,-0.000175407,-0.000180677
near,0,-0.000478535,-0.000473857
near,0,-0.000180303,-0.000185728
near,0,-0.000473056,-0.000467286
near,0,-0.000178242,-0.000184521
near,0,-0.000476714,-0.000470690
near,0,-0.000179240,-0.000185832
near,0,-0.000474222,-0.000467613
near,0,-0.000179794,-0.000186883
near,0,-0.000477967,-0.000468396
near,0,-0.000170970,-0.000180982
near,0,-0.000486471,-0.000473037
near,0,-0.000172765,-0.000186406
near,0,-0.000480197,-0.000467218
near,0,-0.000178276,-0.000191487
near,0,-0.000469366,-0.000463516
near,0,-0.000183432,-0.000189498
near,0,-0.000471280,-0.000464879
near,0,-0.000184776,-0.000191011
near,0,-0.000471049,-0.000464201
near,0,-0.000190765,-0.000197120
near,0,-0.000469203,-0.000457913
near,0,-0.000183579,-0.000196368
near,0,-0.000471819,-0.000460088
near,0,-0.000179250,-0.000191078
near,0,-0.000475756,-0.000464566
near,0,-0.000178981,-0.000189878
near,0,-0.000475695,-0.000465274
near,0,-0.000182855,-0.000192985
near,0,-0.000471955,-0.000462085
near,0,-0.000184618,-0.000194557
near,0,-0.000470409,-0.000460707
near,0,-0.000188998,-0.000198700
near,0,-0.000467256,-0.000457816
near,0,-0.000192229,-0.000201590
near,0,-0.000463496,-0.000454150
near,0,-0.000196358,-0.000206053
near,0,-0.000459625,-0.000450119
near,0,-0.000194428,-0.000204138
near,0,-0.000462876,-0.000453308
near,0,-0.000194621,-0.000203714
near,0,-0.000462224,-0.000453070
near,0,-0.000192145,-0.000201359
near,0,-0.000464739,-0.000455439
near,0,-0.000193918,-0.000199571
near,0,-0.000461935,-0.000456683
near,0,-0.001736429,-0.000202931
near,0,-0.000018811,-0.000002854
near,0,0.000483183,0.000469796
near,0,-0.000138057,-0.000127226
near,0,0.000526037,0.000493072
near,0,-0.000016696,0.000012696
near,0,0.000318139,0.000295095
near,0,0.000247546,0.000270531
near,0,0.000245579,0.000258468
near,0,-0.000025561,-0.000022873
near,0,0.000407077,0.000389263
near,0,0.000105904,0.000109248
near,0,0.000174095,0.000161052
near,0,0.000444918,0.000457823
near,0,-0.000022760,-0.000010118
near,0,0.000270459,0.000250936
near,0,0.000466103,0.000471950
near,0,-0.000222756,-0.000214815
near,0,0.000568250,0.000557385
near,0,-0.000105204,-0.000090070
near,0,0.000491356,0.000474945
near,0,0.000128462,0.000144325
near,0,0.000046952,0.000037134
near,0,0.000390745,0.000376374
near,0,0.000053303,0.000067227
near,0,0.000353775,0.000347845
near,0,0.000141753,0.000164039
near,0,0.000344663,0.000329599
near,0,-0.000034254,-0.000024296
near,0,0.000599933,0.000596739
near,0,-0.000189814,-0.000179909
near,0,0.000459836,0.000453800
near,0,-0.000093667,-0.000081643
near,0,0.000469979,0.000460640
near,0,-0.000003105,0.000008747
near,0,0.000382877,0.000370376
near,0,0.000028308,0.000038959
near,0,0.000318049,0.000305906
near,0,0.000210607,0.000220060
near,0,0.000101119,0.000099070
near,0,0.000282492,0.000269473
near,0,0.000342418,0.000353977
near,0,-0.000162847,-0.000163727
near,0,0.000614452,0.000604108
near,0,-0.000213032,-0.000201426
near,0,0.000566854,0.000555277
near,0,-0.000009879,0.000009261
near,0,0.000385714,0.000372931
near,0,-0.000020933,-0.000014745
near,0,0.000425187,0.000411265
near,0,0.000022706,0.000049360
near,0,0.000384220,0.000368185
near,0,-0.000038621,-0.000028677
near,0,0.000465462,0.000445813
near,0,-0.000027725,-0.000002906
near,0,0.000438352,0.000415772
near,0,-0.000057933,-0.000045553
near,0,0.000458328,0.000442818
near,0,-0.000026487,-0.000003673
near,0,0.000435714,0.000422180
near,0,-0.000039316,-0.000026576
near,0,0.000435419,0.000412881
near,0,0.000006364,0.000026859
near,0,0.000399068,0.000385195
near,0,-0.000022475,-0.000010192
near,0,0.000430062,0.000411727
near,0,0.000002844,0.000023872
near,0,0.000409140,0.000390746
near,0,-0.000001264,0.000017360
near,0,0.000387541,0.000368282
near,0,0.000052056,0.000068776
near,0,0.000347427,0.000334896
near,0,0.000011589,0.000022523
near,0,0.000412821,0.000397392
near,0,0.000011452,0.000032835
near,0,0.000405045,0.000382863
near,0,0.000010175,0.000029691
near,0,0.000369474,0.000354357
near,0,0.000049353,0.000059165
near,0,0.000341430,0.000326127
near,0,0.000034432,0.000047185
near,0,0.000396126,0.000373252
near,0,0.000007590,0.000029571
near,0,0.000403545,0.000380822
near,0,0.000046550,0.000067353
near,0,0.000342181,0.000323638
near,0,0.000019657,0.000037737
near,0,0.000414041,0.000392921
near,0,0.000025243,0.000046730
near,0,0.000381862,0.000361443
near,0,0.000031823,0.000052638
near,0,0.000365060,0.000343606
near,0,0.000069347,0.000090018
near,0,0.000319531,0.000303686
near,0,0.000046820,0.000062704
near,0,0.000389334,0.000367396
near,0,0.000053563,0.000075035
near,0,0.000345997,0.000327490
near,0,0.000036471,0.000055969
near,0,0.000376302,0.000353627
near,0,0.000076147,0.000097446
near,0,0.000308462,0.000293590
near,0,0.000061141,0.000074588
near,0,0.000372461,0.000352532
near,0,0.000086462,0.000107192
near,0,0.000292716,0.000278831
near,0,0.000093644,0.000095136
near,0,0.000338373,0.000330701
near,0,0.000109490,0.000128523
near,0,0.000276573,0.000261076
near,0,0.000093214,0.000109017
near,0,0.000335883,0.000316314
near,0,0.000128133,0.000146933
near,0,0.000236021,0.000227533
near,0,0.000170408,0.000178181
near,0,0.000238063,0.000230551
near,0,0.000173319,0.000178359
near,0,0.000244051,0.000232868
near,0,0.000165223,0.000177421
near,0,0.000250225,0.000237823
near,0,0.000148208,0.000161268
near,0,0.000268562,0.000257492
near,0,0.000122692,0.000134870
near,0,0.000302554,0.000286385
near,0,0.000091119,0.000107609
near,0,0.000340514,0.000321850
near,0,0.000082707,0.000104308
near,0,0.000314202,0.000292391
near,0,0.000076135,0.000094742
near,0,0.000356807,0.000337705
near,0,0.000093762,0.000112511
near,0,0.000283362,0.000271127
near,0,0.000101918,0.000116348
near,0,0.000329417,0.000309162
near,0,0.000064092,0.000081576
near,0,0.000367067,0.000348829
near,0,0.000078763,0.000101015
near,0,0.000311008,0.000290513
near,0,0.000056862,0.000073671
near,0,0.000377500,0.000358880
near,0,0.000069760,0.000088729
near,0,0.000332346,0.000314504
near,0,0.000059360,0.000078931
near,0,0.000355262,0.000334308
near,0,0.000106049,0.000124753
near,0,0.000272287,0.000260308
near,0,0.000100632,0.000114247
near,0,0.000334885,0.000314377
near,0,0.000105540,0.000125930
near,0,0.000288219,0.000269882
near,1,0.000054627,0.000045717
near,1,0.000130363,0.000098716
near,1,-0.000056328,-0.000034384
near,1,0.000135896,0.000097800
near,1,-0.000114165,-0.000084601
near,1,0.000059964,0.000057530
near,1,-0.000047880,-0.000045460
near,1,0.000071179,0.000071801
near,1,-0.000081771,-0.000066105
near,1,0.000067968,0.000067253
near,1,-0.000078359,-0.000067353
near,1,0.000071202,0.000063766
near,1,-0.000084432,-0.000069063
near,1,0.000077669,0.000061084
near,1,-0.000082998,-0.000068277
near,1,0.000084775,0.000064142
near,1,-0.000082015,-0.000069946
near,1,0.000077847,0.000057768
near,1,-0.000083006,-0.000059918
near,1,0.000095002,0.000067916
near,1,-0.000077357,-0.000069432
near,1,0.000080456,0.000060372
near,1,-0.000084739,-0.000054281
near,1,0.000105865,0.000071280
near,1,-0.000080213,-0.000066891
near,1,0.000089864,0.000064980
near,1,-0.000088098,-0.000052180
near,1,0.000113431,0.000072975
near,1,-0.000091197,-0.000061929
near,1,0.000092305,0.000064649
near,1,-0.000088255,-0.000049550
near,1,0.000116181,0.000074390
near,1,-0.000092793,-0.000062641
near,1,0.000093351,0.000067323
near,1,-0.000087301,-0.000052650
near,1,0.000105939,0.000071701
near,1,-0.000089789,-0.000060156
near,1,0.000092733,0.000068083
near,1,-0.000083706,-0.000055972
near,1,0.000060834,0.000068396
near,1,-0.000046398,-0.000064280
near,1,0.000043329,0.000059780
near,1,-0.000043714,-0.000054110
near,1,0.000086558,0.000079982
near,1,-0.000075127,-0.000074398
near,1,0.000053715,0.000061821
near,1,0.000005847,0.000007197
near,1,0.000087228,0.000072584
near,1,0.000008532,0.000001345
near,1,0.000062645,0.000061348
near,1,0.000028443,0.000027250
near,1,0.000081788,0.000042595
near,1,-0.000002437,0.000031814
near,1,0.000044097,0.000011154
near,1,-0.000029974,0.000000060
near,1,0.000006269,0.000011146
near,1,-0.000024413,-0.000007685
near,1,0.000019787,0.000019867
near,1,0.000116584,0.000080865
near,1,-0.000084650,-0.000043672
near,1,0.000077031,0.000047520
near,1,-0.000060300,-0.000029460
near,1,0.000083468,0.000052050
near,1,-0.000096319,-0.000044189
near,1,0.000124056,0.000068258
near,1,-0.000119090,-0.000066184
near,1,0.000121247,0.000065144
near,1,-0.000107514,-0.000054393
near,1,0.000121693,0.000064950
near,1,-0.000110168,-0.000052948
near,1,0.000116300,0.000065736
near,1,-0.000106165,-0.000055734
near,1,0.000097309,0.000065476
near,1,-0.000090701,-0.000060122
near,1,0.000079154,0.000064898
near,1,-0.000074721,-0.000063419
near,1,0.000071369,0.000064716
near,1,-0.000065068,-0.000062920
near,1,0.000066243,0.000065479
near,1,-0.000057933,-0.000065159
near,1,0.000057199,0.000066288
near,1,-0.000045225,-0.000062775
near,1,0.000050812,0.000066534
near,1,-0.000033268,-0.000061970
near,1,0.000043217,0.000067335
near,1,-0.000036415,-0.000057828
near,1,0.000048498,0.000066966
near,1,-0.000037950,-0.000058033
near,1,0.000048960,0.000067681
near,1,-0.000038322,-0.000057716
near,1,0.000057682,0.000067230
near,1,-0.000039414,-0.000053622
near,1,0.000074325,0.000066191
near,1,-0.000060678,-0.000047877
near,1,0.000067547,0.000055499
near,1,-0.000054009,-0.000039291
near,1,0.000072559,0.000063010
near,1,-0.000059415,-0.000046287
near,1,0.000072773,0.000067100
near,1,-0.000069462,-0.000053458
near,1,0.000069302,0.000064235
near,1,-0.000064493,-0.000055764
near,1,0.000066513,0.000061236
near,1,-0.000061644,-0.000055347
near,1,0.000068860,0.000062089
near,1,-0.000069935,-0.000057578
near,1,0.000072868,0.000059564
near,1,-0.000068932,-0.000055924
near,1,0.000074098,0.000060067
near,1,-0.000072702,-0.000056397
near,1,0.000077315,0.000059791
near,1,-0.000075325,-0.000056285
near,1,0.000094271,0.000059120
near,1,-0.000087025,-0.000052057
near,1,0.000112825,0.000060868
near,1,-0.000105654,-0.000050846
near,1,0.000114470,0.000063054
near,1,-0.000105507,-0.000052888
near,1,0.000078636,0.000061709
near,1,-0.000076571,-0.000059862
near,1,0.000073025,0.000058949
near,1,-0.000071871,-0.000059489
near,1,0.000069809,0.000057969
near,1,-0.000068597,-0.000058804
near,1,0.000095567,0.000055682
near,1,-0.000091677,-0.000049196
near,1,0.000098731,0.000057798
near,1,-0.000092577,-0.000051249
near,1,0.000098873,0.000059783
near,1,-0.000092636,-0.000053953
near,1,0.000096625,0.000061151
near,1,-0.000090779,-0.000055909
near,1,0.000089808,0.000060059
near,1,-0.000085188,-0.000055816
near,1,0.000084248,0.000058658
near,1,-0.000080742,-0.000055656
near,1,0.000081265,0.000058182
near,1,-0.000078047,-0.000055652
near,1,0.000076152,0.000056304
near,1,-0.000073627,-0.000054009
near,1,0.000074026,0.000055298
near,1,-0.000071350,-0.000053264
near,1,0.000073856,0.000055689
near,1,-0.000071049,-0.000054229
near,1,0.000073534,0.000056662
near,1,-0.000070133,-0.000054032
near,1,0.000073611,0.000057001
near,1,-0.000047518,-0.000054933
near,1,0.000050185,0.000060413
near,1,-0.000216800,-0.000052772
near,1,0.000052576,0.000051033
near,1,-0.000057961,-0.000046104
near,1,0.000046228,0.000024561
near,1,0.000014311,-0.000037584
near,1,-0.000029289,-0.000000749
near,1,0.000067356,0.000030085
near,1,0.000026838,0.000057369
near,1,-0.000065687,-0.000029355
near,1,-0.000006062,-0.000002563
near,1,0.000120850,0.000074606
near,1,-0.000081804,-0.000077479
near,1,0.000108646,0.000087693
near,1,0.000047133,0.000050295
near,1,-0.000073624,-0.000056125
near,1,0.000104972,0.000077251
near,1,0.000038979,0.000031400
near,1,-0.000019428,-0.000018604
near,1,0.000054084,0.000057928
near,1,-0.000068809,-0.000045639
near,1,0.000044241,0.000044346
near,1,-0.000014844,-0.000009913
near,1,0.000061041,0.000044484
near,1,0.000043524,0.000024032
near,1,0.000005512,0.000006530
near,1,0.000003445,0.000021774
near,1,-0.000017077,-0.000005659
near,1,0.000037253,0.000007875
near,1,0.000065097,0.000058763
near,1,-0.000011378,0.000016879
near,1,0.000052678,0.000044793
near,1,0.000007301,-0.000011299
near,1,0.000017673,0.000017971
near,1,0.000074356,0.000058949
near,1,-0.000056900,-0.000038985
near,1,0.000094338,0.000078637
near,1,-0.000077913,-0.000047609
near,1,0.000046405,0.000047632
near,1,-0.000030137,-0.000032943
near,1,-0.000008321,0.000014611
near,1,0.000065818,0.000045791
near,1,-0.000031385,-0.000013649
near,1,0.000081589,0.000049826
near,1,0.000022101,0.000027813
near,1,-0.000013088,-0.000018332
near,1,0.000046511,0.000036981
near,1,-0.000085911,-0.000051543
near,1,0.000075091,0.000054762
near,1,-0.000047878,-0.000032905
near,1,0.000065177,0.000052180
near,1,-0.000085338,-0.000038356
near,1,0.000044943,0.000030763
near,1,-0.000021881,-0.000023294
near,1,0.000073837,0.000043102
near,1,-0.000084428,-0.000036933
near,1,0.000083076,0.000040539
near,1,-0.000043022,-0.000030987
near,1,0.000062904,0.000049248
near,1,-0.000070069,-0.000036206
near,1,0.000043172,0.000041045
near,1,-0.000052942,-0.000041496
near,1,0.000079721,0.000038702
near,1,-0.000054086,-0.000035148
near,1,0.000039739,0.000038181
near,1,-0.000037554,-0.000027582
near,1,0.000056936,0.000038657
near,1,-0.000061731,-0.000034146
near,1,0.000060493,0.000034388
near,1,-0.000071246,-0.000032499
near,1,0.000059532,0.000031602
near,1,-0.000048367,-0.000033855
near,1,0.000035966,0.000026952
near,1,-0.000024925,-0.000019941
near,1,0.000043156,0.000033043
near,1,-0.000060656,-0.000032663
near,1,0.000070765,0.000030547
near,1,-0.000075541,-0.000033140
near,1,0.000042754,0.000028148
near,1,-0.000023363,-0.000033617
near,1,0.000024982,0.000035882
near,1,-0.000030372,-0.000030644
near,1,0.000069648,0.000038784
near,1,-0.000066292,-0.000033911
near,1,0.000074020,0.000041690
near,1,-0.000074584,-0.000041734
near,1,0.000055741,0.000031654
near,1,-0.000042451,-0.000021677
near,1,0.000068820,0.000040725
near,1,-0.000074647,-0.000040635
near,1,0.000071149,0.000039432
near,1,-0.000069932,-0.000036232
near,1,0.000068595,0.000036180
near,1,-0.000067359,-0.000034936
near,1,0.000040952,0.000026803
near,1,-0.000034184,-0.000022750
near,1,0.000066004,0.000035621
near,1,-0.000072363,-0.000037756
near,1,0.000056079,0.000030581
near,1,-0.000050955,-0.000026371
near,1,0.000065600,0.000033416
near,1,-0.000070565,-0.000036616
near,1,0.000036199,0.000021748
near,1,-0.000028323,-0.000019163
near,1,0.000059943,0.000032347
near,1,-0.000067649,-0.000034954
near,1,0.000031876,0.000019077
near,1,0.000018598,-0.000017505
near,1,0.000019040,0.000037361
near,1,-0.000060494,-0.000028726
near,1,0.000038453,0.000014544
near,1,-0.000033778,-0.000011083
near,1,0.000053199,0.000025742
near,1,-0.000056515,-0.000027820
near,1,-0.000000213,0.000006936
near,1,0.000004654,-0.000013273
near,1,-0.000007204,0.000007268
near,1,0.000001990,-0.000013072
near,1,0.000020345,0.000008546
near,1,-0.000023593,-0.000008009
near,1,0.000024132,0.000008672
near,1,-0.000024966,-0.000008401
near,1,0.000017124,0.000013020
near,1,-0.000019521,-0.000015263
near,1,0.000033661,0.000019222
near,1,-0.000034019,-0.000019543
near,1,0.000048779,0.000026103
near,1,-0.000065777,-0.000025973
near,1,0.000057438,0.000018641
near,1,-0.000039699,-0.000019643
near,1,0.000050830,0.000029214
near,1,-0.000051563,-0.000030886
near,1,0.000020154,0.000018992
near,1,-0.000024397,-0.000017647
near,1,0.000047894,0.000023521
near,1,-0.000037961,-0.000022788
near,1,0.000048385,0.000031907
near,1,-0.000075241,-0.000033084
near,1,0.000058288,0.000018544
near,1,-0.000035335,-0.000016306
near,1,0.000051104,0.000031546
near,1,-0.000057881,-0.000034753
near,1,0.000048607,0.000026405
near,1,-0.000046056,-0.000022724
near,1,0.000053543,0.000028990
near,1,-0.000056739,-0.000032887
near,1,0.000018297,0.000014488
near,1,-0.000023076,-0.000014298
near,1,0.000051781,0.000023834
near,1,-0.000058278,-0.000027053
near,1,0.000043366,0.000013717
near,2,0.000323836,0.000310309
near,2,0.000299191,0.000259195
near,2,0.000353869,0.000342939
near,2,0.000273292,0.000255551
near,2,0.000364854,0.000353999
near,2,0.000272666,0.000272617
near,2,0.000359157,0.000360813
near,2,0.000266587,0.000266973
near,2,0.000361307,0.000364129
near,2,0.000265066,0.000265930
near,2,0.000363277,0.000366360
near,2,0.000269846,0.000265539
near,2,0.000361005,0.000367153
near,2,0.000273715,0.000265762
near,2,0.000361167,0.000368234
near,2,0.000274191,0.000264786
near,2,0.000363655,0.000367738
near,2,0.000275175,0.000267357
near,2,0.000356521,0.000368726
near,2,0.000276268,0.000264563
near,2,0.000364885,0.000367336
near,2,0.000275195,0.000267968
near,2,0.000354043,0.000368811
near,2,0.000278338,0.000264637
near,2,0.000362749,0.000367068
near,2,0.000276091,0.000268124
near,2,0.000353541,0.000368260
near,2,0.000279414,0.000265583
near,2,0.000356590,0.000366628
near,2,0.000277541,0.000269018
near,2,0.000353280,0.000367500
near,2,0.000279030,0.000265785
near,2,0.000357599,0.000366531
near,2,0.000278187,0.000268713
near,2,0.000352610,0.000366963
near,2,0.000280801,0.000267215
near,2,0.000354673,0.000366472
near,2,0.000280020,0.000268951
near,2,0.000352590,0.000365801
near,2,0.000262055,0.000269413
near,2,0.000376135,0.000363998
near,2,0.000262369,0.000273190
near,2,0.000369710,0.000364870
near,2,0.000266372,0.000265434
near,2,0.000374674,0.000366144
near,2,0.000262435,0.000272244
near,2,0.000367451,0.000363447
near,2,0.000265139,0.000261508
near,2,0.000381626,0.000368096
near,2,0.000265153,0.000263274
near,2,0.000379448,0.000383571
near,2,0.000279145,0.000248596
near,2,0.000365892,0.000397988
near,2,0.000283367,0.000248864
near,2,0.000360654,0.000402518
near,2,0.000280358,0.000258617
near,2,0.000361738,0.000376813
near,2,0.000301277,0.000291467
near,2,0.000301339,0.000321522
near,2,0.000344645,0.000335403
near,2,0.000294058,0.000288434
near,2,0.000357860,0.000370197
near,2,0.000280190,0.000266604
near,2,0.000354032,0.000374332
near,2,0.000289376,0.000270568
near,2,0.000350735,0.000372455
near,2,0.000301228,0.000276402
near,2,0.000343846,0.000369065
near,2,0.000305876,0.000277147
near,2,0.000340737,0.000368699
near,2,0.000305860,0.000276849
near,2,0.000339819,0.000368997
near,2,0.000301991,0.000276931
near,2,0.000344091,0.000369109
near,2,0.000298158,0.000277154
near,2,0.000348777,0.000369266
near,2,0.000293680,0.000277266
near,2,0.000354238,0.000369720
near,2,0.000289129,0.000276744
near,2,0.000360716,0.000370063
near,2,0.000281419,0.000277229
near,2,0.000368666,0.000370130
near,2,0.000275271,0.000276946
near,2,0.000374899,0.000370272
near,2,0.000272540,0.000277407
near,2,0.000373540,0.000370100
near,2,0.000274717,0.000277236
near,2,0.000372035,0.000370048
near,2,0.000276745,0.000277728
near,2,0.000370443,0.000369817
near,2,0.000281493,0.000278428
near,2,0.000365712,0.000369184
near,2,0.000288321,0.000279047
near,2,0.000357872,0.000369258
near,2,0.000291769,0.000280961
near,2,0.000354712,0.000367887
near,2,0.000286983,0.000279173
near,2,0.000360680,0.000370547
near,2,0.000281595,0.000275902
near,2,0.000362535,0.000371031
near,2,0.000284220,0.000276990
near,2,0.000362406,0.000371374
near,2,0.000288442,0.000277564
near,2,0.000359462,0.000371754
near,2,0.000289779,0.000276841
near,2,0.000357754,0.000371851
near,2,0.000294073,0.000277765
near,2,0.000354430,0.000372007
near,2,0.000294978,0.000277303
near,2,0.000353774,0.000372104
near,2,0.000296201,0.000277534
near,2,0.000353134,0.000372015
near,2,0.000298408,0.000277631
near,2,0.000350154,0.000372626
near,2,0.000303625,0.000276670
near,2,0.000345630,0.000372648
near,2,0.000301667,0.000277348
near,2,0.000346729,0.000372157
near,2,0.000293302,0.000277944
near,2,0.000358299,0.000372104
near,2,0.000288255,0.000277877
near,2,0.000364247,0.000372440
near,2,0.000283621,0.000278078
near,2,0.000368709,0.000372164
near,2,0.000295628,0.000279404
near,2,0.000350059,0.000372268
near,2,0.000298721,0.000278771
near,2,0.000351790,0.000372045
near,2,0.000296654,0.000278145
near,2,0.000355308,0.000372492
near,2,0.000293321,0.000277810
near,2,0.000358183,0.000372805
near,2,0.000291209,0.000278309
near,2,0.000359549,0.000372805
near,2,0.000290503,0.000278711
near,2,0.000360480,0.000372469
near,2,0.000290035,0.000279248
near,2,0.000361293,0.000372104
near,2,0.000289909,0.000280149
near,2,0.000360608,0.000371523
near,2,0.000290721,0.000280865
near,2,0.000360584,0.000371166
near,2,0.000290402,0.000280641
near,2,0.000362375,0.000371248
near,2,0.000288872,0.000280686
near,2,0.000363043,0.000371665
near,2,0.000288155,0.000280216
near,2,0.000375281,0.000372022
near,2,0.000275451,0.000280708
near,2,-0.006825492,0.000371911
near,2,-0.000246262,-0.000261620
near,2,-0.000162257,-0.000155665
near,2,-0.000260590,-0.000272118
near,2,-0.000169480,-0.000138216
near,2,-0.000246969,-0.000272401
near,2,-0.000200991,-0.000165552
near,2,-0.000218292,-0.000251204
near,2,-0.000174925,-0.000190623
near,2,-0.000212259,-0.000221394
near,2,-0.000208244,-0.000183441
near,2,-0.000216005,-0.000224359
near,2,-0.000201988,-0.000188395
near,2,-0.000211373,-0.000224799
near,2,-0.000200884,-0.000211239
near,2,-0.000205398,-0.000184678
near,2,-0.000204083,-0.000217438
near,2,-0.000229647,-0.000231713
near,2,-0.000169560,-0.000153512
near,2,-0.000235099,-0.000261217
near,2,-0.000161233,-0.000146449
near,2,-0.000228498,-0.000247024
near,2,-0.000215538,-0.000203468
near,2,-0.000202942,-0.000185311
near,2,-0.000213034,-0.000228606
near,2,-0.000190325,-0.000180930
near,2,-0.000198662,-0.000231013
near,2,-0.000199350,-0.000180237
near,2,-0.000236919,-0.000249386
near,2,-0.000150206,-0.000150897
near,2,-0.000262906,-0.000276379
near,2,-0.000148926,-0.000136383
near,2,-0.000246650,-0.000263207
near,2,-0.000165521,-0.000149854
near,2,-0.000231650,-0.000246234
near,2,-0.000185693,-0.000163279
near,2,-0.000211832,-0.000235297
near,2,-0.000188245,-0.000171326
near,2,-0.000212437,-0.000222966
near,2,-0.000187097,-0.000188477
near,2,-0.000214268,-0.000199586
near,2,-0.000186280,-0.000201948
near,2,-0.000240725,-0.000236310
near,2,-0.000168097,-0.000149317
near,2,-0.000246600,-0.000270791
near,2,-0.000153120,-0.000132397
near,2,-0.000231443,-0.000261582
near,2,-0.000167134,-0.000151582
near,2,-0.000234187,-0.000245497
near,2,-0.000181420,-0.000158191
near,2,-0.000213092,-0.000244848
near,2,-0.000179302,-0.000163406
near,2,-0.000230905,-0.000241503
near,2,-0.000182195,-0.000158526
near,2,-0.000213263,-0.000246823
near,2,-0.000187853,-0.000159524
near,2,-0.000229859,-0.000245288
near,2,-0.000177551,-0.000156201
near,2,-0.000223427,-0.000248782
near,2,-0.000170960,-0.000158697
near,2,-0.000231689,-0.000243351
near,2,-0.000180519,-0.000156753
near,2,-0.000227388,-0.000246383
near,2,-0.000175437,-0.000162475
near,2,-0.000227088,-0.000241891
near,2,-0.000176942,-0.000159077
near,2,-0.000219859,-0.000245400
near,2,-0.000186594,-0.000161961
near,2,-0.000213740,-0.000240274
near,2,-0.000188788,-0.000161663
near,2,-0.000218077,-0.000241145
near,2,-0.000185024,-0.000167497
near,2,-0.000225646,-0.000236839
near,2,-0.000179564,-0.000163615
near,2,-0.000213436,-0.000242986
near,2,-0.000192952,-0.000163667
near,2,-0.000212379,-0.000238553
near,2,-0.000185498,-0.000163697
near,2,-0.000235004,-0.000238083
near,2,-0.000174832,-0.000165820
near,2,-0.000221885,-0.000236519
near,2,-0.000193646,-0.000167146
near,2,-0.000214176,-0.000239439
near,2,-0.000192187,-0.000166021
near,2,-0.000213043,-0.000237525
near,2,-0.000190094,-0.000169784
near,2,-0.000218466,-0.000238888
near,2,-0.000191910,-0.000166886
near,2,-0.000213779,-0.000238948
near,2,-0.000191225,-0.000167839
near,2,-0.000214801,-0.000238694
near,2,-0.000192959,-0.000168689
near,2,-0.000212210,-0.000235721
near,2,-0.000192075,-0.000172518
near,2,-0.000214953,-0.000235312
near,2,-0.000195432,-0.000170372
near,2,-0.000211032,-0.000235498
near,2,-0.000191675,-0.000172071
near,2,-0.000215453,-0.000236787
near,2,-0.000195513,-0.000169568
near,2,-0.000210302,-0.000234649
near,2,-0.000192991,-0.000173643
near,2,-0.000214737,-0.000234291
near,2,-0.000196295,-0.000172183
near,2,-0.000209302,-0.000233114
near,2,-0.000193745,-0.000175476
near,2,-0.000218985,-0.000231758
near,2,-0.000193569,-0.000176363
near,2,-0.000208541,-0.000230633
near,2,-0.000195594,-0.000178583
near,2,-0.000210997,-0.000229172
near,2,-0.000200014,-0.000177875
near,2,-0.000207192,-0.000228494
near,2,-0.000188932,-0.000181049
near,2,-0.000229423,-0.000220813
near,2,-0.000178899,-0.000187442
near,2,-0.000215435,-0.000218138
near,2,-0.000198652,-0.000188619
near,2,-0.000206752,-0.000219047
near,2,-0.000200735,-0.000188597
near,2,-0.000209033,-0.000220209
near,2,-0.000198086,-0.000186682
near,2,-0.000210635,-0.000223443
near,2,-0.000196156,-0.000182822
near,2,-0.000213987,-0.000228107
near,2,-0.000196718,-0.000178762
near,2,-0.000201990,-0.000231348
near,2,-0.000204759,-0.000176236
near,2,-0.000212953,-0.000232600
near,2,-0.000196433,-0.000175498
near,2,-0.000218431,-0.000232719
near,2,-0.000185185,-0.000177577
near,2,-0.000215948,-0.000230096
near,2,-0.000197137,-0.000177793
near,2,-0.000216141,-0.000232987
near,2,-0.000192182,-0.000174604
near,2,-0.000209157,-0.000233889
near,2,-0.000196713,-0.000175372
near,2,-0.000219078,-0.000235155
near,2,-0.000192764,-0.000172950
near,2,-0.000214868,-0.000235468
near,2,-0.000192331,-0.000174716
near,2,-0.000216573,-0.000235848
near,2,-0.000194341,-0.000173099
near,2,-0.000212937,-0.000233121
near,2,-0.000190707,-0.000178143
near,2,-0.000213901,-0.000230029
near,2,-0.000201816,-0.000178531
near,2,-0.000206581,-0.000230692
near,2,-0.000199173,-0.000178926
near,3,0.000044583,-0.000014067
near,3,0.000256584,-0.000016451
near,3,-0.000191405,0.000024080
near,3,0.000292461,-0.000002623
near,3,-0.000203099,0.000029325
near,3,0.000039080,0.000003099
near,3,-0.000026606,0.000012159
near,3,0.000001875,0.000005722
near,3,-0.000118295,0.000005722
near,3,0.000001369,-0.000003576
near,3,-0.000098030,-0.000004768
near,3,0.000057305,-0.000010729
near,3,-0.000134765,-0.000007153
near,3,0.000115724,-0.000015497
near,3,-0.000125712,-0.000007391
near,3,0.000149656,-0.000013351
near,3,-0.000102156,-0.000004053
near,3,0.000154078,-0.000007629
near,3,-0.000188431,0.000000954
near,3,0.000207861,-0.000010252
near,3,-0.000059753,0.000003338
near,3,0.000164125,0.000002384
near,3,-0.000237332,0.000011206
near,3,0.000272763,-0.000005722
near,3,-0.000091896,0.000013590
near,3,0.000209494,0.000008821
near,3,-0.000270571,0.000020981
near,3,0.000327096,0.000000477
near,3,-0.000210503,0.000024557
near,3,0.000229840,0.000007868
near,3,-0.000288990,0.000024080
near,3,0.000335273,-0.000000238
near,3,-0.000214301,0.000026226
near,3,0.000215342,0.000006676
near,3,-0.000254477,0.000024557
near,3,0.000274163,0.000000715
near,3,-0.000212350,0.000024080
near,3,0.000197721,0.000002146
near,3,-0.000199086,0.000022173
near,3,-0.000052263,-0.000000715
near,3,0.000135502,0.000001431
near,3,-0.000123675,0.000005484
near,3,0.000078245,0.000002384
near,3,0.000068068,0.000003815
near,3,-0.000003690,0.000010967
near,3,-0.000052319,0.000005007
near,3,-0.000016434,0.000007629
near,3,0.000126672,0.000002861
near,3,0.000045106,0.000007629
near,3,0.000044966,0.000018835
near,3,0.000004910,0.000007868
near,3,0.000329341,0.000020266
near,3,-0.000230537,0.000037670
near,3,0.000282936,0.000025511
near,3,-0.000211499,0.000032187
near,3,0.000001212,0.000030279
near,3,-0.000129081,0.000013828
near,3,0.000010543,0.000010729
near,3,0.000298404,0.000014305
near,3,-0.000300057,0.000026226
near,3,0.000250945,0.000010729
near,3,-0.000235012,0.000018597
near,3,0.000264505,0.000008821
near,3,-0.000405045,0.000018120
near,3,0.000444555,-0.000004292
near,3,-0.000410287,0.000020742
near,3,0.000447984,-0.000002861
near,3,-0.000409684,0.000021219
near,3,0.000463060,-0.000000954
near,3,-0.000433445,0.000023842
near,3,0.000390825,-0.000000477
near,3,-0.000372319,0.000018597
near,3,0.000252697,-0.000000477
near,3,-0.000236643,0.000007868
near,3,0.000127702,0.000000238
near,3,-0.000106763,-0.000001192
near,3,0.000060039,0.000002384
near,3,-0.000029077,-0.000005245
near,3,0.000009941,0.000004292
near,3,0.000049858,-0.000006199
near,3,-0.000068427,0.000010014
near,3,0.000133544,-0.000008583
near,3,-0.000116095,0.000015020
near,3,0.000197827,-0.000007629
near,3,-0.000144757,0.000020504
near,3,0.000170609,-0.000005484
near,3,-0.000135857,0.000021458
near,3,0.000173966,-0.000004530
near,3,-0.000141601,0.000023603
near,3,0.000175731,-0.000003338
near,3,-0.000075947,0.000024319
near,3,0.000111764,0.000002623
near,3,0.000065193,0.000025511
near,3,-0.000050737,0.000014305
near,3,0.000118700,0.000024319
near,3,-0.000096094,0.000018597
near,3,0.000102168,0.000019073
near,3,-0.000092257,0.000017643
near,3,0.000055740,0.000015974
near,3,-0.000118041,0.000012159
near,3,0.000040214,0.000008821
near,3,-0.000063191,0.000004292
near,3,0.000040482,0.000005960
near,3,-0.000044649,0.000001669
near,3,0.000053187,0.000005007
near,3,-0.000097561,0.000002384
near,3,0.000108768,0.000000715
near,3,-0.000105232,0.000002861
near,3,0.000116865,0.000000715
near,3,-0.000134371,0.000004053
near,3,0.000146898,-0.000000715
near,3,-0.000158581,0.000004768
near,3,0.000274952,-0.000001669
near,3,-0.000263080,0.000014067
near,3,0.000429074,-0.000003338
near,3,-0.000430508,0.000026941
near,3,0.000425719,-0.000005245
near,3,-0.000417444,0.000024796
near,3,0.000126822,-0.000005960
near,3,-0.000133174,0.000000238
near,3,0.000097874,-0.000005722
near,3,-0.000093662,-0.000002384
near,3,0.000078107,-0.000004530
near,3,-0.000069277,-0.000002623
near,3,0.000305978,-0.000002861
near,3,-0.000317800,0.000016928
near,3,0.000316552,-0.000005484
near,3,-0.000310493,0.000016451
near,3,0.000302725,-0.000006437
near,3,-0.000292054,0.000014782
near,3,0.000275800,-0.000006199
near,3,-0.000265156,0.000013113
near,3,0.000233613,-0.000005722
near,3,-0.000228589,0.000009775
near,3,0.000202600,-0.000005722
near,3,-0.000198579,0.000007629
near,3,0.000183428,-0.000005484
near,3,-0.000178940,0.000006199
near,3,0.000158370,-0.000005245
near,3,-0.000160029,0.000004530
near,3,0.000149536,-0.000005722
near,3,-0.000147926,0.000004768
near,3,0.000144713,-0.000005960
near,3,-0.000135791,0.000004530
near,3,0.000133334,-0.000004768
near,3,-0.000129810,0.000004053
near,3,0.000129832,-0.000005245
near,3,0.000067483,0.000004292
near,3,-0.000075755,0.000010967
near,3,-0.000267146,0.000002384
near,3,-0.000043020,-0.000021696
near,3,-0.000112980,-0.000022411
near,3,0.000125641,-0.000034809
near,3,0.000390379,-0.000023603
near,3,-0.000222494,0.000013590
near,3,0.000310273,-0.000002623
near,3,-0.000225908,0.000023603
near,3,-0.000296823,-0.000004768
near,3,-0.000050991,-0.000019312
near,3,0.000342270,-0.000027895
near,3,0.000012477,-0.000001431
near,3,0.000126560,0.000002623
near,3,-0.000012604,0.000005722
near,3,-0.000136213,0.000019312
near,3,0.000233959,-0.000005007
near,3,0.000070667,0.000012636
near,3,0.000013345,0.000029087
near,3,-0.000012484,0.000015020
near,3,-0.000149355,0.000024796
near,3,0.000002856,-0.000000715
near,3,-0.000040752,0.000011921
near,3,0.000124415,-0.000001431
near,3,0.000179680,0.000004292
near,3,0.000015214,0.000033379
near,3,-0.000124874,0.000024796
near,3,-0.000063291,0.000026703
near,3,0.000247835,0.000005484
near,3,0.000073630,0.000027180
near,3,-0.000178061,0.000027895
near,3,0.000058719,0.000012875
near,3,0.000181212,0.000022888
near,3,0.000023623,0.000035286
near,3,0.000160892,0.000025272
near,3,-0.000112227,0.000048161
near,3,0.000148275,0.000019073
near,3,-0.000194454,0.000045300
near,3,0.000010965,0.000013113
near,3,0.000037231,0.000025511
near,3,-0.000145769,0.000018597
near,3,0.000150810,-0.000000477
near,3,-0.000110793,0.000025749
near,3,0.000250948,0.000006437
near,3,-0.000015247,0.000020981
near,3,0.000063328,0.000032187
near,3,0.000121107,0.000023603
near,3,-0.000234741,0.000044107
near,3,0.000169687,0.000007391
near,3,-0.000083771,0.000030041
near,3,0.000118333,0.000013828
near,3,-0.000359277,0.000029087
near,3,0.000111221,-0.000010967
near,3,0.000010650,0.000008345
near,3,0.000262456,0.000000238
near,3,-0.000357209,0.000029325
near,3,0.000334524,-0.000011444
near,3,-0.000070137,0.000027418
near,3,0.000124586,0.000010252
near,3,-0.000250957,0.000027180
near,3,0.000013392,-0.000006199
near,3,-0.000083696,0.000009298
near,3,0.000329895,-0.000008106
near,3,-0.000146680,0.000025749
near,3,0.000032036,0.000002146
near,3,-0.000070775,0.000015736
near,3,0.000157668,0.000000238
near,3,-0.000210480,0.000019789
near,3,0.000211598,-0.000007629
near,3,-0.000309369,0.000020742
near,3,0.000233502,-0.000013113
near,3,-0.000090551,0.000012398
near,3,0.000050906,-0.000004292
near,3,-0.000037437,0.000008583
near,3,0.000091796,-0.000000715
near,3,-0.000229775,0.000011683
near,3,0.000323587,-0.000016212
near,3,-0.000339006,0.000021935
near,3,0.000115519,-0.000014305
near,3,0.000078572,0.000000715
near,3,-0.000087645,-0.000005245
near,3,0.000002405,0.000005722
near,3,0.000249301,-0.000012398
near,3,-0.000247213,0.000027418
near,3,0.000260981,-0.000013828
near,3,-0.000245569,0.000027418
near,3,0.000190209,-0.000011206
near,3,-0.000144231,0.000019550
near,3,0.000215814,-0.000010014
near,3,-0.000258519,0.000025988
near,3,0.000253973,-0.000013590
near,3,-0.000259565,0.000024557
near,3,0.000259011,-0.000015736
near,3,-0.000249331,0.000024080
near,3,0.000113838,-0.000013828
near,3,-0.000091149,0.000010729
near,3,0.000241289,-0.000013113
near,3,-0.000266712,0.000024080
near,3,0.000200938,-0.000015497
near,3,-0.000191913,0.000017881
near,3,0.000256779,-0.000016451
near,3,-0.000261481,0.000023603
near,3,0.000114267,-0.000014782
near,3,-0.000040302,0.000008821
near,3,0.000186547,-0.000011206
near,3,-0.000251255,0.000022650
near,3,0.000101213,-0.000013828
near,3,0.000288684,0.000008106
near,3,-0.000129949,0.000015259
near,3,-0.000236136,0.000018835
near,3,0.000186777,-0.000013351
near,3,-0.000171275,0.000013590
near,3,0.000203665,-0.000015497
near,3,-0.000209265,0.000019550
near,3,-0.000058256,-0.000011206
near,3,0.000134677,-0.000006914
near,3,-0.000119922,-0.000004053
near,3,0.000106473,-0.000005484
near,3,0.000093621,-0.000004530
near,3,-0.000130635,0.000011206
near,3,0.000134811,-0.000007391
near,3,-0.000138565,0.000010967
near,3,0.000042288,-0.000009537
near,3,-0.000049163,0.000004530
near,3,0.000122637,-0.000010967
near,3,-0.000121206,0.000012875
near,3,0.000188842,-0.000012875
near,3,-0.000310135,0.000019789
near,3,0.000301609,-0.000022173
near,3,-0.000165228,0.000017881
near,3,0.000181864,-0.000012398
near,3,-0.000145936,0.000020027
near,3,0.000003412,-0.000008106
near,3,-0.000073348,0.000005722
near,3,0.000204170,-0.000015020
near,3,-0.000113944,0.000017881
near,3,0.000134636,-0.000008345
near,3,-0.000322578,0.000018597
near,3,0.000294063,-0.000022173
near,3,-0.000130570,0.000016212
near,3,0.000145774,-0.000010252
near,3,-0.000185702,0.000017166
near,3,0.000184792,-0.000013590
near,3,-0.000191579,0.000017643
near,3,0.000201870,-0.000016212
near,3,-0.000190400,0.000018835
near,3,0.000040176,-0.000011206
near,3,-0.000082180,0.000003338
near,3,0.000219492,-0.000017405
near,3,-0.000241363,0.000018597
near,3,0.000224937,-0.000016689
near,4,-0.000046386,-0.000179611
near,4,-0.000144528,-0.000481544
near,4,-0.000070968,-0.000201836
near,4,-0.000146194,-0.000239162
near,4,0.000038601,-0.000142202
near,4,-0.000128402,-0.000080736
near,4,0.000088157,0.000053039
near,4,-0.000219233,-0.000125031
near,4,0.000032140,0.000035089
near,4,-0.000180568,-0.000108181
near,4,0.000027915,0.000045862
near,4,-0.000070406,-0.000117703
near,4,-0.000012754,0.000057173
near,4,-0.000006340,-0.000115032
near,4,-0.000014693,0.000066693
near,4,0.000006637,-0.000119851
near,4,0.000026220,0.000058447
near,4,0.000000236,-0.000101750
near,4,-0.000064606,0.000090536
near,4,0.000034039,-0.000125828
near,4,0.000033322,0.000055097
near,4,-0.000002939,-0.000094065
near,4,-0.000079159,0.000098663
near,4,0.000052953,-0.000125022
near,4,-0.000006212,0.000053238
near,4,-0.000002252,-0.000090981
near,4,-0.000060187,0.000093674
near,4,0.000034370,-0.000116203
near,4,-0.000071172,0.000057680
near,4,0.000002124,-0.000087526
near,4,-0.000027622,0.000091507
near,4,0.000005693,-0.000117663
near,4,-0.000048330,0.000052144
near,4,0.000054924,-0.000086250
near,4,-0.000103128,0.000077341
near,4,0.000092829,-0.000104967
near,4,-0.000121026,0.000057953
near,4,0.000112378,-0.000086982
near,4,-0.000153798,0.000061403
near,4,-0.000283675,-0.000086755
near,4,0.000277451,0.000021493
near,4,-0.000317127,-0.000069126
near,4,0.000255973,0.000071647
near,4,-0.000155648,-0.000117847
near,4,0.000215701,0.000014122
near,4,-0.000269405,-0.000050589
near,4,-0.000151704,-0.000119389
near,4,-0.000047107,-0.000083187
near,4,0.000083066,-0.000124591
near,4,-0.000201878,-0.000134306
near,4,-0.000012468,0.000025305
near,4,0.000279603,-0.000217472
near,4,-0.000327437,0.000175128
near,4,0.000262917,-0.000264068
near,4,-0.000156576,0.000379258
near,4,-0.000211778,-0.000352676
near,4,0.000388359,0.000264413
near,4,-0.000075878,-0.000166704
near,4,-0.000205022,0.000187931
near,4,0.000186527,-0.000117830
near,4,-0.000370074,-0.000163384
near,4,0.000338608,0.000190116
near,4,-0.000398286,-0.000261447
near,4,-0.000003450,0.000134130
near,4,-0.000031662,-0.000162710
near,4,-0.000151125,0.000108646
near,4,0.000141989,-0.000167264
near,4,-0.000181718,0.000134475
near,4,0.000283221,-0.000166804
near,4,-0.000312181,0.000126636
near,4,0.000383674,-0.000162629
near,4,-0.000423412,0.000120341
near,4,0.000377663,-0.000161692
near,4,-0.000421094,0.000117480
near,4,0.000360006,-0.000162330
near,4,-0.000396202,0.000118134
near,4,0.000246937,-0.000163233
near,4,-0.000270879,0.000120884
near,4,0.000144823,-0.000163302
near,4,-0.000141468,0.000114603
near,4,-0.000068576,-0.000158512
near,4,0.000082961,0.000116799
near,4,-0.000242622,-0.000159352
near,4,0.000247110,0.000112495
near,4,-0.000308126,-0.000155402
near,4,0.000211626,0.000116575
near,4,-0.000233532,-0.000159983
near,4,0.000142206,0.000112907
near,4,-0.000172604,-0.000155887
near,4,0.000104977,0.000111893
near,4,-0.000081982,-0.000154894
near,4,0.000030413,0.000115141
near,4,0.000023512,-0.000156866
near,4,-0.000083141,0.000123590
near,4,-0.000105035,-0.000184767
near,4,0.000068001,0.000164829
near,4,-0.000126551,-0.000164353
near,4,0.000075893,0.000133533
near,4,-0.000151965,-0.000163721
near,4,0.000038685,0.000100099
near,4,-0.000073673,-0.000157688
near,4,0.000017622,0.000116264
near,4,0.000029349,-0.000164498
near,4,-0.000072666,0.000130435
near,4,0.000086525,-0.000166426
near,4,-0.000129327,0.000118081
near,4,0.000150093,-0.000166710
near,4,-0.000190856,0.000135280
near,4,0.000177329,-0.000171080
near,4,-0.000205928,0.000130117
near,4,0.000184025,-0.000170266
near,4,-0.000202922,0.000129190
near,4,0.000120596,-0.000170410
near,4,-0.000173791,0.000140149
near,4,0.000207876,-0.000172633
near,4,-0.000231200,0.000128021
near,4,0.000166374,-0.000158564
near,4,-0.000213755,0.000121226
near,4,0.000098628,-0.000161561
near,4,-0.000079355,0.000115273
near,4,-0.000073905,-0.000165937
near,4,0.000098328,0.000118269
near,4,-0.000225454,-0.000164938
near,4,0.000234544,0.000115400
near,4,-0.000061886,-0.000163784
near,4,-0.000067887,0.000150795
near,4,0.000026092,-0.000174922
near,4,-0.000057552,0.000134478
near,4,0.000009691,-0.000169536
near,4,-0.000012483,0.000121724
near,4,-0.000040027,-0.000161466
near,4,0.000024788,0.000115058
near,4,-0.000085502,-0.000160607
near,4,0.000050483,0.000120760
near,4,-0.000105948,-0.000164433
near,4,0.000071969,0.000123639
near,4,-0.000120784,-0.000164296
near,4,0.000087723,0.000122364
near,4,-0.000141074,-0.000167016
near,4,0.000095654,0.000131963
near,4,-0.000143616,-0.000171252
near,4,0.000103439,0.000133959
near,4,-0.000148968,-0.000173579
near,4,0.000121518,0.000125559
near,4,-0.000171653,-0.000168368
near,4,0.000131978,0.000128652
near,4,-0.000183777,-0.000171219
near,4,0.000306731,0.000122903
near,4,-0.000364433,-0.000158008
near,4,-0.002435652,0.000125709
near,4,-0.000194874,-0.000198419
near,4,0.000427192,0.000230514
near,4,-0.000235778,-0.000205947
near,4,0.000334010,0.000405281
near,4,-0.000423189,-0.000400560
near,4,-0.000078677,0.000381530
near,4,0.000056673,-0.000323880
near,4,0.000011136,-0.000125529
near,4,0.000177582,-0.000022563
near,4,-0.000057056,0.000245547
near,4,-0.000027186,-0.000136879
near,4,0.000212076,0.000260069
near,4,-0.000174927,-0.000197943
near,4,-0.000145956,-0.000161170
near,4,0.000124312,0.000300034
near,4,0.000102572,-0.000148673
near,4,-0.000293439,-0.000118750
near,4,0.000120115,0.000264303
near,4,0.000069895,-0.000253819
near,4,0.000330289,0.000307859
near,4,-0.000113573,-0.000241465
near,4,0.000052394,0.000150926
near,4,0.000008606,0.000190245
near,4,-0.000158645,-0.000229943
near,4,0.000157330,0.000200603
near,4,-0.000063356,-0.000367424
near,4,-0.000013128,0.000164571
near,4,-0.000128206,-0.000164833
near,4,0.000265052,0.000136921
near,4,-0.000053816,-0.000152213
near,4,-0.000186798,0.000028826
near,4,-0.000054832,-0.000198158
near,4,-0.000109182,0.000136428
near,4,0.000007595,-0.000157301
near,4,-0.000095169,0.000233919
near,4,0.000266095,-0.000149135
near,4,0.000078688,0.000255043
near,4,-0.000111297,-0.000187450
near,4,0.000177623,0.000107296
near,4,0.000120835,0.000194255
near,4,0.000003432,-0.000150051
near,4,-0.000219981,-0.000050172
near,4,-0.000002169,0.000236657
near,4,0.000101686,-0.000264349
near,4,-0.000134819,0.000195296
near,4,0.000161292,-0.000257992
near,4,0.000045779,0.000180503
near,4,0.000053015,-0.000093407
near,4,-0.000036692,0.000266422
near,4,-0.000038923,-0.000300189
near,4,0.000198979,0.000240135
near,4,-0.000137358,-0.000170148
near,4,0.000035497,0.000253222
near,4,0.000106470,-0.000276216
near,4,-0.000016243,0.000262070
near,4,-0.000080152,-0.000191993
near,4,0.000047395,0.000271652
near,4,-0.000122884,-0.000283479
near,4,0.000272488,0.000255672
near,4,-0.000198671,-0.000180983
near,4,0.000128236,0.000261164
near,4,-0.000221482,-0.000278419
near,4,0.000215038,0.000247065
near,4,-0.000073767,-0.000182215
near,4,0.000216852,0.000272383
near,4,-0.000070009,-0.000277437
near,4,-0.000001064,0.000257718
near,4,0.000163223,-0.000183134
near,4,-0.000086971,0.000263099
near,4,-0.000077563,-0.000278172
near,4,0.000098476,0.000239146
near,4,-0.000135093,-0.000163923
near,4,0.000183853,0.000256819
near,4,0.000058865,-0.000278066
near,4,-0.000056252,0.000262945
near,4,0.000132078,-0.000181229
near,4,-0.000022210,0.000248494
near,4,-0.000379794,-0.000195293
near,4,0.000471173,0.000309618
near,4,-0.000152016,-0.000220947
near,4,0.000098609,0.000307349
near,4,-0.000073366,-0.000263082
near,4,0.000102086,0.000303609
near,4,-0.000055646,-0.000254882
near,4,0.000133490,0.000256093
near,4,-0.000125358,-0.000240307
near,4,0.000107397,0.000304447
near,4,-0.000059362,-0.000260823
near,4,0.000079772,0.000266228
near,4,-0.000057629,-0.000241224
near,4,0.000094727,0.000278028
near,4,-0.000069382,-0.000242615
near,4,0.000074309,0.000248101
near,4,-0.000052810,-0.000231887
near,4,0.000114770,0.000298880
near,4,-0.000068724,-0.000252240
near,4,0.000141952,0.000247597
near,4,-0.000121062,-0.000239319
near,4,0.000103853,0.000300440
near,4,-0.000067815,-0.000250349
near,4,0.000039127,0.000231869
near,4,-0.000019048,-0.000223171
near,4,0.000102563,0.000295994
near,4,-0.000066884,-0.000245674
near,4,0.000035050,0.000219995
near,4,0.000039373,-0.000209779
near,4,0.000070745,0.000281532
near,4,-0.000089559,-0.000228403
near,4,0.000098467,0.000197505
near,4,-0.000075634,-0.000182957
near,4,0.000141527,0.000271310
near,4,-0.000106884,-0.000229854
near,4,0.000165483,0.000178974
near,4,-0.000592932,-0.000127948
near,4,0.000593532,0.000144601
near,4,-0.000169386,-0.000116124
near,4,0.000151561,0.000158797
near,4,-0.000078928,-0.000130606
near,4,0.000113733,0.000159936
near,4,-0.000166338,-0.000138639
near,4,0.000140844,0.000186543
near,4,-0.000128143,-0.000175339
near,4,0.000265991,0.000228892
near,4,-0.000239071,-0.000207938
near,4,0.000200778,0.000249270
near,4,0.000100899,-0.000234396
near,4,-0.000053047,0.000260983
near,4,-0.000122243,-0.000229222
near,4,0.000130744,0.000268898
near,4,-0.000315415,-0.000238891
near,4,0.000318180,0.000213380
near,4,-0.000151008,-0.000195138
near,4,0.000201454,0.000262263
near,4,-0.000181020,-0.000233775
near,4,0.000210195,0.000273628
near,4,-0.000090277,-0.000236534
near,4,0.000156140,0.000233105
near,4,-0.000230779,-0.000218615
near,4,0.000215027,0.000288690
near,4,-0.000140893,-0.000246489
near,4,0.000175004,0.000237957
near,4,-0.000171883,-0.000231093
near,4,0.000201021,0.000286486
near,4,-0.000123042,-0.000234506
near,4,0.000138292,0.000202068
near,4,-0.000051120,-0.000183081
near,4,0.000095553,0.000271400
near,4,-0.000042611,-0.000236982
near,4,0.000105877,0.000226391
near,5,-0.000071982,0.000131845
near,5,-0.000556866,0.000403166
near,5,0.000472304,-0.000300169
near,5,-0.000506763,0.000528574
near,5,0.000179357,-0.000633955
near,5,0.000163926,0.000295162
near,5,-0.000156408,-0.000298023
near,5,0.000414241,0.000403404
near,5,-0.000000157,-0.000435829
near,5,0.000408282,0.000426292
near,5,-0.000075985,-0.000404596
near,5,0.000201727,0.000442266
near,5,0.000042750,-0.000407219
near,5,-0.000010539,0.000451803
near,5,0.000014608,-0.000402927
near,5,-0.000107186,0.000466824
near,5,-0.000093097,-0.000438452
near,5,-0.000158818,0.000410318
near,5,0.000275284,-0.000391722
near,5,-0.000293126,0.000473976
near,5,-0.000246642,-0.000468493
near,5,-0.000186375,0.000382900
near,5,0.000471661,-0.000402927
near,5,-0.000508077,0.000470877
near,5,-0.000124917,-0.000495195
near,5,-0.000326633,0.000379324
near,5,0.000593369,-0.000431776
near,5,-0.000699361,0.000448704
near,5,0.000318858,-0.000507116
near,5,-0.000416045,0.000364065
near,5,0.000684221,-0.000415325
near,5,-0.000728372,0.000449419
near,5,0.000334265,-0.000509501
near,5,-0.000357917,0.000375271
near,5,0.000551108,-0.000428915
near,5,-0.000543389,0.000416994
near,5,0.000359498,-0.000470161
near,5,-0.000309118,0.000378132
near,5,0.000355763,-0.000421286
near,5,0.000557041,0.000378370
near,5,-0.000844712,-0.000375986
near,5,0.000747810,0.000295639
near,5,-0.000559803,-0.000295877
near,5,0.000226542,0.000452042
near,5,-0.000455635,-0.000504971
near,5,0.000512612,0.000309944
near,5,0.000081757,-0.000005484
near,5,0.000010677,0.000450134
near,5,-0.000270401,-0.000148535
near,5,0.000230192,0.000331640
near,5,0.000003177,-0.000016928
near,5,-0.000901200,0.000187397
near,5,0.000910643,-0.000032425
near,5,-0.000924714,-0.000019073
near,5,0.000658241,-0.000202656
near,5,0.000056208,-0.000039816
near,5,0.000361537,-0.000141144
near,5,0.000058525,0.000057220
near,5,-0.000499905,0.000495434
near,5,0.000663052,-0.000480890
near,5,-0.000548977,0.000296116
near,5,0.000601214,-0.000292063
near,5,-0.000593410,0.000306368
near,5,0.001064422,-0.000422239
near,5,-0.001074897,0.000501156
near,5,0.000943407,-0.000571012
near,5,-0.001107648,0.000475407
near,5,0.001007626,-0.000505686
near,5,-0.001163967,0.000468016
near,5,0.001094731,-0.000509977
near,5,-0.000899858,0.000470400
near,5,0.000863282,-0.000505209
near,5,-0.000419525,0.000469923
near,5,0.000373924,-0.000484705
near,5,0.000013294,0.000465393
near,5,-0.000088707,-0.000463724
near,5,0.000251301,0.000456095
near,5,-0.000358931,-0.000445127
near,5,0.000431491,0.000452757
near,5,-0.000648088,-0.000452995
near,5,0.000709166,0.000434637
near,5,-0.000929836,-0.000432968
near,5,0.000873903,0.000415802
near,5,-0.001138729,-0.000432253
near,5,0.000960042,0.000396729
near,5,-0.001037099,-0.000421047
near,5,0.000943638,0.000392199
near,5,-0.001057717,-0.000427008
near,5,0.000972123,0.000388861
near,5,-0.001068662,-0.000431538
near,5,0.000742207,0.000382185
near,5,-0.000812683,-0.000433683
near,5,0.000240893,0.000369787
near,5,-0.000224657,-0.000435829
near,5,-0.000040087,0.000291824
near,5,0.000033726,-0.000368118
near,5,0.000034608,0.000331402
near,5,-0.000010982,-0.000400066
near,5,0.000220916,0.000360012
near,5,0.000035875,-0.000422716
near,5,0.000269824,0.000377417
near,5,-0.000163713,-0.000400066
near,5,0.000251713,0.000371456
near,5,-0.000219666,-0.000381470
near,5,0.000208727,0.000377655
near,5,-0.000045396,-0.000398159
near,5,-0.000000978,0.000381708
near,5,-0.000002674,-0.000385523
near,5,-0.000031204,0.000380516
near,5,0.000098641,-0.000391960
near,5,-0.000138042,0.000384569
near,5,0.000184616,-0.000393629
near,5,-0.000587916,0.000382900
near,5,0.000570383,-0.000402212
near,5,-0.001133072,0.000393152
near,5,0.001164715,-0.000449181
near,5,-0.001111651,0.000411034
near,5,0.001111319,-0.000450611
near,5,-0.000062998,0.000403166
near,5,0.000081895,-0.000386000
near,5,0.000029251,0.000390053
near,5,-0.000055304,-0.000371933
near,5,0.000094389,0.000380278
near,5,-0.000140407,-0.000369310
near,5,-0.000720160,0.000360966
near,5,0.000786682,-0.000386477
near,5,-0.000758337,0.000371218
near,5,0.000753039,-0.000393391
near,5,-0.000698231,0.000386953
near,5,0.000671198,-0.000405073
near,5,-0.000594483,0.000396013
near,5,0.000566132,-0.000410795
near,5,-0.000454376,0.000387669
near,5,0.000444411,-0.000394106
near,5,-0.000358541,0.000375509
near,5,0.000346226,-0.000380278
near,5,-0.000294995,0.000371218
near,5,0.000278829,-0.000374079
near,5,-0.000220586,0.000357151
near,5,0.000226447,-0.000354528
near,5,-0.000198863,0.000349522
near,5,0.000194477,-0.000344992
near,5,-0.000182560,0.000349760
near,5,0.000145921,-0.000350237
near,5,-0.000135191,0.000353098
near,5,0.000124508,-0.000349045
near,5,-0.000120775,0.000356913
near,5,-0.000577163,-0.000355005
near,5,0.000616925,0.000312328
near,5,0.000093623,-0.000338554
near,5,0.000517609,0.000427008
near,5,0.000139937,-0.000168800
near,5,-0.000278885,0.000274658
near,5,-0.001559560,-0.000105381
near,5,0.000739297,-0.000093937
near,5,-0.000738861,0.000367880
near,5,0.000973072,0.000097513
near,5,0.000760853,-0.000264883
near,5,0.000220346,0.000103712
near,5,-0.000682262,0.000618696
near,5,-0.000609251,-0.000542641
near,5,0.000205137,0.000619173
near,5,0.000193851,0.000134945
near,5,0.000144247,-0.000406504
near,5,-0.000261954,0.000579119
near,5,-0.000234099,-0.000025272
near,5,-0.000145995,-0.000210762
near,5,0.000377869,0.000286102
near,5,0.000231026,-0.000381231
near,5,0.000256457,0.000272512
near,5,0.000083337,-0.000101805
near,5,-0.000213948,0.000221252
near,5,-0.000549919,0.000069141
near,5,-0.000003963,-0.000071049
near,5,0.000547613,0.000025034
near,5,0.000211784,-0.000101805
near,5,-0.000846394,0.000008106
near,5,0.000089412,0.000242233
near,5,0.000663623,-0.000048161
near,5,0.000078083,0.000230312
near,5,-0.000749863,-0.000190020
near,5,0.000041944,-0.000006676
near,5,-0.000287772,0.000196695
near,5,0.000162536,-0.000406027
near,5,-0.000117000,0.000338793
near,5,0.000387761,-0.000454426
near,5,0.000211426,0.000206470
near,5,-0.000336906,-0.000297308
near,5,0.000566273,-0.000008821
near,5,-0.000283226,0.000247240
near,5,0.000291746,-0.000180721
near,5,-0.000576681,0.000268698
near,5,0.000154413,0.000036478
near,5,-0.000295749,-0.000193834
near,5,-0.000243710,0.000106573
near,5,0.000517506,-0.000464916
near,5,-0.000316504,0.000257492
near,5,0.000098026,-0.000305653
near,5,-0.000088929,0.000280380
near,5,0.000981111,-0.000386477
near,5,-0.000219753,0.000216961
near,5,-0.000156059,-0.000154972
near,5,-0.000646811,0.000277042
near,5,0.000989666,-0.000365496
near,5,-0.000941046,0.000273228
near,5,0.000067648,-0.000277996
near,5,-0.000127108,0.000276566
near,5,0.000613725,-0.000364065
near,5,0.000185425,0.000259399
near,5,0.000063285,-0.000269175
near,5,-0.000892446,0.000295639
near,5,0.000262649,-0.000345707
near,5,0.000093381,0.000204086
near,5,0.000093414,-0.000213623
near,5,-0.000295059,0.000259638
near,5,0.000491723,-0.000318289
near,5,-0.000538757,0.000233650
near,5,0.000891435,-0.000272036
near,5,-0.000594689,0.000276089
near,5,0.000074926,-0.000282764
near,5,-0.000018676,0.000171900
near,5,0.000022117,-0.000143051
near,5,-0.000087971,0.000240088
near,5,0.000574395,-0.000278234
near,5,-0.000941931,0.000252962
near,5,0.000985385,-0.000283480
near,5,-0.000201087,0.000260592
near,5,-0.000504038,-0.000232697
near,5,0.000485294,0.000198364
near,5,-0.000156125,-0.000173092
near,5,-0.000671739,0.000247240
near,5,0.000684658,-0.000280380
near,5,-0.000683904,0.000282288
near,5,0.000616905,-0.000340700
near,5,-0.000498936,0.000208855
near,5,0.000395145,-0.000178337
near,5,-0.000519247,0.000271082
near,5,0.000661422,-0.000337601
near,5,-0.000665404,0.000274181
near,5,0.000701951,-0.000296116
near,5,-0.000705475,0.000259399
near,5,0.000676107,-0.000283718
near,5,-0.000260308,0.000190496
near,5,0.000213401,-0.000146866
near,5,-0.000636956,0.000256062
near,5,0.000708251,-0.000312328
near,5,-0.000538936,0.000222206
near,5,0.000540710,-0.000197887
near,5,-0.000709509,0.000250340
near,5,0.000703803,-0.000296593
near,5,-0.000285506,0.000169992
near,5,0.000043988,-0.000120401
near,5,-0.000460134,0.000223398
near,5,0.000675235,-0.000285864
near,5,-0.000254241,0.000151873
near,5,-0.001084025,-0.000106812
near,5,0.000651086,0.000151396
near,5,0.000647784,-0.000250816
near,5,-0.000575945,0.000125408
near,5,0.000551247,-0.000096083
near,5,-0.000576122,0.000194311
near,5,0.000581330,-0.000222206
near,5,0.000240712,0.000076771
near,5,-0.000533394,-0.000030994
near,5,0.000466250,0.000053644
near,5,-0.000432078,-0.000036716
near,5,-0.000278847,0.000060558
near,5,0.000426703,-0.000078440
near,5,-0.000432129,0.000072956
near,5,0.000453800,-0.000078201
near,5,-0.000088222,0.000104189
near,5,0.000111802,-0.000087738
near,5,-0.000334851,0.000143528
near,5,0.000336695,-0.000143766
near,5,-0.000530690,0.000186920
near,5,0.000949639,-0.000208378
near,5,-0.000955107,0.000180244
near,5,0.000491870,-0.000158787
near,5,-0.000483838,0.000207424
near,5,0.000334069,-0.000245810
near,5,0.000088109,0.000127554
near,5,0.000188020,-0.000101328
near,5,-0.000601767,0.000177622
near,5,0.000281442,-0.000178814
near,5,-0.000282985,0.000216961
near,5,0.000932273,-0.000265360
near,5,-0.000928755,0.000183821
near,5,0.000381027,-0.000133991
near,5,-0.000318901,0.000226974
near,5,0.000449446,-0.000273466
near,5,-0.000514608,0.000191450
near,5,0.000568075,-0.000176668
near,5,-0.000553094,0.000223160
near,5,0.000486867,-0.000256777
near,5,-0.000073323,0.000117540
near,5,0.000229758,-0.000073671
near,5,-0.000642474,0.000190735
near,5,0.000703873,-0.000209332
near,5,-0.000717119,0.000134468
near,6,0.000239856,0.000238299
near,6,-0.000000702,0.000302613
near,6,0.000627710,0.000574410
near,6,-0.000250871,0.000156462
near,6,0.000359750,-0.000078261
near,6,-0.000143629,0.000078261
near,6,0.000188311,0.000060022
near,6,-0.000122189,-0.000003994
near,6,0.000179007,0.000030041
near,6,-0.000112821,0.000081956
near,6,0.000147979,-0.000016451
near,6,-0.000050910,0.000058532
near,6,0.000127276,-0.000007868
near,6,-0.000050405,0.000075579
near,6,0.000120244,-0.000003755
near,6,-0.000064203,0.000061989
near,6,0.000119772,-0.000063717
near,6,-0.000094809,0.000081956
near,6,0.000125327,-0.000007749
near,6,-0.000079875,0.000046790
near,6,0.000083465,-0.000063181
near,6,-0.000113691,0.000086486
near,6,0.000157795,-0.000019550
near,6,-0.000119111,0.000049412
near,6,0.000076508,-0.000074744
near,6,-0.000152267,0.000083327
near,6,0.000206172,-0.000038087
near,6,-0.000194708,0.000042200
near,6,0.000123891,-0.000078678
near,6,-0.000170641,0.000073969
near,6,0.000267505,-0.000003994
near,6,-0.000229603,0.000021935
near,6,0.000159245,-0.000053763
near,6,-0.000104432,0.000068009
near,6,0.000158106,-0.000028551
near,6,-0.000100554,0.000020802
near,6,0.000091093,-0.000028133
near,6,-0.000029557,0.000037193
near,6,0.000057507,-0.000021398
near,6,-0.000171121,0.000018120
near,6,0.000169392,-0.000026166
near,6,-0.000158700,0.000011981
near,6,0.000227686,0.000195324
near,6,-0.000123882,-0.000029624
near,6,0.000217830,-0.000075161
near,6,-0.000207828,0.000043690
near,6,0.000259911,-0.001706719
near,6,-0.000233590,0.000316739
near,6,0.000452606,-0.001808524
near,6,-0.000321797,0.000001609
near,6,0.000368944,-0.001757264
near,6,-0.000085961,0.000150502
near,6,0.000102333,-0.001479626
near,6,-0.000037538,0.000009239
near,6,-0.000088497,0.000218511
near,6,-0.000013768,-0.000557780
near,6,0.000366593,0.000281632
near,6,0.000153995,-0.000141025
near,6,-0.000629221,0.000747144
near,6,0.000683007,0.000047088
near,6,-0.000569577,-0.000318468
near,6,0.000639031,0.000671446
near,6,-0.000531578,-0.000323653
near,6,0.000404920,-0.000051320
near,6,-0.000362454,0.000122786
near,6,0.000190340,-0.000136852
near,6,-0.000152245,-0.000036120
near,6,0.000155338,0.000083625
near,6,-0.000030505,-0.000048995
near,6,0.000062727,0.000082731
near,6,0.000131917,-0.000037551
near,6,-0.000104658,0.000068605
near,6,0.000254698,-0.000042975
near,6,-0.000235287,0.000074506
near,6,0.000356949,-0.000055671
near,6,-0.000338315,0.000082612
near,6,0.000309869,-0.000067234
near,6,-0.000281588,0.000123143
near,6,0.000253651,-0.000056446
near,6,-0.000231935,0.000067949
near,6,0.000113886,-0.000069141
near,6,-0.000083247,0.000118613
near,6,-0.000014643,-0.000082433
near,6,0.000022052,0.000100553
near,6,-0.000054574,-0.000099480
near,6,0.000013846,0.000154257
near,6,0.000019599,-0.000112295
near,6,-0.000061447,0.000128269
near,6,0.000086655,-0.000114441
near,6,-0.000106376,0.000130415
near,6,0.000118277,-0.000134826
near,6,-0.000117169,0.000170708
near,6,0.000093731,-0.000175774
near,6,-0.000075905,0.000216544
near,6,-0.000075070,-0.000404358
near,6,0.000086301,0.000411630
near,6,-0.000106977,-0.000290036
near,6,0.000140698,0.000335157
near,6,-0.000087752,-0.000229895
near,6,0.000139355,0.000208497
near,6,0.000002877,-0.000233471
near,6,0.000043642,0.000285864
near,6,0.000109667,-0.000281274
near,6,-0.000070437,0.000334442
near,6,0.000150056,-0.000271082
near,6,-0.000070855,0.000274003
near,6,0.000161527,-0.000291348
near,6,-0.000134847,0.000340521
near,6,0.000180201,-0.000296593
near,6,-0.000117417,0.000318468
near,6,0.000159288,-0.000296414
near,6,-0.000090609,0.000317633
near,6,-0.000028391,-0.000305712
near,6,0.000042091,0.000352442
near,6,-0.000098922,-0.000285745
near,6,0.000158836,0.000255704
near,6,-0.000142666,-0.000246227
near,6,0.000163892,0.000271380
near,6,0.000090405,-0.000280499
near,6,0.000013831,0.000335872
near,6,-0.000050143,-0.000308931
near,6,0.000145023,0.000358582
near,6,-0.000179983,-0.000323296
near,6,0.000250321,0.000341356
near,6,-0.000240812,-0.000359952
near,6,0.000184233,0.000405848
near,6,-0.000161031,-0.000364840
near,6,0.000207495,0.000381470
near,6,-0.000170786,-0.000322819
near,6,0.000241961,0.000337303
near,6,-0.000198269,-0.000288904
near,6,0.000251684,0.000316143
near,6,-0.000199859,-0.000312626
near,6,0.000235121,0.000345945
near,6,-0.000187731,-0.000344515
near,6,0.000221169,0.000373185
near,6,-0.000180998,-0.000356615
near,6,0.000215323,0.000376642
near,6,-0.000172823,-0.000392914
near,6,0.000194481,0.000432968
near,6,-0.000161011,-0.000418723
near,6,0.000193425,0.000462711
near,6,-0.000162938,-0.000419617
near,6,0.000205187,0.000432253
near,6,-0.000175307,-0.000398040
near,6,0.000208764,0.000446618
near,6,-0.000182817,-0.000389576
near,6,0.000177329,0.000418723
near,6,-0.000151806,-0.000398040
near,6,-0.006032684,0.000417590
near,6,-0.000388828,-0.000788033
near,6,0.000480131,0.000744045
near,6,-0.000387714,-0.000562191
near,6,0.000582661,0.000944912
near,6,-0.000415786,-0.001098931
near,6,-0.000233199,0.000425518
near,6,0.000224307,-0.000252247
near,6,0.000018579,-0.001868844
near,6,-0.000114591,-0.000831306
near,6,0.000057291,0.000117183
near,6,0.000138790,-0.000696480
near,6,-0.000151172,-0.000209272
near,6,0.000217158,-0.000623226
near,6,-0.000254451,-0.001697123
near,6,-0.000068559,0.000386238
near,6,0.000577629,-0.000187933
near,6,-0.000596210,-0.001548171
near,6,0.000139925,0.000238478
near,6,-0.000091206,-0.000564635
near,6,0.000282282,0.000342667
near,6,-0.000017656,-0.001289487
near,6,-0.000211957,0.000362456
near,6,0.000130164,0.000060380
near,6,-0.000092965,-0.001421750
near,6,-0.000027861,0.001156807
near,6,0.000159272,-0.001309514
near,6,0.000190016,0.000275612
near,6,-0.000265108,0.000025988
near,6,0.000386577,-0.000492215
near,6,-0.000401717,0.000670314
near,6,0.000306184,-0.001905560
near,6,-0.000225145,-0.000243425
near,6,0.000141702,-0.000433147
near,6,-0.000134523,-0.000579298
near,6,-0.000104619,0.000350535
near,6,0.000095288,-0.000618517
near,6,-0.000112626,0.001080513
near,6,0.000157432,-0.000994861
near,6,-0.000193936,-0.000371695
near,6,0.000072034,0.000935316
near,6,0.000205573,-0.000862896
near,6,-0.000415351,-0.000042081
near,6,0.000159611,0.000164688
near,6,-0.000031369,-0.000077069
near,6,0.000145132,0.000331104
near,6,0.000004379,-0.000546515
near,6,0.000174145,-0.000283003
near,6,-0.000155019,-0.000121236
near,6,-0.000047313,0.000870168
near,6,-0.000235324,-0.000700831
near,6,0.000230663,0.000578046
near,6,-0.000214030,-0.000727892
near,6,0.000246142,0.000851333
near,6,-0.000172101,-0.000709951
near,6,0.000250720,0.000628889
near,6,-0.000210976,-0.000752747
near,6,0.000079183,0.000783563
near,6,-0.000280677,-0.000700653
near,6,0.000224039,0.000620186
near,6,-0.000328933,-0.000769377
near,6,0.000370102,0.000795126
near,6,-0.000244586,-0.000710309
near,6,0.000152621,0.000618339
near,6,-0.000184601,-0.000787318
near,6,0.000266614,0.000866175
near,6,-0.000169224,-0.000750005
near,6,0.000117687,0.000660419
near,6,-0.000153220,-0.000800133
near,6,0.000020978,0.000822723
near,6,-0.000004950,-0.000774145
near,6,0.000024311,0.000626147
near,6,-0.000206249,-0.000790238
near,6,0.000170900,0.000931740
near,6,-0.000057287,-0.000796735
near,6,0.000168026,0.000730693
near,6,-0.000198881,-0.000828445
near,6,-0.000025076,0.000797272
near,6,-0.000230957,-0.000857234
near,6,0.000179571,0.000647902
near,6,-0.000099177,-0.000783145
near,6,0.000173132,0.000841379
near,6,-0.000223710,-0.000839055
near,6,0.000191044,0.000826836
near,6,-0.000152799,-0.000807643
near,6,0.000158860,0.000604570
near,6,-0.000208470,-0.000712514
near,6,0.000156995,0.000882268
near,6,-0.000184144,-0.000811756
near,6,0.000178427,0.000650287
near,6,-0.000208980,-0.000711560
near,6,0.000174240,0.000732183
near,6,-0.000170732,-0.000768721
near,6,0.000021259,0.000612199
near,6,-0.000068557,-0.000725210
near,6,0.000174339,0.000934899
near,6,-0.000182904,-0.000841439
near,6,0.000189336,0.000645101
near,6,-0.000228064,-0.000763059
near,6,0.000170612,0.000901103
near,6,-0.000159790,-0.000833690
near,6,-0.000002321,0.000537813
near,6,0.000019027,-0.000694156
near,6,0.000097443,0.000951350
near,6,-0.000143942,-0.000846624
near,6,-0.000020049,0.000492632
near,6,0.000414931,-0.000670254
near,6,-0.000270565,0.000938058
near,6,-0.000150645,-0.000817597
near,6,0.000132005,0.000411391
near,6,-0.000179359,-0.000597179
near,6,0.000154831,0.000935614
near,6,-0.000130180,-0.000854015
near,6,-0.000038052,0.000311255
near,6,-0.000376341,-0.000447929
near,6,0.000353474,0.000442505
near,6,0.000013164,-0.000456333
near,6,0.000098617,0.000477314
near,6,-0.000118117,-0.000479043
near,6,0.000108071,0.000470877
near,6,-0.000222976,-0.000513613
near,6,0.000036214,0.000632048
near,6,-0.000084071,-0.000658214
near,6,0.000219994,0.000814915
near,6,-0.000256571,-0.000774920
near,6,0.000226569,0.000865757
near,6,-0.000070658,-0.000845194
near,6,0.000058407,0.000730217
near,6,-0.000176833,-0.000763416
near,6,0.000142129,0.000874162
near,6,-0.000296575,-0.000833035
near,6,0.000160351,0.000537217
near,6,-0.000136135,-0.000664711
near,6,0.000224798,0.000861883
near,6,-0.000184129,-0.000814557
near,6,0.000170353,0.000884533
near,6,-0.000260544,-0.000824273
near,6,0.000289492,0.000565410
near,6,-0.000289690,-0.000689268
near,6,0.000183582,0.000940084
near,6,-0.000174678,-0.000845909
near,6,0.000206450,0.000631630
near,6,-0.000268507,-0.000754416
near,6,0.000216184,0.000880599
near,6,-0.000141532,-0.000816941
near,6,0.000026796,0.000405312
near,6,-0.000064133,-0.000596464
near,6,0.000128083,0.000929415
near,6,-0.000120759,-0.000864804
near,6,0.000161187,0.000581026
press,0,-0.000182737,-0.000201216
press,0,-0.000401569,-0.000410561
press,0,-0.000448242,-0.000454597
press,0,-0.000159868,-0.000172986
press,0,-0.000163872,-0.000151586
press,0,-0.000497010,-0.000507744
press,0,-0.000479107,-0.000465961
press,0,-0.000113977,-0.000125011
press,0,-0.000542785,-0.000550224
press,0,-0.000294865,-0.000279395
press,0,-0.000345781,-0.000352250
press,0,-0.000262895,-0.000269359
press,0,-0.000397173,-0.000400934
press,0,-0.000377091,-0.000374885
press,0,-0.000250368,-0.000240708
press,0,-0.000411902,-0.000417715
press,0,-0.000417905,-0.000416692
press,0,-0.000030813,-0.000030532
press,0,-0.000472829,-0.000480497
press,0,-0.000484909,-0.000480091
press,0,-0.000194252,-0.000204358
press,0,-0.000611542,-0.000607939
press,0,0.000028878,0.000027508
press,0,-0.000523391,-0.000522466
press,0,-0.000441441,-0.000431713
press,0,-0.000081529,-0.000094965
press,0,-0.000507353,-0.000502273
press,0,-0.000258890,-0.000259066
press,0,-0.000403113,-0.000406381
press,0,-0.000435417,-0.000440165
press,0,-0.000055195,-0.000043727
press,0,-0.000425273,-0.000433482
press,0,-0.000494993,-0.000483364
press,0,-0.000154563,-0.000168152
press,0,-0.000632373,-0.000638396
press,0,0.000016861,0.000023160
press,0,-0.000514905,-0.000522368
press,0,-0.000406559,-0.000390243
press,0,-0.000127235,-0.000133201
press,0,-0.000503656,-0.000514366
press,0,-0.000334235,-0.000321530
press,0,-0.000343689,-0.000342183
press,0,-0.000386973,-0.000391740
press,0,-0.000210831,-0.000208881
press,0,-0.000495722,-0.000504512
press,0,-0.000214894,-0.000203483
press,0,-0.000465447,-0.000470717
press,0,-0.000246766,-0.000240598
press,0,-0.000431158,-0.000439573
press,0,-0.000213612,-0.000211883
press,0,-0.000483393,-0.000486303
press,0,-0.000200261,-0.000196002
press,0,-0.000430302,-0.000431854
press,0,-0.000392351,-0.000384953
press,0,-0.000029605,-0.000034384
press,0,-0.000451493,-0.000461679
press,0,-0.000501527,-0.000487946
press,0,-0.000137686,-0.000139389
press,0,-0.000491481,-0.000497445
press,0,-0.000421180,-0.000407733
press,0,-0.000147325,-0.000156324
press,0,-0.000677833,-0.000683777
press,0,0.000069703,0.000074442
press,0,-0.000531881,-0.000535645
press,0,-0.000444305,-0.000433523
press,0,-0.000038568,-0.000042833
press,0,-0.000581890,-0.000587452
press,0,-0.000322680,-0.000311106
press,0,-0.000310581,-0.000317898
press,0,-0.000525667,-0.000528336
press,0,0.000011661,0.000011615
press,0,-0.000580485,-0.000581194
press,0,-0.000362107,-0.000352763
press,0,-0.000158820,-0.000164870
press,0,-0.000599696,-0.000609729
press,0,-0.000013304,-0.000000414
press,0,-0.000388283,-0.000394460
press,0,-0.000545264,-0.000531469
press,0,-0.000181893,-0.000189610
press,0,-0.000587289,-0.000589263
press,0,-0.000054794,-0.000053510
press,0,-0.000429224,-0.000438403
press,0,-0.000576251,-0.000563309
press,0,0.000195074,0.000189036
press,0,-0.000453187,-0.000454478
press,0,-0.000604536,-0.000590369
press,0,-0.000382323,-0.000386134
press,0,-0.000231327,-0.000237186
press,0,-0.000540030,-0.000550210
press,0,-0.000291179,-0.000278670
press,0,-0.000115529,-0.000118438
press,0,-0.000497220,-0.000509635
press,0,-0.000404859,-0.000390753
press,0,-0.000188728,-0.000191640
press,0,-0.000639821,-0.000647798
press,0,0.000034770,0.000043429
press,0,-0.000525184,-0.000526968
press,0,-0.000432033,-0.000426631
press,0,-0.000122199,-0.000126518
press,0,-0.000677818,-0.000686858
press,0,0.000083637,0.000089366
press,0,-0.000489655,-0.000490885
press,0,-0.000609114,-0.000596587
press,0,0.000071273,0.000061478
press,0,-0.000559369,-0.000557728
press,0,-0.000554102,-0.000545409
press,0,-0.000054729,-0.000075847
press,0,-0.000345531,-0.000326615
press,0,-0.000566394,-0.000576038
press,0,-0.000177040,-0.000166584
press,0,-0.000473321,-0.000481155
press,0,-0.000358152,-0.000352859
press,0,-0.000125777,-0.000134040
press,0,-0.000633038,-0.000641219
press,0,0.000055178,0.000071418
press,0,-0.000391007,-0.000401665
press,0,-0.000580620,-0.000560764
press,0,-0.000334874,-0.000341546
press,0,-0.000333996,-0.000338119
press,0,-0.000352262,-0.000358775
press,0,-0.000355435,-0.000353992
press,0,-0.000370909,-0.000366420
press,0,-0.000282447,-0.000284865
press,0,-0.000485556,-0.000483923
press,0,-0.000178216,-0.000178047
press,0,-0.000530089,-0.000531711
press,0,-0.000028582,-0.000027873
press,0,-0.000384419,-0.000389419
press,0,-0.000555151,-0.000538461
press,0,-0.000182963,-0.000187822
press,0,-0.000579248,-0.000587992
press,0,-0.000067313,-0.000063017
press,0,-0.000445804,-0.000449196
press,0,-0.000578894,-0.000573337
press,0,0.000218627,0.000219010
press,0,-0.000472398,-0.000478372
press,0,-0.000600591,-0.000584781
press,0,-0.000400029,-0.000405051
press,0,-0.000170135,-0.000179522
press,0,-0.000559180,-0.000568517
press,0,-0.000275604,-0.000257984
press,0,-0.000380517,-0.000391588
press,0,-0.000292902,-0.000293836
press,0,-0.000468133,-0.000464052
press,0,-0.000094967,-0.000100538
press,0,-0.000508783,-0.000507489
press,0,-0.000493560,-0.000485592
press,0,0.000025023,0.000017725
press,0,-0.000692114,-0.000688314
press,0,-0.001509396,0.000021487
press,0,0.000002307,0.000009075
press,0,0.000061154,0.000067927
press,0,0.000247797,0.000228375
press,0,0.000136025,0.000149883
press,0,0.000247943,0.000242017
press,0,0.000030186,0.000035211
press,0,0.000397031,0.000379406
press,0,0.000249786,0.000269353
press,0,-0.000190016,-0.000194520
press,0,0.000455365,0.000451170
press,0,0.000254016,0.000256829
press,0,0.000034735,0.000039734
press,0,0.000322168,0.000319675
press,0,-0.000053730,-0.000047937
press,0,0.000401532,0.000393361
press,0,0.000066023,0.000070527
press,0,0.000439123,0.000429027
press,0,-0.000123963,-0.000115715
press,0,0.000138083,0.000140637
press,0,0.000466543,0.000449151
press,0,0.000248568,0.000277363
press,0,-0.000179152,-0.000181988
press,0,0.000452886,0.000444144
press,0,0.000073790,0.000088632
press,0,0.000260462,0.000244401
press,0,0.000129048,0.000130355
press,0,0.000221713,0.000219695
press,0,0.000186750,0.000186160
press,0,0.000110217,0.000112072
press,0,0.000338059,0.000327580
press,0,-0.000025188,-0.000015140
press,0,0.000438106,0.000427820
press,0,0.000010063,0.000026837
press,0,0.000310397,0.000296980
press,0,0.000014527,0.000022903
press,0,0.000428621,0.000420384
press,0,-0.000131957,-0.000122815
press,0,0.000518676,0.000500061
press,0,-0.000067083,-0.000045061
press,0,0.000398258,0.000386566
press,0,-0.000024853,-0.000015549
press,0,0.000416554,0.000402428
press,0,-0.000057687,-0.000050046
press,0,0.000440170,0.000435010
press,0,-0.000055881,-0.000043251
press,0,0.000429089,0.000413589
press,0,-0.000043772,-0.000033066
press,0,0.000420544,0.000409767
press,0,-0.000041711,-0.000031561
press,0,0.000420156,0.000409968
press,0,-0.000055103,-0.000042468
press,0,0.000431211,0.000424296
press,0,-0.000048433,-0.000038967
press,0,0.000430044,0.000413254
press,0,-0.000046644,-0.000034854
press,0,0.000413645,0.000412613
press,0,-0.000035559,-0.000037953
press,0,0.000427703,0.000419341
press,0,-0.000056564,-0.000039250
press,0,0.000430431,0.000417847
press,0,-0.000054924,-0.000040639
press,0,0.000441232,0.000416480
press,0,-0.000055400,-0.000033915
press,0,0.000423703,0.000412930
press,0,-0.000051864,-0.000038058
press,0,0.000443867,0.000416897
press,0,-0.000056187,-0.000033315
press,0,0.000431028,0.000412226
press,0,-0.000052702,-0.000036322
press,0,0.000423272,0.000416357
press,0,-0.000047986,-0.000034630
press,0,0.000437699,0.000412084
press,0,-0.000052441,-0.000032715
press,0,0.000428913,0.000415228
press,0,-0.000061213,-0.000041824
press,0,0.000446235,0.000421319
press,0,-0.000066108,-0.000041220
press,0,0.000436845,0.000419345
press,0,-0.000047762,-0.000033304
press,0,0.000422390,0.000409734
press,0,-0.000045176,-0.000033315
press,0,0.000433919,0.000413816
press,0,-0.000054632,-0.000034861
press,0,0.000435921,0.000416551
press,0,-0.000059123,-0.000040270
press,0,0.000441706,0.000422247
press,0,-0.000056064,-0.000031851
press,0,0.000432786,0.000408646
press,0,-0.000054739,-0.000036743
press,0,0.000427383,0.000419669
press,0,-0.000051572,-0.000043023
press,0,0.000437823,0.000421394
press,0,-0.000050147,-0.000032548
press,0,0.000421245,0.000411034
press,0,-0.000046163,-0.000035979
press,0,0.000434376,0.000418600
press,0,-0.000053787,-0.000038918
press,0,0.000440615,0.000419777
press,0,-0.000052381,-0.000031933
press,0,0.000427114,0.000411492
press,0,-0.000051377,-0.000034809
press,0,0.000431663,0.000418600
press,0,-0.000051462,-0.000037763
press,0,0.000429423,0.000417791
press,0,-0.000056731,-0.000042185
press,0,0.000447397,0.000422724
press,0,-0.000052375,-0.000030160
press,0,0.000419899,0.000410218
press,0,-0.000046835,-0.000034314
press,0,0.000431724,0.000415485
press,0,-0.000059182,-0.000045951
press,0,0.000440862,0.000427712
press,0,-0.000033021,-0.000033941
press,0,0.000404373,0.000408947
press,0,-0.000036125,-0.000028621
press,0,0.000427180,0.000415936
press,0,-0.000053282,-0.000046853
press,0,0.000436319,0.000430763
press,0,-0.000045756,-0.000034060
press,0,0.000421304,0.000409123
press,0,-0.000037413,-0.000030804
press,0,0.000426856,0.000414334
press,0,-0.000046678,-0.000029452
press,0,0.000426702,0.000416275
press,0,-0.000043846,-0.000038311
press,0,0.000425424,0.000419438
press,0,-0.000044703,-0.000031978
press,0,0.000425460,0.000414062
press,0,-0.000055303,-0.000044476
press,0,0.000444263,0.000428192
press,0,-0.000054836,-0.000037584
press,0,0.000425127,0.000414588
press,0,-0.000048367,-0.000036824
press,0,0.000441220,0.000419121
press,0,-0.000053894,-0.000032336
press,0,0.000428094,0.000412721
press,0,-0.000037319,-0.000021864
press,0,0.000420689,0.000404511
press,0,-0.000050752,-0.000034794
press,0,0.000442867,0.000423156
press,0,-0.000055002,-0.000035122
press,0,0.000436150,0.000414647
press,0,-0.000056979,-0.000034533
press,0,0.000440037,0.000419397
press,0,-0.000043228,-0.000032343
press,0,0.000419954,0.000412811
press,0,-0.000040443,-0.000029534
press,0,0.000424506,0.000414889
press,0,-0.000046421,-0.000036832
press,1,-0.000029612,0.000040870
press,1,0.000088190,0.000135556
press,1,0.000056803,0.000030756
press,1,0.000080776,0.000083424
press,1,0.000004199,0.000022803
press,1,0.000156629,0.000148028
press,1,-0.000019296,0.000002086
press,1,0.000011184,0.000034295
press,1,0.000147421,0.000128720
press,1,-0.000042200,-0.000021718
press,1,0.000028448,0.000038855
press,1,0.000047770,0.000054974
press,1,0.000073342,0.000077829
press,1,0.000029161,0.000031885
press,1,-0.000002289,0.000008143
press,1,0.000084150,0.000080667
press,1,0.000001020,0.000013296
press,1,0.000026530,0.000031173
press,1,0.000151209,0.000133827
press,1,-0.000085984,-0.000053808
press,1,0.000021049,0.000034217
press,1,0.000048373,0.000047445
press,1,0.000029501,0.000026606
press,1,0.000077741,0.000076719
press,1,-0.000064674,-0.000045050
press,1,0.000035981,0.000036109
press,1,0.000013339,0.000019539
press,1,-0.000004037,-0.000004992
press,1,0.000063685,0.000066139
press,1,0.000031695,0.000034887
press,1,-0.000029974,-0.000025243
press,1,0.000149207,0.000130240
press,1,-0.000067025,-0.000047524
press,1,0.000016381,0.000020117
press,1,0.000066194,0.000057984
press,1,-0.000060103,-0.000033636
press,1,0.000132856,0.000110675
press,1,-0.000072910,-0.000063870
press,1,-0.000004836,0.000000063
press,1,0.000131955,0.000125051
press,1,-0.000135527,-0.000073083
press,1,0.000036780,-0.000003669
press,1,0.000022306,0.000017554
press,1,0.000014224,0.000001792
press,1,0.000106124,0.000111651
press,1,-0.000060939,-0.000061519
press,1,0.000076929,0.000067972
press,1,-0.000037836,-0.000031024
press,1,-0.000001987,0.000045449
press,1,-0.000033577,-0.000035744
press,1,0.000113289,0.000076164
press,1,-0.000085403,-0.000057686
press,1,0.000098463,0.000074383
press,1,-0.000032419,-0.000037149
press,1,-0.000017986,0.000009470
press,1,0.000176430,0.000129014
press,1,-0.000128453,-0.000060350
press,1,-0.000025918,-0.000032656
press,1,0.000159222,0.000115044
press,1,-0.000092815,-0.000080217
press,1,0.000007276,0.000006132
press,1,0.000073232,0.000071485
press,1,-0.000048214,-0.000044916
press,1,0.000066118,0.000087664
press,1,-0.000062316,-0.000061285
press,1,0.000001409,-0.000019561
press,1,0.000131458,0.000112418
press,1,-0.000114252,-0.000085112
press,1,-0.000023840,-0.000007190
press,1,0.000067277,0.000045527
press,1,-0.000001052,0.000000399
press,1,0.000090121,0.000079941
press,1,-0.000091099,-0.000075504
press,1,-0.000006921,-0.000009809
press,1,0.000117933,0.000104532
press,1,-0.000099661,-0.000086106
press,1,0.000158358,0.000121519
press,1,-0.000077212,-0.000035156
press,1,-0.000060618,-0.000031337
press,1,0.000096376,0.000053931
press,1,-0.000055261,-0.000045951
press,1,0.000090663,0.000108749
press,1,-0.000001253,-0.000028610
press,1,-0.000114438,-0.000053648
press,1,0.000183646,0.000108048
press,1,-0.000055616,-0.000038721
press,1,-0.000081656,-0.000054684
press,1,-0.000002742,-0.000005484
press,1,0.000089295,0.000079844
press,1,-0.000061086,-0.000062492
press,1,-0.000020221,-0.000009146
press,1,0.000143436,0.000115961
press,1,-0.000139446,-0.000075296
press,1,0.000008841,-0.000023812
press,1,0.000083303,0.000075165
press,1,-0.000068369,-0.000066817
press,1,0.000126847,0.000096738
press,1,-0.000119374,-0.000076350
press,1,0.000018016,0.000002626
press,1,0.000018468,0.000045095
press,1,-0.000046294,-0.000061948
press,1,0.000145378,0.000104241
press,1,-0.000049743,-0.000036601
press,1,-0.000065413,-0.000015993
press,1,0.000102886,0.000073988
press,1,-0.000070727,-0.000078913
press,1,0.000022612,0.000048663
press,1,-0.000073188,-0.000075854
press,1,0.000149349,0.000101700
press,1,-0.000100017,-0.000084355
press,1,0.000081851,0.000076298
press,1,-0.000059696,-0.000052731
press,1,-0.000064337,-0.000013467
press,1,0.000126430,0.000093125
press,1,-0.000096109,-0.000093356
press,1,0.000124460,0.000113577
press,1,-0.000027299,-0.000040185
press,1,-0.000099798,-0.000057761
press,1,0.000002304,-0.000015825
press,1,-0.000030132,0.000000067
press,1,0.000021024,-0.000004306
press,1,0.000015328,0.000000287
press,1,-0.000052944,-0.000021312
press,1,0.000089706,0.000037454
press,1,-0.000080917,-0.000042688
press,1,0.000107491,0.000065744
press,1,-0.000100300,-0.000056274
press,1,0.000163759,0.000114001
press,1,-0.000049053,-0.000032816
press,1,-0.000068473,-0.000044301
press,1,0.000042807,0.000056859
press,1,-0.000032477,-0.000054207
press,1,0.000129779,0.000098933
press,1,-0.000033818,-0.000020605
press,1,-0.000075082,-0.000055183
press,1,0.000146934,0.000108521
press,1,-0.000068252,-0.000043403
press,1,-0.000077014,-0.000056494
press,1,-0.000027341,-0.000004064
press,1,0.000125866,0.000094924
press,1,-0.000084573,-0.000087414
press,1,-0.000053845,-0.000006489
press,1,-0.000004061,-0.000009552
press,1,0.000050320,0.000006463
press,1,-0.000059435,-0.000016417
press,1,0.000169933,0.000095870
press,1,-0.000115583,-0.000060726
press,1,0.000018824,-0.000007544
press,1,0.000055333,0.000040092
press,1,-0.000248646,-0.000072472
press,1,0.000126425,0.000101205
press,1,-0.000154789,-0.000111777
press,1,0.000025529,-0.000006579
press,1,-0.000058868,-0.000028018
press,1,0.000006017,-0.000002950
press,1,-0.000019400,-0.000019141
press,1,0.000072765,0.000043124
press,1,-0.000084108,-0.000066709
press,1,0.000110403,0.000084847
press,1,-0.000033081,-0.000023965
press,1,-0.000063481,-0.000065111
press,1,0.000052475,0.000044670
press,1,-0.000056911,-0.000050582
press,1,0.000063844,0.000059076
press,1,-0.000026714,-0.000028763
press,1,-0.000044953,-0.000034772
press,1,0.000010967,0.000012342
press,1,0.000063146,0.000053409
press,1,-0.000084200,-0.000079330
press,1,0.000147293,0.000115614
press,1,-0.000140587,-0.000097945
press,1,0.000115497,0.000095125
press,1,-0.000030435,-0.000038147
press,1,-0.000068921,-0.000049643
press,1,-0.000010057,-0.000011373
press,1,-0.000015481,-0.000020754
press,1,0.000001308,0.000007875
press,1,-0.000014642,-0.000018828
press,1,0.000000137,0.000001095
press,1,0.000019446,0.000009738
press,1,-0.000034281,-0.000027467
press,1,0.000057755,0.000052422
press,1,-0.000063192,-0.000057608
press,1,0.000011442,0.000005942
press,1,-0.000024231,-0.000017945
press,1,0.000025010,0.000028089
press,1,-0.000017954,-0.000019804
press,1,0.000049458,0.000026688
press,1,-0.000067151,-0.000046063
press,1,0.000011279,0.000015821
press,1,-0.000021641,-0.000025231
press,1,0.000035051,0.000021555
press,1,-0.000016298,-0.000021953
press,1,0.000010312,0.000027843
press,1,-0.000035907,-0.000033334
press,1,0.000034187,0.000020940
press,1,-0.000022908,-0.000028204
press,1,0.000021025,0.000025995
press,1,-0.000022416,-0.000027247
press,1,0.000021082,0.000025835
press,1,-0.000029759,-0.000023410
press,1,0.000009425,0.000024244
press,1,-0.000029402,-0.000034399
press,1,0.000045890,0.000022281
press,1,-0.000028454,-0.000027653
press,1,-0.000003239,0.000026878
press,1,0.000008937,-0.000031248
press,1,0.000025895,0.000030659
press,1,-0.000052859,-0.000026967
press,1,0.000032930,0.000025067
press,1,-0.000043195,-0.000031535
press,1,0.000073777,0.000021763
press,1,-0.000063970,-0.000021525
press,1,0.000027843,0.000026122
press,1,-0.000041586,-0.000030529
press,1,0.000083103,0.000022992
press,1,-0.000073913,-0.000021201
press,1,0.000058051,0.000026509
press,1,-0.000044378,-0.000023119
press,1,0.000018426,0.000027712
press,1,-0.000041581,-0.000031907
press,1,0.000082253,0.000022776
press,1,-0.000061979,-0.000020616
press,1,0.000037083,0.000029840
press,1,-0.000052642,-0.000026826
press,1,0.000064122,0.000023082
press,1,-0.000065001,-0.000023849
press,1,0.000044070,0.000023652
press,1,-0.000037116,-0.000031125
press,1,0.000026254,0.000025101
press,1,-0.000030277,-0.000028580
press,1,0.000051802,0.000024866
press,1,-0.000046071,-0.000022233
press,1,0.000049882,0.000027332
press,1,-0.000042345,-0.000022240
press,1,0.000047356,0.000028111
press,1,-0.000066627,-0.000026200
press,1,0.000063051,0.000022568
press,1,-0.000038752,-0.000022296
press,1,0.000013624,0.000027582
press,1,-0.000021880,-0.000029046
press,1,0.000044462,0.000023384
press,1,-0.000047445,-0.000024963
press,1,0.000020990,0.000024624
press,1,-0.000027058,-0.000028901
press,1,0.000042630,0.000024900
press,1,-0.000040288,-0.000025641
press,1,0.000056324,0.000025589
press,1,-0.000055666,-0.000023376
press,1,0.000040243,0.000026654
press,1,-0.000042167,-0.000025362
press,1,0.000035247,0.000025880
press,1,-0.000036815,-0.000029676
press,1,0.000023774,0.000025284
press,1,-0.000041247,-0.000029404
press,1,0.000074847,0.000021245
press,1,-0.000066148,-0.000024043
press,1,0.000019864,0.000027057
press,1,-0.000037915,-0.000032935
press,1,0.000036499,0.000022121
press,1,-0.000037377,-0.000028409
press,1,0.000033017,0.000022963
press,1,0.000012361,-0.000031937
press,1,-0.000016580,0.000033356
press,1,-0.000022880,-0.000027005
press,1,0.000028102,0.000025555
press,1,-0.000013246,-0.000026911
press,1,0.000010268,0.000030402
press,1,-0.000033504,-0.000034586
press,1,0.000027824,0.000022486
press,1,-0.000015748,-0.000027630
press,1,0.000043196,0.000028558
press,1,-0.000051313,-0.000022173
press,1,0.000024952,0.000027880
press,1,-0.000014097,-0.000032384
press,1,0.000017265,0.000030927
press,1,-0.000039060,-0.000031691
press,1,0.000031150,0.000025153
press,1,-0.000030503,-0.000028435
press,1,0.000040659,0.000025380
press,1,-0.000049497,-0.000029709
press,1,0.000023974,0.000023302
press,1,-0.000034706,-0.000029486
press,1,0.000054961,0.000020426
press,1,-0.000059807,-0.000024829
press,1,0.000040909,0.000022829
press,1,-0.000047683,-0.000030074
press,1,0.000047469,0.000023797
press,1,-0.000049356,-0.000025999
press,1,0.000057835,0.000025097
press,1,-0.000060268,-0.000028182
press,1,0.000062273,0.000024337
press,1,-0.000064171,-0.000023056
press,1,0.000058650,0.000024393
press,1,-0.000027166,-0.000027630
press,1,0.000016763,0.000030268
press,1,-0.000029791,-0.000026494
press,1,0.000023594,0.000026692
press,1,-0.000024451,-0.000027806
press,2,0.000334240,0.000369385
press,2,0.000277068,0.000299022
press,2,0.000356797,0.000354216
press,2,0.000339206,0.000357084
press,2,0.000341072,0.000329770
press,2,0.000289689,0.000302091
press,2,0.000355733,0.000343867
press,2,0.000338395,0.000353381
press,2,0.000294473,0.000301644
press,2,0.000378977,0.000362899
press,2,0.000313017,0.000325561
press,2,0.000339649,0.000348233
press,2,0.000307889,0.000311222
press,2,0.000340053,0.000339650
press,2,0.000353799,0.000342567
press,2,0.000302569,0.000310272
press,2,0.000355725,0.000354700
press,2,0.000352198,0.000352491
press,2,0.000288377,0.000298157
press,2,0.000352627,0.000347413
press,2,0.000345632,0.000356883
press,2,0.000296980,0.000293337
press,2,0.000388250,0.000392556
press,2,0.000284753,0.000282262
press,2,0.000363909,0.000353169
press,2,0.000332718,0.000350442
press,2,0.000317167,0.000310946
press,2,0.000365319,0.000365555
press,2,0.000295524,0.000300724
press,2,0.000339393,0.000345822
press,2,0.000375513,0.000362549
press,2,0.000286936,0.000296641
press,2,0.000356932,0.000344843
press,2,0.000366554,0.000358511
press,2,0.000297532,0.000304598
press,2,0.000363313,0.000379525
press,2,0.000295392,0.000286944
press,2,0.000373601,0.000366695
press,2,0.000344261,0.000347726
press,2,0.000286989,0.000299443
press,2,0.000364813,0.000369485
press,2,0.000343604,0.000326701
press,2,0.000344159,0.000343155
press,2,0.000343143,0.000351682
press,2,0.000286010,0.000300478
press,2,0.000406537,0.000375155
press,2,0.000285384,0.000302106
press,2,0.000377273,0.000373058
press,2,0.000284387,0.000304963
press,2,0.000377396,0.000374358
press,2,0.000307291,0.000295300
press,2,0.000377592,0.000383154
press,2,0.000298388,0.000289895
press,2,0.000375008,0.000373524
press,2,0.000341884,0.000351273
press,2,0.000301128,0.000301339
press,2,0.000356086,0.000341445
press,2,0.000351416,0.000368726
press,2,0.000294895,0.000294786
press,2,0.000383299,0.000368323
press,2,0.000340946,0.000347868
press,2,0.000289491,0.000302073
press,2,0.000401679,0.000391752
press,2,0.000259521,0.000277903
press,2,0.000394800,0.000375651
press,2,0.000355330,0.000354517
press,2,0.000280439,0.000291362
press,2,0.000398825,0.000383604
press,2,0.000321066,0.000329237
press,2,0.000323522,0.000324834
press,2,0.000377203,0.000376884
press,2,0.000276942,0.000283994
press,2,0.000395788,0.000380218
press,2,0.000336061,0.000341240
press,2,0.000291403,0.000306193
press,2,0.000408188,0.000390552
press,2,0.000284758,0.000292782
press,2,0.000340752,0.000332553
press,2,0.000368011,0.000377897
press,2,0.000302439,0.000299357
press,2,0.000405850,0.000400674
press,2,0.000256901,0.000283249
press,2,0.000375846,0.000348508
press,2,0.000378500,0.000392206
press,2,0.000295606,0.000294819
press,2,0.000345067,0.000325125
press,2,0.000372699,0.000378124
press,2,0.000336765,0.000346795
press,2,0.000293266,0.000307329
press,2,0.000398744,0.000376351
press,2,0.000333120,0.000343524
press,2,0.000296030,0.000310294
press,2,0.000369869,0.000358306
press,2,0.000352459,0.000353821
press,2,0.000293008,0.000304736
press,2,0.000406963,0.000393286
press,2,0.000280605,0.000279531
press,2,0.000387111,0.000379287
press,2,0.000339748,0.000350021
press,2,0.000290588,0.000302568
press,2,0.000417425,0.000403978
press,2,0.000273174,0.000277877
press,2,0.000361360,0.000348672
press,2,0.000376481,0.000389747
press,2,0.000270289,0.000276998
press,2,0.000396049,0.000372693
press,2,0.000334339,0.000366673
press,2,0.000360230,0.000331551
press,2,0.000298934,0.000312015
press,2,0.000408676,0.000394404
press,2,0.000284597,0.000295818
press,2,0.000393873,0.000381269
press,2,0.000312483,0.000343762
press,2,0.000300565,0.000304401
press,2,0.000422298,0.000400700
press,2,0.000276900,0.000295132
press,2,0.000359680,0.000326462
press,2,0.000375609,0.000383429
press,2,0.000339648,0.000342242
press,2,0.000325266,0.000349611
press,2,0.000352125,0.000331424
press,2,0.000346592,0.000347964
press,2,0.000336856,0.000352480
press,2,0.000334722,0.000312962
press,2,0.000362099,0.000381202
press,2,0.000309906,0.000296056
press,2,0.000387415,0.000404172
press,2,0.000299273,0.000291847
press,2,0.000350894,0.000332892
press,2,0.000373996,0.000383921
press,2,0.000286030,0.000299454
press,2,0.000422670,0.000408173
press,2,0.000275599,0.000281900
press,2,0.000362348,0.000355072
press,2,0.000389202,0.000395060
press,2,0.000292156,0.000294261
press,2,0.000337448,0.000329398
press,2,0.000382442,0.000383392
press,2,0.000334469,0.000352547
press,2,0.000297997,0.000305325
press,2,0.000412370,0.000386171
press,2,0.000311422,0.000324875
press,2,0.000371331,0.000368513
press,2,0.000314535,0.000317104
press,2,0.000381962,0.000383101
press,2,0.000290250,0.000289336
press,2,0.000368717,0.000367559
press,2,0.000363789,0.000371374
press,2,0.000298937,0.000287570
press,2,-0.006749264,0.000416562
press,2,-0.000245802,-0.000259601
press,2,-0.000138920,-0.000150137
press,2,-0.000196875,-0.000168070
press,2,-0.000185700,-0.000200354
press,2,-0.000168299,-0.000170939
press,2,-0.000203033,-0.000207245
press,2,-0.000188342,-0.000159919
press,2,-0.000176900,-0.000207461
press,2,-0.000231520,-0.000227906
press,2,-0.000125913,-0.000117056
press,2,-0.000194915,-0.000198804
press,2,-0.000214761,-0.000219196
press,2,-0.000147134,-0.000145808
press,2,-0.000236964,-0.000243701
press,2,-0.000128609,-0.000117555
press,2,-0.000218567,-0.000215404
press,2,-0.000158313,-0.000155956
press,2,-0.000243603,-0.000257619
press,2,-0.000136743,-0.000129901
press,2,-0.000197051,-0.000186741
press,2,-0.000164803,-0.000198230
press,2,-0.000231255,-0.000230402
press,2,-0.000129030,-0.000109516
press,2,-0.000213285,-0.000240035
press,2,-0.000157717,-0.000135988
press,2,-0.000212465,-0.000210725
press,2,-0.000163149,-0.000164822
press,2,-0.000199729,-0.000195473
press,2,-0.000184922,-0.000188060
press,2,-0.000180015,-0.000170074
press,2,-0.000210828,-0.000219524
press,2,-0.000158591,-0.000150025
press,2,-0.000212441,-0.000229627
press,2,-0.000162622,-0.000143461
press,2,-0.000209805,-0.000223011
press,2,-0.000153115,-0.000149578
press,2,-0.000229456,-0.000239477
press,2,-0.000152497,-0.000127733
press,2,-0.000223011,-0.000247583
press,2,-0.000136883,-0.000127926
press,2,-0.000230921,-0.000238895
press,2,-0.000149087,-0.000134826
press,2,-0.000232348,-0.000241399
press,2,-0.000140239,-0.000132449
press,2,-0.000223883,-0.000243120
press,2,-0.000151097,-0.000130564
press,2,-0.000230817,-0.000242032
press,2,-0.000144213,-0.000133522
press,2,-0.000229784,-0.000240564
press,2,-0.000144954,-0.000134602
press,2,-0.000226431,-0.000241645
press,2,-0.000141508,-0.000132501
press,2,-0.000225091,-0.000241801
press,2,-0.000156275,-0.000132047
press,2,-0.000231410,-0.000242084
press,2,-0.000143052,-0.000134237
press,2,-0.000235311,-0.000240467
press,2,-0.000142916,-0.000134453
press,2,-0.000218452,-0.000241704
press,2,-0.000150414,-0.000133350
press,2,-0.000220313,-0.000241660
press,2,-0.000177248,-0.000132613
press,2,-0.000203104,-0.000243150
press,2,-0.000149616,-0.000133798
press,2,-0.000220757,-0.000241131
press,2,-0.000175589,-0.000133343
press,2,-0.000203660,-0.000243127
press,2,-0.000166661,-0.000134401
press,2,-0.000217226,-0.000242129
press,2,-0.000142674,-0.000134483
press,2,-0.000221497,-0.000240825
press,2,-0.000180732,-0.000134088
press,2,-0.000205927,-0.000242695
press,2,-0.000152446,-0.000135444
press,2,-0.000214899,-0.000241950
press,2,-0.000165062,-0.000133157
press,2,-0.000212445,-0.000244282
press,2,-0.000157913,-0.000132419
press,2,-0.000227681,-0.000242844
press,2,-0.000143935,-0.000134125
press,2,-0.000230869,-0.000241295
press,2,-0.000156635,-0.000134915
press,2,-0.000225284,-0.000242606
press,2,-0.000153402,-0.000135012
press,2,-0.000227024,-0.000243559
press,2,-0.000147115,-0.000133812
press,2,-0.000211793,-0.000243157
press,2,-0.000168215,-0.000134103
press,2,-0.000229711,-0.000243075
press,2,-0.000133797,-0.000134811
press,2,-0.000234714,-0.000243060
press,2,-0.000150741,-0.000132784
press,2,-0.000228432,-0.000244074
press,2,-0.000137023,-0.000134289
press,2,-0.000237127,-0.000242300
press,2,-0.000154693,-0.000134438
press,2,-0.000223530,-0.000243925
press,2,-0.000152408,-0.000133738
press,2,-0.000225467,-0.000243939
press,2,-0.000147514,-0.000135228
press,2,-0.000228558,-0.000242785
press,2,-0.000148205,-0.000135049
press,2,-0.000232357,-0.000242919
press,2,-0.000141062,-0.000134602
press,2,-0.000223073,-0.000243425
press,2,-0.000175906,-0.000132889
press,2,-0.000211794,-0.000244819
press,2,-0.000144658,-0.000135228
press,2,-0.000220456,-0.000241399
press,2,-0.000155762,-0.000134952
press,2,-0.000228096,-0.000243910
press,2,-0.000149391,-0.000133179
press,2,-0.000257568,-0.000244282
press,2,-0.000119756,-0.000136800
press,2,-0.000231355,-0.000241414
press,2,-0.000149700,-0.000136182
press,2,-0.000237151,-0.000243999
press,2,-0.000140022,-0.000134841
press,2,-0.000228570,-0.000243992
press,2,-0.000150329,-0.000134386
press,2,-0.000235734,-0.000242814
press,2,-0.000166920,-0.000136733
press,2,-0.000206314,-0.000243589
press,2,-0.000149101,-0.000136256
press,2,-0.000236472,-0.000242401
press,2,-0.000151653,-0.000136778
press,2,-0.000220186,-0.000242468
press,2,-0.000156592,-0.000136044
press,2,-0.000221885,-0.000243515
press,2,-0.000155335,-0.000134334
press,2,-0.000223112,-0.000245038
press,2,-0.000151450,-0.000134457
press,2,-0.000221997,-0.000244033
press,2,-0.000159116,-0.000133920
press,2,-0.000220211,-0.000245117
press,2,-0.000156333,-0.000135172
press,2,-0.000220992,-0.000242669
press,2,-0.000161210,-0.000137534
press,2,-0.000219389,-0.000242520
press,2,-0.000162991,-0.000136521
press,2,-0.000216967,-0.000244193
press,2,-0.000164596,-0.000135951
press,2,-0.000215313,-0.000244748
press,2,-0.000162437,-0.000135567
press,2,-0.000232833,-0.000244524
press,2,-0.000142669,-0.000137452
press,2,-0.000230343,-0.000243079
press,2,-0.000146740,-0.000137389
press,2,-0.000233698,-0.000243716
press,3,-0.000345243,0.000227690
press,3,-0.000207760,0.000143051
press,3,0.000304335,0.000116348
press,3,0.000138161,0.000138283
press,3,-0.000027572,0.000152588
press,3,0.000197034,0.000128031
press,3,-0.000023568,0.000134468
press,3,-0.000064789,0.000122309
press,3,0.000284960,0.000102282
press,3,-0.000077291,0.000129223
press,3,0.000027687,0.000104189
press,3,0.000063123,0.000098467
press,3,0.000061753,0.000093460
press,3,0.000076971,0.000095367
press,3,0.000010343,0.000099182
press,3,0.000115407,0.000081539
press,3,-0.000004552,0.000089645
press,3,0.000037641,0.000082493
press,3,0.000217807,0.000071049
press,3,-0.000150155,0.000096560
press,3,-0.000045741,0.000065804
press,3,0.000078418,0.000058651
press,3,0.000097463,0.000064135
press,3,0.000052126,0.000057459
press,3,-0.000077939,0.000072241
press,3,0.000050462,0.000047922
press,3,0.000007799,0.000056744
press,3,0.000018819,0.000051498
press,3,0.000068471,0.000041485
press,3,0.000033062,0.000046968
press,3,0.000018777,0.000058413
press,3,0.000175753,0.000037193
press,3,-0.000072496,0.000059128
press,3,-0.000051346,0.000042200
press,3,0.000097722,0.000031471
press,3,-0.000118917,0.000052691
press,3,0.000171899,0.000016451
press,3,0.000001709,0.000055790
press,3,-0.000027301,0.000037670
press,3,0.000094957,0.000018597
press,3,-0.000446383,0.000052929
press,3,0.000336368,-0.000001431
press,3,0.000063868,0.000025272
press,3,0.000118571,0.000030756
press,3,-0.000010920,0.000023603
press,3,0.000036311,0.000045300
press,3,0.000099562,0.000024080
press,3,0.000003561,0.000046492
press,3,-0.000366983,0.000030279
press,3,0.000028765,0.000009060
press,3,0.000305123,-0.000003099
press,3,-0.000191479,0.000039101
press,3,0.000185702,0.000002861
press,3,0.000111214,0.000032663
press,3,-0.000226212,0.000032187
press,3,0.000359069,-0.000005484
press,3,-0.000465633,0.000054598
press,3,0.000036890,0.000001669
press,3,0.000352432,-0.000010967
press,3,-0.000025157,0.000041485
press,3,-0.000006882,0.000023365
press,3,0.000043339,0.000012398
press,3,-0.000014197,0.000034094
press,3,-0.000157899,0.000010252
press,3,0.000022026,0.000018120
press,3,0.000155372,0.000010252
press,3,0.000175816,0.000005960
press,3,-0.000174487,0.000048399
press,3,-0.000128213,0.000013590
press,3,0.000172157,-0.000000954
press,3,-0.000002347,0.000020504
press,3,0.000106913,0.000004768
press,3,-0.000101582,0.000037432
press,3,0.000027525,0.000012398
press,3,0.000110883,0.000003099
press,3,-0.000074460,0.000037193
press,3,0.000290174,0.000011206
press,3,-0.000285205,0.000033855
press,3,-0.000227761,0.000014067
press,3,0.000333468,-0.000016451
press,3,-0.000052821,0.000025988
press,3,-0.000144838,0.000002861
press,3,0.000229609,0.000005007
press,3,-0.000467405,0.000027895
press,3,0.000579615,-0.000032663
press,3,-0.000102327,0.000035286
press,3,-0.000171897,0.000022888
press,3,0.000015987,0.000001431
press,3,0.000056053,-0.000007153
press,3,0.000033000,0.000021219
press,3,-0.000086472,0.000010252
press,3,0.000225861,-0.000005722
press,3,-0.000492875,0.000026941
press,3,0.000239888,-0.000020742
press,3,0.000052909,-0.000010967
press,3,0.000007554,0.000015736
press,3,0.000220703,-0.000006914
press,3,-0.000305173,0.000031710
press,3,0.000121890,-0.000007153
press,3,-0.000217349,-0.000001192
press,3,0.000128615,-0.000002146
press,3,0.000292554,-0.000012159
press,3,-0.000076077,0.000028133
press,3,-0.000380966,0.000018120
press,3,0.000204676,-0.000025988
press,3,0.000089956,0.000009537
press,3,-0.000219864,0.000000715
press,3,0.000022997,0.000001431
press,3,0.000360598,-0.000020266
press,3,-0.000094294,0.000034809
press,3,0.000052112,0.000003099
press,3,-0.000040808,0.000023365
press,3,-0.000387656,0.000010967
press,3,0.000221508,-0.000031471
press,3,-0.000002768,0.000013113
press,3,0.000063720,-0.000006199
press,3,0.000130755,0.000001669
press,3,-0.000324417,0.000020027
press,3,0.000140663,-0.000013828
press,3,-0.000248195,-0.000002146
press,3,0.000166931,-0.000019550
press,3,0.000117411,-0.000004292
press,3,-0.000236499,0.000006437
press,3,0.000383555,-0.000020027
press,3,-0.000266792,0.000023127
press,3,0.000301642,-0.000016212
press,3,-0.000320016,0.000027657
press,3,0.000374068,-0.000010490
press,3,-0.000109199,0.000017405
press,3,-0.000168347,0.000015974
press,3,-0.000132503,-0.000010729
press,3,0.000167555,-0.000007868
press,3,0.000229009,-0.000009537
press,3,-0.000071359,0.000023127
press,3,-0.000150974,0.000021219
press,3,0.000289807,-0.000008821
press,3,-0.000168150,0.000023603
press,3,-0.000135356,0.000012636
press,3,-0.000200516,-0.000006914
press,3,0.000199834,-0.000030041
press,3,0.000060217,0.000011206
press,3,-0.000382383,0.000001431
press,3,0.000018535,-0.000026226
press,3,0.000315018,-0.000025511
press,3,-0.000337212,0.000006676
press,3,0.000539141,-0.000038385
press,3,-0.000406108,0.000032902
press,3,0.000196650,-0.000015020
press,3,0.000119394,-0.000001669
press,3,-0.000368433,0.000023603
press,3,0.000161925,-0.000021458
press,3,-0.000358489,-0.000010252
press,3,0.000216416,-0.000041008
press,3,-0.000247718,-0.000012636
press,3,0.000043006,-0.000036001
press,3,-0.000055377,-0.000026703
press,3,0.000208730,-0.000036240
press,3,-0.000147095,-0.000003099
press,3,0.000165268,-0.000030041
press,3,-0.000065091,-0.000009537
press,3,0.000020366,-0.000005007
press,3,0.000032038,-0.000009298
press,3,-0.000044169,-0.000005245
press,3,0.000008887,-0.000012875
press,3,0.000018017,-0.000008821
press,3,-0.000092132,-0.000004530
press,3,-0.000013033,-0.000016451
press,3,0.000037044,-0.000018835
press,3,-0.000032782,0.000003576
press,3,0.000252177,-0.000022411
press,3,-0.000317229,0.000022173
press,3,0.000124721,-0.000016212
press,3,0.000050850,-0.000010967
press,3,-0.000145626,0.000005007
press,3,0.000006112,-0.000013351
press,3,0.000025906,-0.000009060
press,3,-0.000053458,-0.000007868
press,3,0.000019180,-0.000009060
press,3,-0.000018391,-0.000008106
press,3,0.000067827,-0.000012159
press,3,-0.000057781,0.000001669
press,3,0.000021149,-0.000015736
press,3,-0.000032875,0.000005007
press,3,0.000034932,-0.000011206
press,3,-0.000055921,-0.000003099
press,3,-0.000032867,-0.000013590
press,3,-0.000003154,-0.000007391
press,3,0.000191683,-0.000014782
press,3,-0.000174968,0.000013828
press,3,-0.000033530,-0.000011206
press,3,0.000011220,-0.000006676
press,3,0.000098522,-0.000012159
press,3,0.000044953,0.000002861
press,3,-0.000136751,-0.000001907
press,3,-0.000031403,-0.000002384
press,3,0.000105600,-0.000013351
press,3,0.000027661,0.000004292
press,3,-0.000022402,-0.000003099
press,3,0.000024376,0.000003576
press,3,-0.000021436,-0.000001907
press,3,-0.000060448,0.000003815
press,3,-0.000114476,-0.000009298
press,3,0.000024949,-0.000008583
press,3,0.000169710,-0.000014067
press,3,-0.000005077,0.000008345
press,3,-0.000229563,-0.000001431
press,3,0.000310093,-0.000011206
press,3,-0.000046267,0.000005007
press,3,-0.000192345,0.000010729
press,3,0.000046102,-0.000013828
press,3,-0.000098071,-0.000000477
press,3,0.000415115,-0.000016212
press,3,-0.000321016,0.000024557
press,3,-0.000000867,-0.000010252
press,3,-0.000093881,-0.000001192
press,3,0.000463083,-0.000016451
press,3,-0.000372764,0.000029087
press,3,0.000249885,-0.000011206
press,3,-0.000164420,0.000017643
press,3,-0.000089348,-0.000004768
press,3,-0.000083350,-0.000002623
press,3,0.000453850,-0.000016928
press,3,-0.000286000,0.000027895
press,3,0.000068992,-0.000005960
press,3,-0.000225819,0.000008821
press,3,0.000346707,-0.000017643
press,3,-0.000345702,0.000019312
press,3,0.000164161,-0.000017881
press,3,-0.000059602,0.000005722
press,3,0.000017634,-0.000008821
press,3,-0.000023076,0.000002623
press,3,0.000234890,-0.000009060
press,3,-0.000203323,0.000018597
press,3,0.000205975,-0.000007153
press,3,-0.000175477,0.000017643
press,3,0.000180781,-0.000005722
press,3,-0.000339867,0.000017643
press,3,0.000339608,-0.000018597
press,3,-0.000144816,0.000017405
press,3,-0.000105363,-0.000003576
press,3,0.000047668,-0.000003338
press,3,0.000153645,-0.000007391
press,3,-0.000161966,0.000013828
press,3,-0.000040094,-0.000009060
press,3,0.000015752,-0.000002384
press,3,0.000142624,-0.000009537
press,3,-0.000114787,0.000010252
press,3,0.000251977,-0.000007391
press,3,-0.000249110,0.000021219
press,3,0.000113993,-0.000008583
press,3,-0.000139742,0.000009537
press,3,0.000055655,-0.000010729
press,3,-0.000049496,0.000003338
press,3,-0.000011782,-0.000009775
press,3,-0.000107954,-0.000001192
press,3,0.000401729,-0.000017643
press,3,-0.000298308,0.000023603
press,3,-0.000055171,-0.000010967
press,3,-0.000063230,-0.000005007
press,3,0.000121013,-0.000018120
press,3,-0.000082148,0.000001192
press,3,0.000066836,-0.000013828
press,3,0.000354098,0.000001907
press,3,-0.000392795,0.000019789
press,3,0.000039798,-0.000004292
press,3,0.000020389,-0.000008583
press,3,0.000104460,0.000002146
press,3,-0.000158348,0.000000954
press,3,0.000001732,-0.000001669
press,3,0.000042722,-0.000010490
press,3,0.000087286,0.000001907
press,3,0.000128568,0.000000000
press,3,-0.000223607,0.000018597
press,3,-0.000029553,-0.000010014
press,3,0.000143167,-0.000001431
press,3,-0.000107209,0.000000715
press,3,-0.000059633,0.000001431
press,3,0.000036145,-0.000012398
press,3,-0.000025325,0.000000000
press,3,0.000120416,-0.000010967
press,3,-0.000155913,0.000009298
press,3,0.000004245,-0.000012636
press,3,-0.000056371,-0.000003099
press,3,0.000274509,-0.000016451
press,3,-0.000278295,0.000015497
press,3,0.000132768,-0.000015736
press,3,-0.000139173,0.000005007
press,3,0.000169589,-0.000015497
press,3,-0.000174911,0.000006914
press,3,0.000250009,-0.000016212
press,3,-0.000246269,0.000014305
press,3,0.000293741,-0.000014782
press,3,-0.000318303,0.000017643
press,3,0.000264134,-0.000016928
press,3,0.000006594,0.000013828
press,3,-0.000092682,0.000003815
press,3,-0.000023958,0.000005484
press,3,-0.000024743,-0.000005722
press,3,0.000019737,0.000001192
press,4,-0.000106101,0.000328286
press,4,-0.000197397,0.000115066
press,4,0.000350054,0.000120460
press,4,0.000141196,0.000237237
press,4,-0.000285177,-0.000253653
press,4,0.000100290,0.000151095
press,4,-0.000234888,-0.000236581
press,4,0.000064057,0.000157314
press,4,0.000167049,0.000128041
press,4,-0.000307883,-0.000305733
press,4,-0.000050224,0.000110075
press,4,0.000075765,0.000097854
press,4,0.000049655,0.000021604
press,4,-0.000078653,-0.000039829
press,4,-0.000130330,-0.000197193
press,4,0.000035763,0.000081903
press,4,-0.000033422,-0.000045838
press,4,-0.000028884,-0.000030125
press,4,0.000053686,0.000110727
press,4,-0.000069337,-0.000109304
press,4,0.000100399,0.000124887
press,4,-0.000065342,-0.000081178
press,4,-0.000024502,0.000028255
press,4,-0.000029646,-0.000067896
press,4,-0.000133136,-0.000187859
press,4,0.000104260,0.000220214
press,4,-0.000075270,-0.000119119
press,4,-0.000050744,-0.000017799
press,4,0.000032302,0.000033705
press,4,0.000028515,0.000062961
press,4,-0.000132661,-0.000206107
press,4,0.000037435,0.000095507
press,4,-0.000146810,-0.000202000
press,4,0.000692240,0.000097945
press,4,0.000041735,0.000083217
press,4,-0.000654124,-0.000061642
press,4,0.000475029,0.000033983
press,4,-0.000458442,-0.000224500
press,4,0.000101443,0.000056031
press,4,0.000098426,0.000126407
press,4,-0.000700969,-0.000257060
press,4,0.000428845,-0.000005803
press,4,0.000215699,0.000048022
press,4,-0.000307291,0.000011286
press,4,-0.000060700,0.000081067
press,4,0.000356513,-0.000238745
press,4,-0.000240372,0.000100549
press,4,-0.000128095,-0.000101945
press,4,-0.000322220,0.000023361
press,4,0.000022736,-0.000026967
press,4,0.000452480,0.000023893
press,4,-0.000348790,-0.000085380
press,4,0.000259836,-0.000020507
press,4,-0.000195595,-0.000066223
press,4,-0.000143382,-0.000005328
press,4,0.000398781,0.000145741
press,4,-0.000231417,-0.000346478
press,4,-0.000397941,0.000075923
press,4,0.000258673,0.000091989
press,4,-0.000116283,-0.000206918
press,4,0.000142689,0.000111170
press,4,-0.000115883,0.000074319
press,4,0.000062642,-0.000101679
press,4,-0.000422428,-0.000013688
press,4,0.000089254,-0.000182025
press,4,0.000207501,0.000082512
press,4,-0.000074161,0.000080002
press,4,-0.000079102,-0.000231950
press,4,0.000049493,0.000071692
press,4,0.000066693,0.000041957
press,4,-0.000004952,-0.000029107
press,4,-0.000177774,-0.000001974
press,4,0.000008806,-0.000190280
press,4,0.000107878,0.000091916
press,4,-0.000016667,0.000129005
press,4,-0.000057322,-0.000225735
press,4,0.000007580,0.000087949
press,4,-0.000393613,-0.000286263
press,4,0.000019145,0.000061948
press,4,0.000187702,0.000062205
press,4,0.000079123,-0.000046833
press,4,-0.000415019,0.000063068
press,4,0.000230265,-0.000188001
press,4,-0.000168568,-0.000003228
press,4,0.000106916,0.000092545
press,4,-0.000090074,-0.000283435
press,4,0.000017333,0.000030502
press,4,-0.000026168,0.000097490
press,4,-0.000017040,0.000121095
press,4,0.000085283,-0.000216233
press,4,-0.000173306,0.000029192
press,4,0.000111921,0.000177692
press,4,-0.000342743,-0.000337596
press,4,0.000117017,0.000098659
press,4,-0.000033773,0.000086661
press,4,0.000041875,-0.000138104
press,4,0.000051936,-0.000000607
press,4,-0.000043071,-0.000159767
press,4,-0.000066718,0.000101177
press,4,-0.000039714,0.000036365
press,4,0.000189546,-0.000058964
press,4,-0.000138030,0.000018630
press,4,-0.000204935,-0.000230800
press,4,-0.000000423,0.000045469
press,4,-0.000281934,-0.000017383
press,4,0.000309678,-0.000129126
press,4,-0.000062252,0.000251603
press,4,0.000000295,-0.000302037
press,4,0.000041465,0.000187651
press,4,-0.000047272,-0.000186283
press,4,-0.000008599,0.000088637
press,4,0.000102393,-0.000114393
press,4,-0.000511013,0.000079486
press,4,0.000150359,0.000088220
press,4,-0.000042673,-0.000240898
press,4,-0.000139667,0.000098281
press,4,0.000114863,-0.000304452
press,4,0.000026072,0.000030241
press,4,0.000134878,0.000095571
press,4,-0.000424031,0.000059466
press,4,0.000453737,-0.000057476
press,4,-0.000214116,-0.000046427
press,4,-0.000347113,-0.000003243
press,4,0.000510338,-0.000020735
press,4,-0.000524419,-0.000021950
press,4,0.000410404,0.000006560
press,4,-0.000498896,-0.000048509
press,4,0.000371045,0.000047115
press,4,-0.000230202,-0.000303077
press,4,-0.000065151,0.000048875
press,4,-0.000077516,0.000054433
press,4,0.000264724,-0.000034527
press,4,-0.000077938,0.000039960
press,4,-0.000046364,-0.000124158
press,4,-0.000179374,-0.000026379
press,4,0.000151553,0.000073306
press,4,-0.000467159,-0.000277625
press,4,0.000197755,0.000044814
press,4,-0.000131630,0.000099396
press,4,0.000116164,0.000106532
press,4,0.000043332,-0.000251678
press,4,0.000026657,0.000056383
press,4,0.000105055,-0.000010036
press,4,-0.000236655,0.000014008
press,4,0.000156490,-0.000039197
press,4,-0.000038681,0.000055741
press,4,-0.000350671,-0.000221258
press,4,0.000127986,0.000160050
press,4,0.000116379,-0.000096390
press,4,-0.002722598,-0.000032197
press,4,0.000057833,-0.000078333
press,4,0.000236563,-0.000019751
press,4,-0.000139326,0.000222188
press,4,-0.000059156,-0.000098319
press,4,0.000282080,0.000064688
press,4,0.000017448,-0.000029949
press,4,-0.000171581,0.000248690
press,4,0.000089080,-0.000304118
press,4,0.000022512,0.000072886
press,4,-0.000073487,0.000087584
press,4,-0.000075753,-0.000101095
press,4,-0.000009082,-0.000017991
press,4,0.000046382,0.000015096
press,4,0.000010697,-0.000013994
press,4,0.000007347,0.000102087
press,4,-0.000256482,-0.000021023
press,4,0.000395378,0.000180785
press,4,0.000092341,-0.000090551
press,4,-0.000298954,-0.000062569
press,4,0.000289545,0.000236652
press,4,-0.000112324,-0.000371343
press,4,0.000112745,0.000104336
press,4,-0.000193370,0.000082183
press,4,0.000135839,-0.000207265
press,4,0.000065933,0.000269825
press,4,-0.000082591,-0.000024628
press,4,0.000136487,0.000067262
press,4,-0.000061362,0.000015121
press,4,0.000027610,-0.000006947
press,4,0.000152771,0.000153935
press,4,-0.000159882,-0.000131758
press,4,0.000247297,0.000210674
press,4,-0.000258114,-0.000286536
press,4,0.000043697,0.000229893
press,4,0.000031365,-0.000113851
press,4,0.000293455,0.000174367
press,4,-0.000094479,-0.000138665
press,4,-0.000057886,0.000225561
press,4,-0.000102858,-0.000269780
press,4,0.000240409,0.000214967
press,4,-0.000171440,-0.000150399
press,4,0.000181825,0.000201800
press,4,-0.000157085,-0.000162711
press,4,0.000163497,0.000210897
press,4,0.000025216,-0.000203509
press,4,0.000007429,0.000220501
press,4,-0.000108206,-0.000186462
press,4,0.000137123,0.000209639
press,4,-0.000112145,-0.000179209
press,4,0.000141904,0.000203919
press,4,-0.000046482,-0.000170115
press,4,0.000135662,0.000211586
press,4,0.000009502,-0.000193433
press,4,-0.000015159,0.000222362
press,4,-0.000190772,-0.000189357
press,4,-0.000023813,0.000204357
press,4,-0.000055076,-0.000186440
press,4,0.000281291,0.000219766
press,4,0.000026197,-0.000185250
press,4,0.000065353,0.000218799
press,4,0.000064805,-0.000190172
press,4,-0.000507771,0.000219437
press,4,0.000425829,-0.000201595
press,4,0.000074546,0.000223183
press,4,0.000051250,-0.000183886
press,4,-0.000358194,0.000220306
press,4,0.000321394,-0.000198987
press,4,-0.000239302,0.000218966
press,4,0.000116836,-0.000188891
press,4,0.000221325,0.000214019
press,4,0.000030443,-0.000183033
press,4,-0.000521770,0.000218862
press,4,0.000339169,-0.000199319
press,4,0.000073228,0.000221129
press,4,0.000159263,-0.000184898
press,4,-0.000153107,0.000221426
press,4,0.000172733,-0.000193266
press,4,-0.000111315,0.000222604
press,4,-0.000110836,-0.000199787
press,4,0.000229316,0.000211617
press,4,-0.000176771,-0.000176291
press,4,0.000035002,0.000207080
press,4,-0.000130694,-0.000179921
press,4,0.000105746,0.000206972
press,4,-0.000135132,-0.000182882
press,4,0.000273035,0.000212906
press,4,0.000178136,-0.000188630
press,4,-0.000238747,0.000219557
press,4,-0.000218875,-0.000184758
press,4,0.000445647,0.000202828
press,4,-0.000181023,-0.000175774
press,4,0.000137124,0.000213220
press,4,-0.000193874,-0.000186394
press,4,0.000413187,0.000206021
press,4,-0.000313336,-0.000171020
press,4,0.000002243,0.000209264
press,4,0.000011500,-0.000191296
press,4,0.000211293,0.000216046
press,4,-0.000180273,-0.000182998
press,4,0.000249910,0.000207104
press,4,-0.000174655,-0.000175413
press,4,0.000164664,0.000210254
press,4,-0.000228876,-0.000186916
press,4,0.000310832,0.000210645
press,4,0.000054745,-0.000179995
press,4,-0.000445195,0.000222335
press,4,0.000202880,-0.000207782
press,4,0.000189496,0.000220350
press,4,0.000128874,-0.000182544
press,4,0.000015176,0.000222092
press,4,-0.000124007,-0.000183262
press,4,0.000108173,0.000214343
press,4,-0.000615965,-0.000196496
press,4,0.000651243,0.000194631
press,4,-0.000100906,-0.000162064
press,4,0.000144276,0.000213820
press,4,-0.000178807,-0.000179742
press,4,0.000183680,0.000217563
press,4,-0.000040714,-0.000203591
press,4,0.000093349,0.000214672
press,4,-0.000178531,-0.000174863
press,4,-0.000354227,0.000207631
press,4,0.000438512,-0.000196334
press,4,0.000123841,0.000226533
press,4,-0.000151498,-0.000186725
press,4,-0.000091799,0.000218438
press,4,0.000120711,-0.000200057
press,4,-0.000069033,0.000220526
press,4,0.000175371,-0.000186879
press,4,0.000016474,0.000226891
press,4,-0.000007232,-0.000199007
press,4,0.000014354,0.000216194
press,4,0.000124264,-0.000185519
press,4,0.000047142,0.000219483
press,4,-0.000013015,-0.000184313
press,4,0.000002277,0.000211124
press,4,0.000025861,-0.000186645
press,4,-0.000035932,0.000211495
press,4,0.000047244,-0.000176678
press,4,-0.000039550,0.000215433
press,4,0.000068566,-0.000195268
press,4,-0.000058313,0.000216108
press,4,0.000088809,-0.000184025
press,4,-0.000032242,0.000216892
press,4,-0.000138263,-0.000192737
press,4,0.000244170,0.000207700
press,4,-0.000110111,-0.000175249
press,4,0.000200427,0.000207810
press,4,-0.000151449,-0.000176164
press,5,0.001559270,-0.000445366
press,5,0.001266815,0.000052214
press,5,-0.001164518,-0.000515223
press,5,-0.000100379,-0.000095129
press,5,0.000085492,-0.000559330
press,5,0.000129885,0.000372648
press,5,-0.000156256,-0.000704050
press,5,0.000346556,-0.000312567
press,5,-0.000338690,0.000314951
press,5,-0.000016458,-0.000756502
press,5,0.000046806,-0.000215769
press,5,-0.000009553,-0.000129461
press,5,0.000150777,0.000041485
press,5,-0.000209361,-0.000272274
press,5,-0.000068011,-0.000381708
press,5,-0.000013125,0.000108242
press,5,-0.000014312,-0.000342369
press,5,-0.000010599,-0.000173807
press,5,-0.000022062,0.000495911
press,5,0.000060429,-0.000798702
press,5,0.000299246,-0.000095129
press,5,-0.000070069,0.000006437
press,5,-0.000239104,-0.000123739
press,5,0.000171948,0.000151396
press,5,-0.000050979,-0.000573397
press,5,0.000002602,0.000010252
press,5,0.000026457,-0.000142813
press,5,-0.000137577,-0.000267744
press,5,0.000102742,0.000215292
press,5,-0.000014918,-0.000058174
press,5,-0.000234213,-0.000375509
press,5,0.000147131,0.000627279
press,5,-0.000178441,-0.000628233
press,5,0.000299283,-0.000053883
press,5,-0.000066936,0.000169039
press,5,0.000181782,-0.000408888
press,5,-0.000001862,0.000535250
press,5,-0.000434439,-0.000610828
press,5,0.000090581,-0.000152588
press,5,0.000332884,0.000609875
press,5,0.001091027,-0.000655413
press,5,-0.001200670,-0.000016689
press,5,-0.000151613,-0.000015497
press,5,-0.000430399,-0.000127316
press,5,0.000627058,0.000513077
press,5,-0.000513154,-0.000551939
press,5,-0.000001036,0.000267029
press,5,-0.000225861,-0.000372887
press,5,0.001518487,0.000119686
press,5,-0.000320453,-0.000250101
press,5,-0.000636886,0.000447035
press,5,0.000299467,-0.000510693
press,5,-0.000232348,0.000405788
press,5,-0.000653213,-0.000365019
press,5,0.000835654,-0.000083923
press,5,-0.000524899,0.000748634
press,5,0.001210240,-0.000605106
press,5,-0.000298973,-0.000180244
press,5,-0.000575777,0.000702620
press,5,-0.000451501,-0.000674725
press,5,0.000077093,-0.000041962
press,5,0.000206900,0.000323772
press,5,-0.000213542,-0.000392914
press,5,0.001021076,0.000433207
press,5,-0.000468539,-0.000447512
press,5,-0.000619766,-0.000120640
press,5,-0.000012464,0.000590086
press,5,0.000073849,-0.000704527
press,5,0.000398378,-0.000100851
press,5,-0.000367201,0.000241995
press,5,0.000013661,-0.000074148
press,5,0.000038040,0.000403166
press,5,-0.000097671,-0.000586033
press,5,-0.000158029,-0.000108719
press,5,0.000217973,0.000599146
press,5,-0.000284554,-0.000680685
press,5,-0.000207393,0.000765800
press,5,0.000584642,-0.000524998
press,5,0.000653386,-0.000197172
press,5,-0.000876105,0.000355721
press,5,-0.000104257,-0.000384569
press,5,0.001170975,0.000652790
press,5,-0.001054574,-0.000262260
press,5,0.001343958,-0.000401974
press,5,-0.001377930,0.000771999
press,5,0.000028588,-0.000450373
press,5,0.000307755,-0.000369787
press,5,-0.000096011,-0.000050306
press,5,0.000259307,0.000483751
press,5,-0.000499960,-0.000457764
press,5,0.000247567,-0.000099897
press,5,-0.000044318,0.000774145
press,5,0.001152896,-0.000668764
press,5,-0.000944057,-0.000033379
press,5,0.000236372,0.000465155
press,5,-0.000403383,-0.000439167
press,5,-0.000215631,0.000584602
press,5,0.000561219,-0.000615120
press,5,-0.000388268,0.000058889
press,5,0.001010569,0.000259638
press,5,-0.000798028,-0.000344276
press,5,-0.000386085,0.000678539
press,5,-0.000048132,-0.000408888
press,5,0.001263494,-0.000141621
press,5,-0.000279005,0.000532389
press,5,-0.000823837,-0.000535011
press,5,0.001099766,0.000319004
press,5,-0.000546560,-0.000468731
press,5,-0.000654605,0.000682116
press,5,-0.000206109,-0.000660896
press,5,0.000248497,0.000422955
press,5,-0.000205505,-0.000431061
press,5,0.001284265,-0.000115156
press,5,-0.000203902,0.000684500
press,5,-0.000561994,-0.000622511
press,5,0.000551740,0.000794411
press,5,-0.000873381,-0.000410795
press,5,0.000839619,-0.000368834
press,5,-0.000590755,-0.000047922
press,5,0.000870569,0.000007391
press,5,-0.000592764,0.000058413
press,5,-0.000417651,0.000006914
press,5,0.000706432,-0.000142813
press,5,-0.001113346,0.000302315
press,5,0.000660386,-0.000351906
press,5,-0.000672413,0.000438452
press,5,0.000770414,-0.000451088
press,5,-0.000512752,0.000832081
press,5,-0.000016869,-0.000456095
press,5,0.000373931,-0.000272989
press,5,0.000783408,0.000359058
press,5,-0.000912795,-0.000302553
press,5,-0.000202697,0.000633955
press,5,0.000050598,-0.000274420
press,5,0.000230164,-0.000385523
press,5,-0.000326902,0.000720978
press,5,0.000186325,-0.000479698
press,5,0.000181505,-0.000333309
press,5,0.000674271,-0.000007868
press,5,-0.000112408,0.000692844
press,5,-0.000758655,-0.000584126
press,5,0.001299097,-0.000044107
press,5,-0.000112751,0.000042915
press,5,-0.001043382,0.000149250
press,5,0.001090085,-0.000117779
press,5,-0.001330935,0.000693083
press,5,0.001022905,-0.000512600
press,5,-0.000696398,0.000039101
press,5,-0.000213620,0.000216961
press,5,0.000346394,-0.000505686
press,5,0.000211269,0.000841141
press,5,0.000465626,-0.000755310
press,5,-0.000755872,0.000145435
press,5,0.000732518,-0.000089407
press,5,-0.000136045,0.000143528
press,5,0.000120601,0.000013113
press,5,-0.000407330,0.000454664
press,5,0.000111940,-0.000398874
press,5,-0.000028883,0.000653505
press,5,0.000034760,-0.000153542
press,5,-0.000423468,-0.000329018
press,5,0.000225984,0.000364065
press,5,-0.000186327,-0.000318289
press,5,0.000374537,0.000442982
press,5,-0.000268920,-0.000168324
press,5,0.000133339,-0.000177145
press,5,0.000131949,0.000149012
press,5,0.000223489,0.000410557
press,5,-0.000367397,-0.000493288
press,5,-0.000143782,0.000827074
press,5,0.000468568,-0.000721216
press,5,0.000265681,0.000746965
press,5,-0.000540415,-0.000318766
press,5,0.000255321,-0.000271797
press,5,-0.000058034,0.000011444
press,5,-0.000204085,-0.000081301
press,5,0.000235576,0.000074863
press,5,-0.000158803,-0.000058174
press,5,0.000077268,0.000039101
press,5,-0.000163272,0.000119686
press,5,0.000057410,-0.000154734
press,5,0.000240196,0.000367403
press,5,-0.000210437,-0.000339985
press,5,-0.000070293,0.000092268
press,5,0.000099428,-0.000087500
press,5,0.000280675,0.000217676
press,5,-0.000077290,-0.000070333
press,5,-0.000526852,0.000209093
press,5,0.000371233,-0.000300169
press,5,0.000208447,0.000133991
press,5,-0.000163417,-0.000106096
press,5,-0.000220842,0.000173569
press,5,-0.000269454,-0.000128031
press,5,0.000627199,0.000162840
press,5,-0.000057207,-0.000166655
press,5,-0.000252361,0.000171423
press,5,-0.000239739,-0.000165224
press,5,0.000217952,0.000157833
press,5,-0.000228481,-0.000163078
press,5,0.000215421,0.000154495
press,5,0.000090840,-0.000141382
press,5,0.000537231,0.000173092
press,5,-0.000259914,-0.000147343
press,5,-0.000461542,0.000187397
press,5,-0.000130235,-0.000181675
press,5,0.000952302,0.000155687
press,5,-0.001245652,-0.000120878
press,5,0.000332562,0.000150919
press,5,0.000522308,-0.000189781
press,5,-0.000013269,0.000196457
press,5,0.000175034,-0.000166655
press,5,-0.001322711,0.000190735
press,5,0.000997446,-0.000214577
press,5,0.000154099,0.000185728
press,5,0.000166111,-0.000158548
press,5,-0.001480814,0.000199318
press,5,0.001172297,-0.000232935
press,5,-0.000733083,0.000189781
press,5,0.000451104,-0.000195980
press,5,0.000472372,0.000174046
press,5,0.000121002,-0.000161171
press,5,-0.001448618,0.000198841
press,5,0.000874236,-0.000222206
press,5,-0.000085573,0.000186443
press,5,0.000651770,-0.000181198
press,5,-0.001089824,0.000201702
press,5,0.001088212,-0.000205755
press,5,-0.000441484,0.000203848
press,5,0.000049497,-0.000186920
press,5,0.000075177,0.000175238
press,5,-0.000063214,-0.000161409
press,5,-0.000695393,0.000174522
press,5,0.000597981,-0.000194788
press,5,-0.000582537,0.000179768
press,5,0.000501420,-0.000190496
press,5,-0.000490037,0.000178814
press,5,0.001051535,-0.000215292
press,5,-0.001067604,0.000201464
press,5,0.000392879,-0.000190020
press,5,0.000520077,0.000168324
press,5,-0.000317219,-0.000142097
press,5,-0.000403019,0.000162363
press,5,0.000428157,-0.000190973
press,5,0.000280570,0.000173092
press,5,-0.000206246,-0.000144482
press,5,-0.000360715,0.000179529
press,5,0.000263482,-0.000178814
press,5,-0.000739191,0.000172853
press,5,0.000736617,-0.000213385
press,5,-0.000256734,0.000180960
press,5,0.000358461,-0.000175476
press,5,-0.000047850,0.000189543
press,5,0.000018143,-0.000172853
press,5,0.000181831,0.000181913
press,5,0.000227428,-0.000151634
press,5,-0.001268000,0.000193834
press,5,0.000896599,-0.000225067
press,5,0.000341557,0.000193357
press,5,0.000053590,-0.000155449
press,5,-0.000296750,0.000200510
press,5,0.000147899,-0.000155210
press,5,-0.000101608,0.000187159
press,5,-0.001410663,-0.000179768
press,5,0.001549915,0.000104427
press,5,-0.000283663,-0.000130892
press,5,0.000069582,0.000178099
press,5,-0.000501207,-0.000151634
press,5,0.000713903,0.000163555
press,5,-0.000184511,-0.000178576
press,5,-0.000023923,0.000169516
press,5,-0.000448177,-0.000154972
press,5,-0.000293379,0.000158072
press,5,0.000656373,-0.000194073
press,5,0.000256075,0.000192881
press,5,-0.000666959,-0.000167847
press,5,0.000541331,0.000169039
press,5,0.000041145,-0.000177145
press,5,0.000017217,0.000193596
press,5,-0.000056425,-0.000152111
press,5,-0.000279702,0.000187397
press,5,0.000387747,-0.000197411
press,5,0.000115425,0.000181913
press,5,0.000050667,-0.000143290
press,5,-0.000843760,0.000181913
press,5,0.000839834,-0.000195503
press,5,-0.000332499,0.000191927
press,5,0.000327257,-0.000181675
press,5,-0.000451506,0.000197887
press,5,0.000469418,-0.000168324
press,5,-0.000728144,0.000208616
press,5,0.000706534,-0.000210285
press,5,-0.000887941,0.000197172
press,5,0.000983687,-0.000198364
press,5,-0.000783373,0.000206232
press,5,-0.000171631,-0.000203848
press,5,0.000479700,0.000149012
press,5,-0.000056268,-0.000165224
press,5,0.000233771,0.000173092
press,5,-0.000215787,-0.000156641
press,6,-0.000212406,0.000399649
press,6,-0.000276007,0.001443386
press,6,-0.000009726,-0.000586510
press,6,0.000057767,0.000746369
press,6,0.000216765,-0.000950873
press,6,-0.000224917,0.001691222
press,6,-0.000099085,-0.001696289
press,6,0.000190499,0.000338793
press,6,-0.000245377,0.001371264
press,6,0.000131620,-0.002099097
press,6,-0.000180504,0.000279784
press,6,0.000069443,0.000383317
press,6,-0.000007431,0.000825167
press,6,-0.000088095,0.000225484
press,6,0.000206116,-0.001040459
press,6,-0.000142258,0.000648618
press,6,-0.000023967,-0.000658751
press,6,0.000349756,-0.000358999
press,6,-0.000227111,0.001574397
press,6,-0.000054161,-0.001705527
press,6,0.000194997,0.000614047
press,6,-0.000282556,0.000524163
press,6,0.000346088,-0.000263274
press,6,-0.000139139,0.000623643
press,6,0.000000912,-0.001239359
press,6,0.000143084,0.001078010
press,6,-0.000111376,-0.000318944
press,6,0.000069657,-0.000412047
press,6,-0.000064398,0.000941753
press,6,-0.000114986,0.000350058
press,6,0.000390201,-0.001556516
press,6,-0.000144109,0.001566052
press,6,-0.000084952,-0.001860797
press,6,0.000876228,0.000226796
press,6,-0.000371009,0.000671029
press,6,-0.000155534,-0.000497460
press,6,0.000253337,0.001253903
press,6,-0.000318023,-0.002192080
press,6,0.000292591,0.000370860
press,6,-0.000153629,0.001494229
press,6,-0.000203092,-0.002306283
press,6,0.000249169,0.000308335
press,6,0.000116359,-0.000093639
press,6,-0.000245041,0.000015676
press,6,-0.000204732,0.001391947
press,6,0.000721982,-0.001946032
press,6,-0.000505880,0.001010180
press,6,0.000093472,-0.001122177
press,6,-0.000192156,0.000798523
press,6,0.000172665,-0.000457466
press,6,0.000162208,0.001215696
press,6,-0.000010888,-0.001076221
press,6,0.000135022,0.000985622
press,6,-0.000242286,-0.001192927
press,6,0.000348234,-0.000059485
press,6,0.000027519,0.001740694
press,6,0.000217914,-0.002026021
press,6,-0.000291116,-0.000023663
press,6,-0.000100926,0.001632512
press,6,-0.000005412,-0.002094805
press,6,0.000247984,0.000660717
press,6,-0.000516018,0.001068890
press,6,0.000618342,-0.000557363
press,6,-0.000450741,0.001183152
press,6,0.000149034,-0.001893878
press,6,0.000342411,0.000577033
press,6,-0.000431713,0.001489520
press,6,0.000273851,-0.002439678
press,6,0.000071201,0.000440300
press,6,-0.000223677,0.000625670
press,6,0.000441380,-0.000054896
press,6,-0.000440665,0.001168430
press,6,0.000239168,-0.002065659
press,6,0.000171532,0.000678182
press,6,-0.000384534,0.001474380
press,6,0.000534662,-0.001622796
press,6,-0.000191668,0.001795590
press,6,-0.000166131,-0.001591027
press,6,0.000275135,-0.000435293
press,6,-0.000299228,0.000917375
press,6,0.000474556,-0.001249254
press,6,-0.000376159,0.001707375
press,6,0.000028870,-0.001045167
press,6,0.000671102,-0.000736535
press,6,-0.000366543,0.001704872
press,6,-0.000026927,-0.001310170
press,6,0.000042238,-0.000913143
press,6,-0.000022003,0.000242412
press,6,-0.000305261,0.001651287
press,6,0.000332296,-0.001643300
press,6,0.000081312,0.000341535
press,6,-0.000240742,0.001755238
press,6,0.000191494,-0.002180934
press,6,0.000025513,0.000422239
press,6,-0.000387736,0.001272023
press,6,0.000557445,-0.000904143
press,6,-0.000200289,0.001474440
press,6,0.000191671,-0.001993716
press,6,-0.000001958,0.000575960
press,6,-0.000234210,0.001056731
press,6,0.000598773,-0.000652909
press,6,-0.000409023,0.001594365
press,6,-0.000200623,-0.001500964
press,6,0.000660520,-0.000520110
press,6,-0.000563994,0.001329839
press,6,0.000126095,-0.001770258
press,6,0.000218211,0.001021743
press,6,0.000206189,-0.001302063
press,6,-0.000507941,0.001635313
press,6,0.000351623,-0.002069712
press,6,-0.000212620,0.001436293
press,6,0.000227848,-0.001378775
press,6,-0.000122691,0.000881195
press,6,-0.000267425,0.001493931
press,6,0.000566321,-0.001891494
press,6,-0.000185064,0.001915097
press,6,0.000034527,-0.001329958
press,6,0.000198910,-0.000914991
press,6,-0.000053992,0.000270128
press,6,-0.000304271,0.000441670
press,6,0.000395471,0.000547409
press,6,-0.000245265,-0.000137568
press,6,-0.000121962,0.000068963
press,6,0.000171045,0.000808418
press,6,-0.000154491,-0.000534773
press,6,0.000063905,0.001177073
press,6,0.000096304,-0.001064897
press,6,0.000170535,0.001783907
press,6,-0.000106723,-0.001520276
press,6,0.000163172,-0.000604451
press,6,-0.000236591,0.001006365
press,6,0.000476433,-0.001278698
press,6,-0.000289310,0.001665056
press,6,-0.000106247,-0.000833929
press,6,0.000520377,-0.000696540
press,6,-0.000131602,0.001724124
press,6,-0.000385283,-0.001354098
press,6,0.000176390,-0.000830173
press,6,0.000089218,0.000381708
press,6,-0.000226279,0.001544535
press,6,0.000278028,-0.002205074
press,6,0.000174391,0.000620842
press,6,0.000190552,-0.000401795
press,6,-0.000586602,0.000899494
press,6,0.000723287,-0.000383496
press,6,-0.000550867,0.001632988
press,6,-0.000021856,-0.001622796
press,6,0.000234812,0.001108170
press,6,-0.000200960,0.000647664
press,6,-0.005863226,-0.001202226
press,6,-0.000222990,0.001328826
press,6,0.000025102,-0.002223551
press,6,-0.000060110,0.000612020
press,6,-0.000254226,-0.000254571
press,6,0.000315193,-0.000028610
press,6,-0.000180178,-0.000051439
press,6,-0.000071784,0.001309156
press,6,0.000394485,-0.000971973
press,6,-0.000480373,0.000909030
press,6,0.000165328,-0.000832081
press,6,0.000202649,-0.000896513
press,6,-0.000268057,0.001032889
press,6,0.000264064,-0.001300931
press,6,-0.000416048,0.000873506
press,6,0.000272691,-0.001090527
press,6,-0.000429883,-0.000140131
press,6,0.000432342,0.000732243
press,6,-0.000287780,0.000995219
press,6,-0.000107979,-0.001897037
press,6,0.000343089,0.001310229
press,6,0.000156168,-0.001981139
press,6,-0.000523241,0.001354337
press,6,0.000268143,-0.001487494
press,6,0.000064073,-0.000187755
press,6,-0.000066038,0.000083506
press,6,-0.000084723,0.000144303
press,6,0.000037543,-0.000274360
press,6,-0.000045856,0.000303686
press,6,-0.000080524,-0.000169396
press,6,0.000206090,0.000934064
press,6,-0.000303844,-0.000139177
press,6,0.000236835,0.000812113
press,6,-0.000138150,-0.000901997
press,6,-0.000004018,0.000343263
press,6,-0.000112857,-0.000050783
press,6,0.000298576,0.000477731
press,6,-0.000322890,0.000024140
press,6,0.000267291,0.000507593
press,6,-0.000280163,-0.000449598
press,6,0.000222616,-0.000138521
press,6,-0.000250512,-0.000133932
press,6,0.000324400,0.000152111
press,6,-0.000216350,-0.000084519
press,6,0.000044478,0.000275671
press,6,-0.000075058,-0.000252545
press,6,0.000163634,0.000126958
press,6,-0.000139949,-0.000192285
press,6,0.000128724,0.000152111
press,6,-0.000150537,-0.000193298
press,6,0.000138259,0.000141203
press,6,-0.000218090,-0.000135124
press,6,0.000043521,0.000202894
press,6,-0.000029875,-0.000233293
press,6,0.000207717,0.000190496
press,6,-0.000255111,-0.000199258
press,6,-0.000267801,0.000147283
press,6,0.000251524,-0.000219703
press,6,0.000223157,0.000264525
press,6,-0.000276426,-0.000218153
press,6,0.000144300,0.000195503
press,6,-0.000124892,-0.000230670
press,6,0.000015148,0.000176191
press,6,-0.000017092,-0.000193715
press,6,0.000085442,0.000174463
press,6,-0.000137547,-0.000214636
press,6,0.000215638,0.000208497
press,6,-0.000183208,-0.000197589
press,6,0.000074511,0.000164807
press,6,-0.000149127,-0.000194907
press,6,0.000129176,0.000181437
press,6,-0.000140465,-0.000234008
press,6,0.000040399,0.000190318
press,6,-0.000058762,-0.000193954
press,6,0.000159600,0.000217378
press,6,-0.000195816,-0.000211835
press,6,0.000293093,0.000198781
press,6,-0.000323309,-0.000183165
press,6,0.000114008,0.000181854
press,6,-0.000228503,-0.000246644
press,6,0.000265948,0.000143766
press,6,-0.000274607,-0.000197589
press,6,0.000340358,0.000170410
press,6,-0.000450649,-0.000166118
press,6,0.000372902,0.000177264
press,6,-0.000424419,-0.000166476
press,6,0.000506799,0.000197530
press,6,-0.000302280,-0.000227332
press,6,0.000192155,0.000140607
press,6,-0.000462259,-0.000169039
press,6,0.000339041,0.000163436
press,6,-0.000202842,-0.000185311
press,6,0.000345256,0.000174165
press,6,-0.000450013,-0.000188887
press,6,0.000380228,0.000128567
press,6,-0.000368185,-0.000177145
press,6,0.000196015,0.000199139
press,6,-0.000189646,-0.000189602
press,6,0.000521550,0.000178814
press,6,-0.000537666,-0.000188589
press,6,0.000401402,0.000140488
press,6,-0.000420793,-0.000181317
press,6,0.000252099,0.000195324
press,6,-0.000349697,-0.000220478
press,6,0.000316081,0.000181854
press,6,-0.000164864,-0.000191629
press,6,0.000071301,0.000203848
press,6,-0.000197727,-0.000225484
press,6,0.000124645,0.000172794
press,6,-0.000020005,-0.000241041
press,6,0.000185326,0.000208855
press,6,-0.000306381,-0.000168562
press,6,0.000224121,0.000205398
press,6,-0.000202852,-0.000239134
press,6,0.000159971,0.000124693
press,6,-0.000133702,-0.000189483
press,6,0.000183626,0.000206470
press,6,-0.000130239,-0.000163198
press,6,0.000005322,0.000262499
press,6,-0.000078616,-0.000284195
press,6,0.000161948,0.000107825
press,6,-0.000136160,-0.000177801
press,6,-0.000185390,0.000188172
press,6,0.000102794,-0.000206530
press,6,0.000087821,0.000225008
press,6,-0.000028358,-0.000238895
press,6,-0.000221314,0.000243008
press,6,0.000003192,-0.000276327
press,6,-0.000014358,0.000199735
press,6,0.000063461,-0.000200629
press,6,0.000184316,0.000254035
press,6,-0.000256088,-0.000237525
press,6,0.000043490,0.000138998
press,6,-0.000023355,-0.000196636
press,6,0.000415734,0.000171363
press,6,-0.000432005,-0.000164986
press,6,0.000193477,0.000135720
press,6,-0.000200088,-0.000222325
press,6,0.000184925,0.000166416
press,6,-0.000250090,-0.000169873
press,6,0.000292680,0.000245988
press,6,-0.000294865,-0.000226855
press,6,0.000323207,0.000165641
press,6,-0.000385675,-0.000174582
press,6,0.000317528,0.000190377
press,6,-0.000173451,-0.000217617
press,6,0.000128967,0.000149488
press,6,-0.000207571,-0.000196159
press,6,0.000182176,0.000174761
press,6,-0.000201249,-0.000183225
