# 文件	那一行(去掉注释、空白归一)	数	类别	为什么
act.adb	"" & Codec.Fmt (Note.Cmd (0), 3) & "" & Codec.Fmt (Note.Cmd (1), 3) & "" & Codec.Fmt (Note.Cmd (2), 3) & "" &	3	格式	日志 / 给脑的话里印几位小数
act.adb	"" & Codec.Fmt (Note.Cmd (0), 3) & "" & Codec.Fmt (Note.Cmd (1), 3) & "" & Codec.Fmt (Note.Cmd (2), 3) & "" &	3	格式	日志 / 给脑的话里印几位小数
act.adb	"" & Codec.Fmt (Note.Cmd (0), 3) & "" & Codec.Fmt (Note.Cmd (1), 3) & "" & Codec.Fmt (Note.Cmd (2), 3) & "" &	3	格式	日志 / 给脑的话里印几位小数
act.adb	"" & Codec.Fmt (Note.Got (0), 4) & "" & Codec.Fmt (Note.Got (1), 4) & "" & Codec.Fmt (Note.Got (2), 4) & "" &	4	格式	日志 / 给脑的话里印几位小数
act.adb	"" & Codec.Fmt (Note.Got (0), 4) & "" & Codec.Fmt (Note.Got (1), 4) & "" & Codec.Fmt (Note.Got (2), 4) & "" &	4	格式	日志 / 给脑的话里印几位小数
act.adb	"" & Codec.Fmt (Note.Got (0), 4) & "" & Codec.Fmt (Note.Got (1), 4) & "" & Codec.Fmt (Note.Got (2), 4) & "" &	4	格式	日志 / 给脑的话里印几位小数
act.adb	"" & Codec.Fmt (P.Z, 2)	2	格式	日志 / 给脑的话里印几位小数
act.adb	"" & Codec.Fmt (Pts (0).Cu, 3) & "" & Codec.Fmt (Pts (0).Cv, 3) & "" & Codec.Fmt (Pts (0).Z, 3) &	3	格式	日志 / 给脑的话里印几位小数
act.adb	"" & Codec.Fmt (Pts (0).Cu, 3) & "" & Codec.Fmt (Pts (0).Cv, 3) & "" & Codec.Fmt (Pts (0).Z, 3) &	3	格式	日志 / 给脑的话里印几位小数
act.adb	"" & Codec.Fmt (Pts (0).Cu, 3) & "" & Codec.Fmt (Pts (0).Cv, 3) & "" & Codec.Fmt (Pts (0).Z, 3) &	3	格式	日志 / 给脑的话里印几位小数
act.adb	"" & Codec.Fmt (Sqrt ((Ou - Hand_Du) ** 2 + (Ov - Hand_Dv) ** 2), 3) & "");	3	格式	日志 / 给脑的话里印几位小数
act.adb	"" & Codec.Fmt (Sqrt (Ou ** 2 + Ov ** 2), 3) &	3	格式	日志 / 给脑的话里印几位小数
act.adb	& "" & (if Nl >= 2 then "" & Codec.Fmt (3.0 * Theta / Deg, 1) & "" else "")	2	调参数	还没证明是数学 / 数值 / 统计 / 格式 ⇒ 当成拍的数,要换成量出来的(或者证明它不是)
act.adb	& "" & (if Nl >= 2 then "" & Codec.Fmt (3.0 * Theta / Deg, 1) & "" else "")	3.0	调参数	还没证明是数学 / 数值 / 统计 / 格式 ⇒ 当成拍的数,要换成量出来的(或者证明它不是)
act.adb	& "" & Codec.Fmt ((0.5 + Long_Float (E)) * Az_Step / Deg, 0) & "");	0.5	调参数	还没证明是数学 / 数值 / 统计 / 格式 ⇒ 当成拍的数,要换成量出来的(或者证明它不是)
act.adb	& "" & Codec.Fmt (3.0 * Rep.Hand_Rms, 1) & "" & (if R (K).N > 0 then "" & Mm (R (K).S) & "" & Mm (R (K).Spread) else ""));	3.0	调参数	还没证明是数学 / 数值 / 统计 / 格式 ⇒ 当成拍的数,要换成量出来的(或者证明它不是)
act.adb	& "" & Codec.Fmt (C.Fixed_Turn_Sd, 2) & "");	2	格式	日志 / 给脑的话里印几位小数
act.adb	& "" & Codec.Fmt (C.Geo (K).K1, 3) & "" & Codec.Fmt (C.Geo (K).K1_Sd, 3));	3	格式	日志 / 给脑的话里印几位小数
act.adb	& "" & Codec.Fmt (C.Geo (K).K1, 3) & "" & Codec.Fmt (C.Geo (K).K1_Sd, 3));	3	格式	日志 / 给脑的话里印几位小数
act.adb	& "" & Codec.Fmt (C.Map.Rot_Noise, 4)	4	格式	日志 / 给脑的话里印几位小数
act.adb	& "" & Codec.Fmt (Dr (Natural (Dr.Length) / 2), 2) & "" & Codec.Fmt (Dr (Natural (Dr.Length) - 1), 2) & "");	2	格式	日志 / 给脑的话里印几位小数
act.adb	& "" & Codec.Fmt (Dr (Natural (Dr.Length) / 2), 2) & "" & Codec.Fmt (Dr (Natural (Dr.Length) - 1), 2) & "");	2	格式	日志 / 给脑的话里印几位小数
act.adb	& "" & Codec.Fmt (Dr (Natural (Dr.Length) / 2), 2) & "" & Codec.Fmt (Dr (Natural (Dr.Length) - 1), 2) & "");	2	格式	日志 / 给脑的话里印几位小数
act.adb	& "" & Codec.Fmt (G.Rms, 2) & "");	2	格式	日志 / 给脑的话里印几位小数
act.adb	& "" & Codec.Fmt (Long_Float (Fl.Track), 4)	4	格式	日志 / 给脑的话里印几位小数
act.adb	& "" & Codec.Fmt (Ob.Pose (2), 6) & "" & Codec.Fmt (Ob.Pose (3), 7) & "" & Codec.Fmt (Ob.Pose (4), 7) & "" & Codec.Fmt (Ob.Pose (5), 7)	6	格式	日志 / 给脑的话里印几位小数
act.adb	& "" & Codec.Fmt (Ob.Pose (2), 6) & "" & Codec.Fmt (Ob.Pose (3), 7) & "" & Codec.Fmt (Ob.Pose (4), 7) & "" & Codec.Fmt (Ob.Pose (5), 7)	7	格式	日志 / 给脑的话里印几位小数
act.adb	& "" & Codec.Fmt (Ob.Pose (2), 6) & "" & Codec.Fmt (Ob.Pose (3), 7) & "" & Codec.Fmt (Ob.Pose (4), 7) & "" & Codec.Fmt (Ob.Pose (5), 7)	7	格式	日志 / 给脑的话里印几位小数
act.adb	& "" & Codec.Fmt (Ob.Pose (2), 6) & "" & Codec.Fmt (Ob.Pose (3), 7) & "" & Codec.Fmt (Ob.Pose (4), 7) & "" & Codec.Fmt (Ob.Pose (5), 7)	7	格式	日志 / 给脑的话里印几位小数
act.adb	& "" & Codec.Fmt (Ob.Pose (5), 7) & "" & Codec.Fmt (Ob.Pose (6), 7) & "" & Codec.Img (Ob.Seq) & "" & Codec.Img (Ob.Kind));	7	格式	日志 / 给脑的话里印几位小数
act.adb	& "" & Codec.Fmt (Ob.Pose (5), 7) & "" & Codec.Fmt (Ob.Pose (6), 7) & "" & Codec.Img (Ob.Seq) & "" & Codec.Img (Ob.Kind));	7	格式	日志 / 给脑的话里印几位小数
act.adb	& "" & Codec.Fmt (Ob.Pose (6), 7));	7	格式	日志 / 给脑的话里印几位小数
act.adb	& "" & Codec.Fmt (On_My_Plane (P.Tu, P.Tuv_Z, P.Z) - P.Cu, 3) & "");	3	格式	日志 / 给脑的话里印几位小数
act.adb	& "" & Codec.Fmt (On_My_Plane (P.Tu, P.Tuv_Z, P.Z), 3)	3	格式	日志 / 给脑的话里印几位小数
act.adb	& "" & Codec.Fmt (P.Size, 4)	4	格式	日志 / 给脑的话里印几位小数
act.adb	& "" & Codec.Fmt (P.Tu, 3) & "" & Codec.Fmt (P.Tv, 3) & ""	3	格式	日志 / 给脑的话里印几位小数
act.adb	& "" & Codec.Fmt (P.Tu, 3) & "" & Codec.Fmt (P.Tv, 3) & ""	3	格式	日志 / 给脑的话里印几位小数
act.adb	& "" & Codec.Fmt (P.Tuv_Z, 3)	3	格式	日志 / 给脑的话里印几位小数
act.adb	& "" & Codec.Fmt (P.Z, 3)	3	格式	日志 / 给脑的话里印几位小数
act.adb	& "" & Codec.Fmt (P.Z_Noise, 3)	3	格式	日志 / 给脑的话里印几位小数
act.adb	& "" & Codec.Fmt (P.Z_Rej, 3)	3	格式	日志 / 给脑的话里印几位小数
act.adb	& "" & Codec.Fmt (Pr (2), 3)	3	格式	日志 / 给脑的话里印几位小数
act.adb	& "" & Codec.Fmt (R.Gate, 3) & "" & Integer'Image (R.Dark) & "" & Codec.Img (R.Dark_Now) & "" & Codec.Img (R.Dark_Best));	3	格式	日志 / 给脑的话里印几位小数
act.adb	& "" & Codec.Fmt (Ray_D (A) (0), 7) & "" & Codec.Fmt (Ray_D (A) (1), 7) & "" & Codec.Fmt (Ray_D (A) (2), 7));	7	格式	日志 / 给脑的话里印几位小数
act.adb	& "" & Codec.Fmt (Ray_D (A) (0), 7) & "" & Codec.Fmt (Ray_D (A) (1), 7) & "" & Codec.Fmt (Ray_D (A) (2), 7));	7	格式	日志 / 给脑的话里印几位小数
act.adb	& "" & Codec.Fmt (Ray_D (A) (0), 7) & "" & Codec.Fmt (Ray_D (A) (1), 7) & "" & Codec.Fmt (Ray_D (A) (2), 7));	7	格式	日志 / 给脑的话里印几位小数
act.adb	& "" & Codec.Fmt (S.Cov (0, 2) * 1.0e6, 6) & "" & Codec.Fmt (S.Cov (1, 1) * 1.0e6, 6) & "" & Codec.Fmt (S.Cov (1, 2) * 1.0e6, 6)	1.0e6	调参数	还没证明是数学 / 数值 / 统计 / 格式 ⇒ 当成拍的数,要换成量出来的(或者证明它不是)
act.adb	& "" & Codec.Fmt (S.Cov (0, 2) * 1.0e6, 6) & "" & Codec.Fmt (S.Cov (1, 1) * 1.0e6, 6) & "" & Codec.Fmt (S.Cov (1, 2) * 1.0e6, 6)	1.0e6	调参数	还没证明是数学 / 数值 / 统计 / 格式 ⇒ 当成拍的数,要换成量出来的(或者证明它不是)
act.adb	& "" & Codec.Fmt (S.Cov (0, 2) * 1.0e6, 6) & "" & Codec.Fmt (S.Cov (1, 1) * 1.0e6, 6) & "" & Codec.Fmt (S.Cov (1, 2) * 1.0e6, 6)	1.0e6	调参数	还没证明是数学 / 数值 / 统计 / 格式 ⇒ 当成拍的数,要换成量出来的(或者证明它不是)
act.adb	& "" & Codec.Fmt (S.Cov (0, 2) * 1.0e6, 6) & "" & Codec.Fmt (S.Cov (1, 1) * 1.0e6, 6) & "" & Codec.Fmt (S.Cov (1, 2) * 1.0e6, 6)	2	格式	日志 / 给脑的话里印几位小数
act.adb	& "" & Codec.Fmt (S.Cov (0, 2) * 1.0e6, 6) & "" & Codec.Fmt (S.Cov (1, 1) * 1.0e6, 6) & "" & Codec.Fmt (S.Cov (1, 2) * 1.0e6, 6)	2	格式	日志 / 给脑的话里印几位小数
act.adb	& "" & Codec.Fmt (S.Cov (0, 2) * 1.0e6, 6) & "" & Codec.Fmt (S.Cov (1, 1) * 1.0e6, 6) & "" & Codec.Fmt (S.Cov (1, 2) * 1.0e6, 6)	6	格式	日志 / 给脑的话里印几位小数
act.adb	& "" & Codec.Fmt (S.Cov (0, 2) * 1.0e6, 6) & "" & Codec.Fmt (S.Cov (1, 1) * 1.0e6, 6) & "" & Codec.Fmt (S.Cov (1, 2) * 1.0e6, 6)	6	格式	日志 / 给脑的话里印几位小数
act.adb	& "" & Codec.Fmt (S.Cov (0, 2) * 1.0e6, 6) & "" & Codec.Fmt (S.Cov (1, 1) * 1.0e6, 6) & "" & Codec.Fmt (S.Cov (1, 2) * 1.0e6, 6)	6	格式	日志 / 给脑的话里印几位小数
act.adb	& "" & Codec.Fmt (S.Cov (2, 2) * 1.0e6, 6));	1.0e6	调参数	还没证明是数学 / 数值 / 统计 / 格式 ⇒ 当成拍的数,要换成量出来的(或者证明它不是)
act.adb	& "" & Codec.Fmt (S.Cov (2, 2) * 1.0e6, 6));	6	格式	日志 / 给脑的话里印几位小数
act.adb	& "" & Codec.Fmt (S.Sh, 4) & "" & Codec.Img (S.Views) & "" & Codec.Fmt (S.Cov (0, 0) * 1.0e6, 6) & "" & Codec.Fmt (S.Cov (0, 1) * 1.0e6, 6)	1.0e6	调参数	还没证明是数学 / 数值 / 统计 / 格式 ⇒ 当成拍的数,要换成量出来的(或者证明它不是)
act.adb	& "" & Codec.Fmt (S.Sh, 4) & "" & Codec.Img (S.Views) & "" & Codec.Fmt (S.Cov (0, 0) * 1.0e6, 6) & "" & Codec.Fmt (S.Cov (0, 1) * 1.0e6, 6)	1.0e6	调参数	还没证明是数学 / 数值 / 统计 / 格式 ⇒ 当成拍的数,要换成量出来的(或者证明它不是)
act.adb	& "" & Codec.Fmt (S.Sh, 4) & "" & Codec.Img (S.Views) & "" & Codec.Fmt (S.Cov (0, 0) * 1.0e6, 6) & "" & Codec.Fmt (S.Cov (0, 1) * 1.0e6, 6)	4	格式	日志 / 给脑的话里印几位小数
act.adb	& "" & Codec.Fmt (S.Sh, 4) & "" & Codec.Img (S.Views) & "" & Codec.Fmt (S.Cov (0, 0) * 1.0e6, 6) & "" & Codec.Fmt (S.Cov (0, 1) * 1.0e6, 6)	6	格式	日志 / 给脑的话里印几位小数
act.adb	& "" & Codec.Fmt (S.Sh, 4) & "" & Codec.Img (S.Views) & "" & Codec.Fmt (S.Cov (0, 0) * 1.0e6, 6) & "" & Codec.Fmt (S.Cov (0, 1) * 1.0e6, 6)	6	格式	日志 / 给脑的话里印几位小数
act.adb	& "" & Codec.Fmt (Z.Span, 4)	4	格式	日志 / 给脑的话里印几位小数
act.adb	& "" & Codec.Img (Npts / Natural (Dp.Length)) & "" & Codec.Fmt (Rs (Natural (Rs.Length) / 2), 2)	2	格式	日志 / 给脑的话里印几位小数
act.adb	& "" & Codec.Img (Npts / Natural (Dp.Length)) & "" & Codec.Fmt (Rs (Natural (Rs.Length) / 2), 2)	2	格式	日志 / 给脑的话里印几位小数
act.adb	& "" & Codec.Img (R.Consistent) & "" & Codec.Img (R.Asked) & "" & Codec.Fmt (R.Rms, 2) & "");	2	格式	日志 / 给脑的话里印几位小数
act.adb	& "" & Codec.Img (St.Kept) & "" & Codec.Fmt (St.Sigma_W, 2) & ""	2	格式	日志 / 给脑的话里印几位小数
act.adb	& "" & Len (C, Pick.Pre) & "" & Codec.Fmt (Pick.Mu_Worst, 2) & ""	2	格式	日志 / 给脑的话里印几位小数
act.adb	& "" & Mm (Dp (Natural (Dp.Length) / 2)) & "" & Mm (Dp (Natural (Dp.Length) - 1))	2	数学	求中点 / 一半
act.adb	& "" & Mm (P0 (0)) & "" & Mm (P0 (1)) & "" & Mm (P0 (2)) & "" & Codec.Fmt (N0 (0), 3) & "" & Codec.Fmt (N0 (1), 3) & ""	3	格式	日志 / 给脑的话里印几位小数
act.adb	& "" & Mm (P0 (0)) & "" & Mm (P0 (1)) & "" & Mm (P0 (2)) & "" & Codec.Fmt (N0 (0), 3) & "" & Codec.Fmt (N0 (1), 3) & ""	3	格式	日志 / 给脑的话里印几位小数
act.adb	& "", Draw.Green, 2);	2	调参数	还没证明是数学 / 数值 / 统计 / 格式 ⇒ 当成拍的数,要换成量出来的(或者证明它不是)
act.adb	& (if Turned > 0 then "" & Codec.Img (90 * Turned) & Deg_Say & "" else "")	90	调参数	还没证明是数学 / 数值 / 统计 / 格式 ⇒ 当成拍的数,要换成量出来的(或者证明它不是)
act.adb	& Codec.Fmt ((if Per_Step > 0.0 then T.Err (R) / Per_Step else T.Err (R)), 2)	2	格式	日志 / 给脑的话里印几位小数
act.adb	& Codec.Fmt (0.0, 3) & "" & Codec.Img (Natural (Cur.Length)));	3	格式	日志 / 给脑的话里印几位小数
act.adb	& Codec.Fmt (B.K1, 3) & "" & Codec.Fmt (B.K1_Sd, 3) & "" & Codec.Fmt (B.K2, 3));	3	格式	日志 / 给脑的话里印几位小数
act.adb	& Codec.Fmt (B.K1, 3) & "" & Codec.Fmt (B.K1_Sd, 3) & "" & Codec.Fmt (B.K2, 3));	3	格式	日志 / 给脑的话里印几位小数
act.adb	& Codec.Fmt (B.K1, 3) & "" & Codec.Fmt (B.K1_Sd, 3) & "" & Codec.Fmt (B.K2, 3));	3	格式	日志 / 给脑的话里印几位小数
act.adb	& Codec.Fmt (C.Tables (Natural (Ix)).E.B (K, 0), 3));	3	格式	日志 / 给脑的话里印几位小数
act.adb	& Codec.Fmt (C.Tables (Natural (Ix)).E.B (K, 2), 3)	3	格式	日志 / 给脑的话里印几位小数
act.adb	& Codec.Fmt (E (Natural (E.Length) / 2), 2) & "" & Codec.Fmt (E (Natural (E.Length) - 1), 1) & "" & Codec.Img (Within) & "");	2	格式	日志 / 给脑的话里印几位小数
act.adb	& Codec.Fmt (E (Natural (E.Length) / 2), 2) & "" & Codec.Fmt (E (Natural (E.Length) - 1), 1) & "" & Codec.Img (Within) & "");	2	格式	日志 / 给脑的话里印几位小数
act.adb	& Codec.Fmt (Effs (I).B (K, 0), 3) & ""	3	格式	日志 / 给脑的话里印几位小数
act.adb	& Codec.Fmt (Effs (I).B (K, 2), 3)	3	格式	日志 / 给脑的话里印几位小数
act.adb	& Codec.Fmt (G.F, 1) & "" & Codec.Fmt (G.F_Sd, 1) & "" & Codec.Fmt (G.K1, 3) & "" & Codec.Fmt (G.K1_Sd, 3) & "" & Codec.Fmt (G.K2, 3));	3	格式	日志 / 给脑的话里印几位小数
act.adb	& Codec.Fmt (G.F, 1) & "" & Codec.Fmt (G.F_Sd, 1) & "" & Codec.Fmt (G.K1, 3) & "" & Codec.Fmt (G.K1_Sd, 3) & "" & Codec.Fmt (G.K2, 3));	3	格式	日志 / 给脑的话里印几位小数
act.adb	& Codec.Fmt (G.F, 1) & "" & Codec.Fmt (G.F_Sd, 1) & "" & Codec.Fmt (G.K1, 3) & "" & Codec.Fmt (G.K1_Sd, 3) & "" & Codec.Fmt (G.K2, 3));	3	格式	日志 / 给脑的话里印几位小数
act.adb	& Codec.Fmt (G.F, 3) & "" & Codec.Img (C.Map.Arms));	3	格式	日志 / 给脑的话里印几位小数
act.adb	& Codec.Fmt (G.Pos (2), 3) & "");	3	格式	日志 / 给脑的话里印几位小数
act.adb	& Codec.Fmt (N0 (2), 3) & "");	3	格式	日志 / 给脑的话里印几位小数
act.adb	& Codec.Fmt (Ob.Pose (1), 6) & "" & Codec.Fmt (Ob.Pose (2), 6) & "" & Codec.Fmt (Ob.Pose (3), 7) & "" & Codec.Fmt (Ob.Pose (4), 7)	6	格式	日志 / 给脑的话里印几位小数
act.adb	& Codec.Fmt (Ob.Pose (1), 6) & "" & Codec.Fmt (Ob.Pose (2), 6) & "" & Codec.Fmt (Ob.Pose (3), 7) & "" & Codec.Fmt (Ob.Pose (4), 7)	6	格式	日志 / 给脑的话里印几位小数
act.adb	& Codec.Fmt (Ob.Pose (1), 6) & "" & Codec.Fmt (Ob.Pose (2), 6) & "" & Codec.Fmt (Ob.Pose (3), 7) & "" & Codec.Fmt (Ob.Pose (4), 7)	7	格式	日志 / 给脑的话里印几位小数
act.adb	& Codec.Fmt (Ob.Pose (1), 6) & "" & Codec.Fmt (Ob.Pose (2), 6) & "" & Codec.Fmt (Ob.Pose (3), 7) & "" & Codec.Fmt (Ob.Pose (4), 7)	7	格式	日志 / 给脑的话里印几位小数
act.adb	& Codec.Fmt (P.Cu, 3) & "" & Codec.Fmt (P.Cv, 3) & "" & Codec.Fmt (P.Z, 3)	3	格式	日志 / 给脑的话里印几位小数
act.adb	& Codec.Fmt (P.Cu, 3) & "" & Codec.Fmt (P.Cv, 3) & "" & Codec.Fmt (P.Z, 3)	3	格式	日志 / 给脑的话里印几位小数
act.adb	& Codec.Fmt (P.Cu, 3) & "" & Codec.Fmt (P.Cv, 3) & "" & Codec.Fmt (P.Z, 3)	3	格式	日志 / 给脑的话里印几位小数
act.adb	& Codec.Fmt (P.Tz, 3)	3	格式	日志 / 给脑的话里印几位小数
act.adb	& Codec.Fmt (Pin.Size / Long_Float'Max (1.0e-9, Pin.Tsize) * 100.0, 0)	1.0e-9	数值	浮点的防除零 / 数值容差(不描述身体和世界)
act.adb	& Codec.Fmt (Pin.Size / Long_Float'Max (1.0e-9, Pin.Tsize) * 100.0, 0)	100.0	调参数	还没证明是数学 / 数值 / 统计 / 格式 ⇒ 当成拍的数,要换成量出来的(或者证明它不是)
act.adb	& Codec.Fmt (Pl.Cu, 3) & "" & Codec.Fmt (Pl.Cv, 3) & ""	3	格式	日志 / 给脑的话里印几位小数
act.adb	& Codec.Fmt (Pl.Cu, 3) & "" & Codec.Fmt (Pl.Cv, 3) & ""	3	格式	日志 / 给脑的话里印几位小数
act.adb	& Codec.Fmt (Pl.Z, 3));	3	格式	日志 / 给脑的话里印几位小数
act.adb	& Codec.Fmt (Pts (I).Cu, 3) & "" & Codec.Fmt (Pts (I).Cv, 3) & ""	3	格式	日志 / 给脑的话里印几位小数
act.adb	& Codec.Fmt (Pts (I).Cu, 3) & "" & Codec.Fmt (Pts (I).Cv, 3) & ""	3	格式	日志 / 给脑的话里印几位小数
act.adb	& Codec.Fmt (S.Cov (0, 1) * 1.0e6, 6) & "" & Codec.Fmt (S.Cov (0, 2) * 1.0e6, 6) & "" & Codec.Fmt (S.Cov (1, 1) * 1.0e6, 6) & ""	1.0e6	调参数	还没证明是数学 / 数值 / 统计 / 格式 ⇒ 当成拍的数,要换成量出来的(或者证明它不是)
act.adb	& Codec.Fmt (S.Cov (0, 1) * 1.0e6, 6) & "" & Codec.Fmt (S.Cov (0, 2) * 1.0e6, 6) & "" & Codec.Fmt (S.Cov (1, 1) * 1.0e6, 6) & ""	1.0e6	调参数	还没证明是数学 / 数值 / 统计 / 格式 ⇒ 当成拍的数,要换成量出来的(或者证明它不是)
act.adb	& Codec.Fmt (S.Cov (0, 1) * 1.0e6, 6) & "" & Codec.Fmt (S.Cov (0, 2) * 1.0e6, 6) & "" & Codec.Fmt (S.Cov (1, 1) * 1.0e6, 6) & ""	1.0e6	调参数	还没证明是数学 / 数值 / 统计 / 格式 ⇒ 当成拍的数,要换成量出来的(或者证明它不是)
act.adb	& Codec.Fmt (S.Cov (0, 1) * 1.0e6, 6) & "" & Codec.Fmt (S.Cov (0, 2) * 1.0e6, 6) & "" & Codec.Fmt (S.Cov (1, 1) * 1.0e6, 6) & ""	2	格式	日志 / 给脑的话里印几位小数
act.adb	& Codec.Fmt (S.Cov (0, 1) * 1.0e6, 6) & "" & Codec.Fmt (S.Cov (0, 2) * 1.0e6, 6) & "" & Codec.Fmt (S.Cov (1, 1) * 1.0e6, 6) & ""	6	格式	日志 / 给脑的话里印几位小数
act.adb	& Codec.Fmt (S.Cov (0, 1) * 1.0e6, 6) & "" & Codec.Fmt (S.Cov (0, 2) * 1.0e6, 6) & "" & Codec.Fmt (S.Cov (1, 1) * 1.0e6, 6) & ""	6	格式	日志 / 给脑的话里印几位小数
act.adb	& Codec.Fmt (S.Cov (0, 1) * 1.0e6, 6) & "" & Codec.Fmt (S.Cov (0, 2) * 1.0e6, 6) & "" & Codec.Fmt (S.Cov (1, 1) * 1.0e6, 6) & ""	6	格式	日志 / 给脑的话里印几位小数
act.adb	& Codec.Fmt (S.Cov (1, 2) * 1.0e6, 6) & "" & Codec.Fmt (S.Cov (2, 2) * 1.0e6, 6));	1.0e6	调参数	还没证明是数学 / 数值 / 统计 / 格式 ⇒ 当成拍的数,要换成量出来的(或者证明它不是)
act.adb	& Codec.Fmt (S.Cov (1, 2) * 1.0e6, 6) & "" & Codec.Fmt (S.Cov (2, 2) * 1.0e6, 6));	1.0e6	调参数	还没证明是数学 / 数值 / 统计 / 格式 ⇒ 当成拍的数,要换成量出来的(或者证明它不是)
act.adb	& Codec.Fmt (S.Cov (1, 2) * 1.0e6, 6) & "" & Codec.Fmt (S.Cov (2, 2) * 1.0e6, 6));	6	格式	日志 / 给脑的话里印几位小数
act.adb	& Codec.Fmt (S.Cov (1, 2) * 1.0e6, 6) & "" & Codec.Fmt (S.Cov (2, 2) * 1.0e6, 6));	6	格式	日志 / 给脑的话里印几位小数
act.adb	& Codec.Fmt (S.V, 3) & "" & Codec.Fmt (S.Sh, 4) & "" & Codec.Img (S.Views) & "" & Codec.Fmt (S.Cov (0, 0) * 1.0e6, 6) & ""	1.0e6	调参数	还没证明是数学 / 数值 / 统计 / 格式 ⇒ 当成拍的数,要换成量出来的(或者证明它不是)
act.adb	& Codec.Fmt (S.V, 3) & "" & Codec.Fmt (S.Sh, 4) & "" & Codec.Img (S.Views) & "" & Codec.Fmt (S.Cov (0, 0) * 1.0e6, 6) & ""	3	格式	日志 / 给脑的话里印几位小数
act.adb	& Codec.Fmt (S.V, 3) & "" & Codec.Fmt (S.Sh, 4) & "" & Codec.Img (S.Views) & "" & Codec.Fmt (S.Cov (0, 0) * 1.0e6, 6) & ""	4	格式	日志 / 给脑的话里印几位小数
act.adb	& Codec.Fmt (S.V, 3) & "" & Codec.Fmt (S.Sh, 4) & "" & Codec.Img (S.Views) & "" & Codec.Fmt (S.Cov (0, 0) * 1.0e6, 6) & ""	6	格式	日志 / 给脑的话里印几位小数
act.adb	& Codec.Fmt (Sqrt (Se.E.B (K, 0) ** 2 + Se.E.B (K, 1) ** 2), 3)	3	格式	日志 / 给脑的话里印几位小数
act.adb	& Codec.Fmt (St.Sigma_H, 2) & "" & Codec.Img (Asked) & "" & (if Failed > 0 then "" & Codec.Img (Failed) & "" else "")	2	格式	日志 / 给脑的话里印几位小数
act.adb	& Codec.Fmt (T.Err (R), 4) & "" & Codec.Fmt (T.W (R), 3)	3	格式	日志 / 给脑的话里印几位小数
act.adb	& Codec.Fmt (T.Err (R), 4) & "" & Codec.Fmt (T.W (R), 3)	4	格式	日志 / 给脑的话里印几位小数
act.adb	& Codec.Fmt (Tips (K) (2), 5) & "");	5	格式	日志 / 给脑的话里印几位小数
act.adb	& Codec.Fmt (Z.Span, 3) & ""	3	格式	日志 / 给脑的话里印几位小数
act.adb	& Codec.Img (Natural (Cur.Length)) & "" & Codec.Img (G.Dropped) & "" & Codec.Fmt (G.Rms, 2) & ""	2	格式	日志 / 给脑的话里印几位小数
act.adb	& Codec.Img (Rep.Hand_Used) & "" & Codec.Img (Rep.Hand_N) & "" & Codec.Fmt (Rep.Hand_Rms, 2) & "" & Codec.Img (G.Dropped)	2	格式	日志 / 给脑的话里印几位小数
act.adb	& Mm (B.Off_Sd) & "" & Codec.Fmt (Geom.Norm (Geom.Rot_Vec (Geom.Mul (Geom.Tr (A.R_Ce), B.R_Ce))) * Deg, 2) & ""	2	格式	日志 / 给脑的话里印几位小数
act.adb	((Skin + Surface) / 2.0);	2.0	数学	求中点 / 一半
act.adb	(4.0 / Long_Float'Max (4.0, Long_Float'Max (P.Box_W * Long_Float (Cw), P.Box_H * Long_Float (Ch))));	4.0	调参数	还没证明是数学 / 数值 / 统计 / 格式 ⇒ 当成拍的数,要换成量出来的(或者证明它不是)
act.adb	(4.0 / Long_Float'Max (4.0, Long_Float'Max (P.Box_W * Long_Float (Cw), P.Box_H * Long_Float (Ch))));	4.0	调参数	还没证明是数学 / 数值 / 统计 / 格式 ⇒ 当成拍的数,要换成量出来的(或者证明它不是)
act.adb	(if A = "" then 0.25 elsif A = "" then 1.0 else 0.5);	0.25	调参数	还没证明是数学 / 数值 / 统计 / 格式 ⇒ 当成拍的数,要换成量出来的(或者证明它不是)
act.adb	(if A = "" then 0.25 elsif A = "" then 1.0 else 0.5);	0.5	调参数	还没证明是数学 / 数值 / 统计 / 格式 ⇒ 当成拍的数,要换成量出来的(或者证明它不是)
act.adb	(if G.F > 0.0 then Codec.Fmt (G.F, 1) & "" & "" else "") & "" & (if G.Valid then "" & Codec.Fmt (G.Rms, 2) & "" else "") &	2	格式	日志 / 给脑的话里印几位小数
act.adb	(if Own_Cam or else Tr.Known then "" else ""), Draw.Orange, 2);	2	调参数	还没证明是数学 / 数值 / 统计 / 格式 ⇒ 当成拍的数,要换成量出来的(或者证明它不是)
act.adb	+ (Pts (I).Cv - Was (I).Cv) ** 2), 4)	4	调参数	还没证明是数学 / 数值 / 统计 / 格式 ⇒ 当成拍的数,要换成量出来的(或者证明它不是)
act.adb	0, Draw.Pink, 2);	2	调参数	还没证明是数学 / 数值 / 统计 / 格式 ⇒ 当成拍的数,要换成量出来的(或者证明它不是)
act.adb	3.0 * Long_Float'Max (C.Map.EE_Noise, (if N_Free >= 2 then abs (Prev - Prev2) else 0.0))))	2	调参数	还没证明是数学 / 数值 / 统计 / 格式 ⇒ 当成拍的数,要换成量出来的(或者证明它不是)
act.adb	3.0 * Long_Float'Max (C.Map.EE_Noise, (if N_Free >= 2 then abs (Prev - Prev2) else 0.0))))	3.0	调参数	还没证明是数学 / 数值 / 统计 / 格式 ⇒ 当成拍的数,要换成量出来的(或者证明它不是)
act.adb	30);	30	调参数	还没证明是数学 / 数值 / 统计 / 格式 ⇒ 当成拍的数,要换成量出来的(或者证明它不是)
act.adb	<= Long_Float'Max (1.0e-6, C.Map.Amp (Arm * Chan.Per_Arm + K)) * Cap_Mult * C.Tables (Natural (Idx)).Reach (K))	1.0e-6	数值	浮点的防除零 / 数值容差(不描述身体和世界)
act.adb	A (2) := C.Map.Amp (Arm * Chan.Per_Arm + 2) * 4.0;	4.0	调参数	还没证明是数学 / 数值 / 统计 / 格式 ⇒ 当成拍的数,要换成量出来的(或者证明它不是)
act.adb	A.Append (Before.Element ((2 * Y) * Cw + 2 * X));	2	调参数	还没证明是数学 / 数值 / 统计 / 格式 ⇒ 当成拍的数,要换成量出来的(或者证明它不是)
act.adb	A.Append (Before.Element ((2 * Y) * Cw + 2 * X));	2	调参数	还没证明是数学 / 数值 / 统计 / 格式 ⇒ 当成拍的数,要换成量出来的(或者证明它不是)
act.adb	Above : Boolean := False; Amt : Long_Float := 0.5; Until_Touch : Boolean := False;	0.5	调参数	还没证明是数学 / 数值 / 统计 / 格式 ⇒ 当成拍的数,要换成量出来的(或者证明它不是)
act.adb	Ada.Text_IO.Put (Fo, "" & Codec.Fmt (F.EE (Arm) (I), 7));	7	格式	日志 / 给脑的话里印几位小数
act.adb	Ada.Text_IO.Put (Fo, "" & Codec.Fmt (H.Pose (I), 6));	6	格式	日志 / 给脑的话里印几位小数
act.adb	Ada.Text_IO.Put (Fo, "" & Codec.Fmt (Ob.Pose (I), 7));	7	格式	日志 / 给脑的话里印几位小数
act.adb	Ada.Text_IO.Put_Line (Fo, "" & Codec.Fmt (Ob.U, 3) & "" & Codec.Fmt (Ob.V, 3) & "" & Codec.Fmt (Ob.Hu, 3) & "" & Codec.Fmt (Ob.Hv, 3));	3	格式	日志 / 给脑的话里印几位小数
act.adb	Ada.Text_IO.Put_Line (Fo, "" & Codec.Fmt (Ob.U, 3) & "" & Codec.Fmt (Ob.V, 3) & "" & Codec.Fmt (Ob.Hu, 3) & "" & Codec.Fmt (Ob.Hv, 3));	3	格式	日志 / 给脑的话里印几位小数
act.adb	Ada.Text_IO.Put_Line (Fo, "" & Codec.Fmt (Ob.U, 3) & "" & Codec.Fmt (Ob.V, 3) & "" & Codec.Fmt (Ob.Hu, 3) & "" & Codec.Fmt (Ob.Hv, 3));	3	格式	日志 / 给脑的话里印几位小数
act.adb	Ada.Text_IO.Put_Line (Fo, "" & Codec.Fmt (Ob.U, 3) & "" & Codec.Fmt (Ob.V, 3) & "" & Codec.Fmt (Ob.Hu, 3) & "" & Codec.Fmt (Ob.Hv, 3));	3	格式	日志 / 给脑的话里印几位小数
act.adb	Ada.Text_IO.Put_Line (Fo, "" & Codec.Fmt (S.Pw (0), 6) & "" & Codec.Fmt (S.Pw (1), 6) & "" & Codec.Fmt (S.Pw (2), 6) & "" & Codec.Fmt (S.U, 3) & ""	3	格式	日志 / 给脑的话里印几位小数
act.adb	Ada.Text_IO.Put_Line (Fo, "" & Codec.Fmt (S.Pw (0), 6) & "" & Codec.Fmt (S.Pw (1), 6) & "" & Codec.Fmt (S.Pw (2), 6) & "" & Codec.Fmt (S.U, 3) & ""	6	格式	日志 / 给脑的话里印几位小数
act.adb	Ada.Text_IO.Put_Line (Fo, "" & Codec.Fmt (S.Pw (0), 6) & "" & Codec.Fmt (S.Pw (1), 6) & "" & Codec.Fmt (S.Pw (2), 6) & "" & Codec.Fmt (S.U, 3) & ""	6	格式	日志 / 给脑的话里印几位小数
act.adb	Ada.Text_IO.Put_Line (Fo, "" & Codec.Fmt (S.Pw (0), 6) & "" & Codec.Fmt (S.Pw (1), 6) & "" & Codec.Fmt (S.Pw (2), 6) & "" & Codec.Fmt (S.U, 3) & ""	6	格式	日志 / 给脑的话里印几位小数
act.adb	Ada.Text_IO.Put_Line (Fo, "" & Codec.Img (A) & "" & Codec.Fmt (Ray_O (A) (0), 6) & "" & Codec.Fmt (Ray_O (A) (1), 6) & "" & Codec.Fmt (Ray_O (A) (2), 6)	6	格式	日志 / 给脑的话里印几位小数
act.adb	Ada.Text_IO.Put_Line (Fo, "" & Codec.Img (A) & "" & Codec.Fmt (Ray_O (A) (0), 6) & "" & Codec.Fmt (Ray_O (A) (1), 6) & "" & Codec.Fmt (Ray_O (A) (2), 6)	6	格式	日志 / 给脑的话里印几位小数
act.adb	Ada.Text_IO.Put_Line (Fo, "" & Codec.Img (A) & "" & Codec.Fmt (Ray_O (A) (0), 6) & "" & Codec.Fmt (Ray_O (A) (1), 6) & "" & Codec.Fmt (Ray_O (A) (2), 6)	6	格式	日志 / 给脑的话里印几位小数
act.adb	Ada.Text_IO.Put_Line (Fo, "" & Codec.Img (A) & "" & Codec.Img (Tip_Cam (A)) & "" & Codec.Fmt (Tip_U (A), 3) & "" & Codec.Fmt (Tip_V (A), 3)	3	格式	日志 / 给脑的话里印几位小数
act.adb	Ada.Text_IO.Put_Line (Fo, "" & Codec.Img (A) & "" & Codec.Img (Tip_Cam (A)) & "" & Codec.Fmt (Tip_U (A), 3) & "" & Codec.Fmt (Tip_V (A), 3)	3	格式	日志 / 给脑的话里印几位小数
act.adb	Ada.Text_IO.Put_Line (Fo, "" & Codec.Img (Natural (C.Board.Length)) & "" & Codec.Img (C.Fixed_Best.All_N) & "" & Codec.Fmt (C.Fixed_Turn_Sd, 4));	4	格式	日志 / 给脑的话里印几位小数
act.adb	Ada.Text_IO.Put_Line (Fo, "" & Codec.Img (Ob.Pt) & "" & Codec.Fmt (Ob.U, 3) & "" & Codec.Fmt (Ob.V, 3) & "" & Codec.Fmt (Ob.Pose (0), 6) & ""	3	格式	日志 / 给脑的话里印几位小数
act.adb	Ada.Text_IO.Put_Line (Fo, "" & Codec.Img (Ob.Pt) & "" & Codec.Fmt (Ob.U, 3) & "" & Codec.Fmt (Ob.V, 3) & "" & Codec.Fmt (Ob.Pose (0), 6) & ""	3	格式	日志 / 给脑的话里印几位小数
act.adb	Ada.Text_IO.Put_Line (Fo, "" & Codec.Img (Ob.Pt) & "" & Codec.Fmt (Ob.U, 3) & "" & Codec.Fmt (Ob.V, 3) & "" & Codec.Fmt (Ob.Pose (0), 6) & ""	6	格式	日志 / 给脑的话里印几位小数
act.adb	Ada.Text_IO.Put_Line (Fo, Codec.Fmt (S.Pw (0), 6) & "" & Codec.Fmt (S.Pw (1), 6) & "" & Codec.Fmt (S.Pw (2), 6) & "" & Codec.Fmt (S.U, 3) & "" & Codec.Fmt (S.V, 3)	3	格式	日志 / 给脑的话里印几位小数
act.adb	Ada.Text_IO.Put_Line (Fo, Codec.Fmt (S.Pw (0), 6) & "" & Codec.Fmt (S.Pw (1), 6) & "" & Codec.Fmt (S.Pw (2), 6) & "" & Codec.Fmt (S.U, 3) & "" & Codec.Fmt (S.V, 3)	3	格式	日志 / 给脑的话里印几位小数
act.adb	Ada.Text_IO.Put_Line (Fo, Codec.Fmt (S.Pw (0), 6) & "" & Codec.Fmt (S.Pw (1), 6) & "" & Codec.Fmt (S.Pw (2), 6) & "" & Codec.Fmt (S.U, 3) & "" & Codec.Fmt (S.V, 3)	6	格式	日志 / 给脑的话里印几位小数
act.adb	Ada.Text_IO.Put_Line (Fo, Codec.Fmt (S.Pw (0), 6) & "" & Codec.Fmt (S.Pw (1), 6) & "" & Codec.Fmt (S.Pw (2), 6) & "" & Codec.Fmt (S.U, 3) & "" & Codec.Fmt (S.V, 3)	6	格式	日志 / 给脑的话里印几位小数
act.adb	Ada.Text_IO.Put_Line (Fo, Codec.Fmt (S.Pw (0), 6) & "" & Codec.Fmt (S.Pw (1), 6) & "" & Codec.Fmt (S.Pw (2), 6) & "" & Codec.Fmt (S.U, 3) & "" & Codec.Fmt (S.V, 3)	6	格式	日志 / 给脑的话里印几位小数
act.adb	Ada.Text_IO.Put_Line (Fo, Codec.Img (Cw) & "" & Codec.Img (Ch) & "" & Codec.Fmt (G.Cx, 3) & "" & Codec.Fmt (G.Cy, 3) & ""	3	格式	日志 / 给脑的话里印几位小数
act.adb	Ada.Text_IO.Put_Line (Fo, Codec.Img (Cw) & "" & Codec.Img (Ch) & "" & Codec.Fmt (G.Cx, 3) & "" & Codec.Fmt (G.Cy, 3) & ""	3	格式	日志 / 给脑的话里印几位小数
act.adb	Ada.Text_IO.Put_Line (Fo, Codec.Img (F.Cams (Wc).W) & "" & Codec.Img (F.Cams (Wc).H) & "" & Codec.Fmt (G.Cx, 3) & "" & Codec.Fmt (G.Cy, 3) & ""	3	格式	日志 / 给脑的话里印几位小数
act.adb	Ada.Text_IO.Put_Line (Fo, Codec.Img (F.Cams (Wc).W) & "" & Codec.Img (F.Cams (Wc).H) & "" & Codec.Fmt (G.Cx, 3) & "" & Codec.Fmt (G.Cy, 3) & ""	3	格式	日志 / 给脑的话里印几位小数
act.adb	Ada.Text_IO.Put_Line (Fo, Codec.Img (Ob.Pt) & "" & Codec.Fmt (Ob.U, 3) & "" & Codec.Fmt (Ob.V, 3) & "" & Codec.Fmt (Ob.Pose (0), 6) & "" & Codec.Fmt (Ob.Pose (1), 6)	3	格式	日志 / 给脑的话里印几位小数
act.adb	Ada.Text_IO.Put_Line (Fo, Codec.Img (Ob.Pt) & "" & Codec.Fmt (Ob.U, 3) & "" & Codec.Fmt (Ob.V, 3) & "" & Codec.Fmt (Ob.Pose (0), 6) & "" & Codec.Fmt (Ob.Pose (1), 6)	3	格式	日志 / 给脑的话里印几位小数
act.adb	Ada.Text_IO.Put_Line (Fo, Codec.Img (Ob.Pt) & "" & Codec.Fmt (Ob.U, 3) & "" & Codec.Fmt (Ob.V, 3) & "" & Codec.Fmt (Ob.Pose (0), 6) & "" & Codec.Fmt (Ob.Pose (1), 6)	6	格式	日志 / 给脑的话里印几位小数
act.adb	Ada.Text_IO.Put_Line (Fo, Codec.Img (Ob.Pt) & "" & Codec.Fmt (Ob.U, 3) & "" & Codec.Fmt (Ob.V, 3) & "" & Codec.Fmt (Ob.Pose (0), 6) & "" & Codec.Fmt (Ob.Pose (1), 6)	6	格式	日志 / 给脑的话里印几位小数
act.adb	Aim_Eye_At (L, C, F, Natural (Sub_Arm), C.Cam, Pu, Pv, 0.5, Ev, Aok);	0.5	调参数	还没证明是数学 / 数值 / 统计 / 格式 ⇒ 当成拍的数,要换成量出来的(或者证明它不是)
act.adb	Aim_Eye_At (L, C, F, Natural (Sub_Arm), C.Cam, Pu, Pv, 0.5, Ev, Aok);	0.5	调参数	还没证明是数学 / 数值 / 统计 / 格式 ⇒ 当成拍的数,要换成量出来的(或者证明它不是)
act.adb	All_Hit : Boolean := Ck > 1.0e-9;	1.0e-9	数值	浮点的防除零 / 数值容差(不描述身体和世界)
act.adb	All_Hit := All_Hit and then Cj > 1.0e-9;	1.0e-9	数值	浮点的防除零 / 数值容差(不描述身体和世界)
act.adb	Am : constant Long_Float := Long_Float'Max (1.0e-6, C.Map.Amp (Arm * Chan.Per_Arm + K));	1.0e-6	数值	浮点的防除零 / 数值容差(不描述身体和世界)
act.adb	Am : constant Long_Float := Long_Float'Max (1.0e-6, C.Map.Amp (Arm * Chan.Per_Arm + K));	1.0e-6	数值	浮点的防除零 / 数值容差(不描述身体和世界)
act.adb	Am : constant Long_Float := Long_Float'Max (1.0e-6, C.Map.Amp (Ch_No));	1.0e-6	数值	浮点的防除零 / 数值容差(不描述身体和世界)
act.adb	Amp := Amp * 2.0;	2.0	调参数	还没证明是数学 / 数值 / 统计 / 格式 ⇒ 当成拍的数,要换成量出来的(或者证明它不是)
act.adb	Append (Say, "" & Mm (Geom.Norm (Tip)) & (if Nl = 2 then "" & Mm (G.Gap) else ""));	2	调参数	还没证明是数学 / 数值 / 统计 / 格式 ⇒ 当成拍的数,要换成量出来的(或者证明它不是)
act.adb	Axis : constant Geom.V3 := (if Sn > 1.0e-9 then [Cr (0) / Sn, Cr (1) / Sn, Cr (2) / Sn]	1.0e-9	数值	浮点的防除零 / 数值容差(不描述身体和世界)
act.adb	Az_Step : constant Long_Float := 72.0 * Deg;	72.0	调参数	还没证明是数学 / 数值 / 统计 / 格式 ⇒ 当成拍的数,要换成量出来的(或者证明它不是)
act.adb	B.Append (F.Cams (Cam).Gray.Element ((2 * Y) * Cw + 2 * X));	2	调参数	还没证明是数学 / 数值 / 统计 / 格式 ⇒ 当成拍的数,要换成量出来的(或者证明它不是)
act.adb	B.Append (F.Cams (Cam).Gray.Element ((2 * Y) * Cw + 2 * X));	2	调参数	还没证明是数学 / 数值 / 统计 / 格式 ⇒ 当成拍的数,要换成量出来的(或者证明它不是)
act.adb	B.Pu_On := Pu + (B.Pu_On - 0.5 * Long_Float (B.X0 + B.X1));	0.5	调参数	还没证明是数学 / 数值 / 统计 / 格式 ⇒ 当成拍的数,要换成量出来的(或者证明它不是)
act.adb	B.Pu_On := Pu + Grow * (B.Pu_On - 0.5 * Long_Float (B.X0 + B.X1));	0.5	调参数	还没证明是数学 / 数值 / 统计 / 格式 ⇒ 当成拍的数,要换成量出来的(或者证明它不是)
act.adb	B.Pv_On := Pv + (B.Pv_On - 0.5 * Long_Float (B.Y0 + B.Y1));	0.5	调参数	还没证明是数学 / 数值 / 统计 / 格式 ⇒ 当成拍的数,要换成量出来的(或者证明它不是)
act.adb	B.Pv_On := Pv + Grow * (B.Pv_On - 0.5 * Long_Float (B.Y0 + B.Y1));	0.5	调参数	还没证明是数学 / 数值 / 统计 / 格式 ⇒ 当成拍的数,要换成量出来的(或者证明它不是)
act.adb	B2 (I, K, 2) := (if P.Z > 0.0 and then Wb.Z > 0.0 then (P.Z - Wb.Z) / Back (K) else 0.0);	2	调参数	还没证明是数学 / 数值 / 统计 / 格式 ⇒ 当成拍的数,要换成量出来的(或者证明它不是)
act.adb	Bd : Long_Float := 1.0e9;	1.0e9	数值	哨兵 / 数值极限(当作'没有'或'无穷')
act.adb	Bd : Long_Float := 1.0e9;	1.0e9	数值	哨兵 / 数值极限(当作'没有'或'无穷')
act.adb	Bd, Sd : Long_Float := 1.0e9;	1.0e9	数值	哨兵 / 数值极限(当作'没有'或'无穷')
act.adb	Big : Buf := U8_Vectors.To_Vector (0, Ada.Containers.Count_Type (Cw * Bh * 3));	3	调参数	还没证明是数学 / 数值 / 统计 / 格式 ⇒ 当成拍的数,要换成量出来的(或者证明它不是)
act.adb	Br : constant Long_Float := Geom.Board_Rms (G, C.Board, 3.0 * Long_Float'Max (1.0e-9, G.Rms));	1.0e-9	数值	浮点的防除零 / 数值容差(不描述身体和世界)
act.adb	Br : constant Long_Float := Geom.Board_Rms (G, C.Board, 3.0 * Long_Float'Max (1.0e-9, G.Rms));	3.0	调参数	还没证明是数学 / 数值 / 统计 / 格式 ⇒ 当成拍的数,要换成量出来的(或者证明它不是)
act.adb	Bt.Cu := Long_Float (X0 + X1) / 2.0 / Long_Float (Cw);	2.0	数学	求中点 / 一半
act.adb	Bt.Cv := Long_Float (Y0 + Y1) / 2.0 / Long_Float (Ch);	2.0	数学	求中点 / 一半
act.adb	Bv : Long_Float := (if C.Eye_Want = Sinew.Ey_Still then 1.0e9 else -1.0);	1.0e9	数值	哨兵 / 数值极限(当作'没有'或'无穷')
act.adb	C.Fixed_Turn_Gap := 2 * C.Fixed_Turn_Gap;	2	调参数	还没证明是数学 / 数值 / 统计 / 格式 ⇒ 当成拍的数,要换成量出来的(或者证明它不是)
act.adb	C.Fixed_Turn_Sd := 1.2 * E (Natural (E.Length) / 2);	1.2	调参数	还没证明是数学 / 数值 / 统计 / 格式 ⇒ 当成拍的数,要换成量出来的(或者证明它不是)
act.adb	C.Fixed_Turn_Sd := 1.2 * E (Natural (E.Length) / 2);	2	数学	求中点 / 一半
act.adb	C.List_Cap := (if C.List_Cap = 0 then Natural'Max (1, Now_N / 2)	2	数学	求中点 / 一半
act.adb	Cap_Mult : constant Long_Float := 2.0;	2.0	调参数	还没证明是数学 / 数值 / 统计 / 格式 ⇒ 当成拍的数,要换成量出来的(或者证明它不是)
act.adb	Central : constant Boolean := Sl.R.Cu >= 0.25 and then Sl.R.Cu <= 0.75 and then Sl.R.Cv >= 0.25 and then Sl.R.Cv <= 0.75;	0.25	调参数	还没证明是数学 / 数值 / 统计 / 格式 ⇒ 当成拍的数,要换成量出来的(或者证明它不是)
act.adb	Central : constant Boolean := Sl.R.Cu >= 0.25 and then Sl.R.Cu <= 0.75 and then Sl.R.Cv >= 0.25 and then Sl.R.Cv <= 0.75;	0.25	调参数	还没证明是数学 / 数值 / 统计 / 格式 ⇒ 当成拍的数,要换成量出来的(或者证明它不是)
act.adb	Central : constant Boolean := Sl.R.Cu >= 0.25 and then Sl.R.Cu <= 0.75 and then Sl.R.Cv >= 0.25 and then Sl.R.Cv <= 0.75;	0.25	调参数	还没证明是数学 / 数值 / 统计 / 格式 ⇒ 当成拍的数,要换成量出来的(或者证明它不是)
act.adb	Central : constant Boolean := Sl.R.Cu >= 0.25 and then Sl.R.Cu <= 0.75 and then Sl.R.Cv >= 0.25 and then Sl.R.Cv <= 0.75;	0.25	调参数	还没证明是数学 / 数值 / 统计 / 格式 ⇒ 当成拍的数,要换成量出来的(或者证明它不是)
act.adb	Central : constant Boolean := Sl.R.Cu >= 0.25 and then Sl.R.Cu <= 0.75 and then Sl.R.Cv >= 0.25 and then Sl.R.Cv <= 0.75;	0.75	调参数	还没证明是数学 / 数值 / 统计 / 格式 ⇒ 当成拍的数,要换成量出来的(或者证明它不是)
act.adb	Central : constant Boolean := Sl.R.Cu >= 0.25 and then Sl.R.Cu <= 0.75 and then Sl.R.Cv >= 0.25 and then Sl.R.Cv <= 0.75;	0.75	调参数	还没证明是数学 / 数值 / 统计 / 格式 ⇒ 当成拍的数,要换成量出来的(或者证明它不是)
act.adb	Central : constant Boolean := Sl.R.Cu >= 0.25 and then Sl.R.Cu <= 0.75 and then Sl.R.Cv >= 0.25 and then Sl.R.Cv <= 0.75;	0.75	调参数	还没证明是数学 / 数值 / 统计 / 格式 ⇒ 当成拍的数,要换成量出来的(或者证明它不是)
act.adb	Central : constant Boolean := Sl.R.Cu >= 0.25 and then Sl.R.Cu <= 0.75 and then Sl.R.Cv >= 0.25 and then Sl.R.Cv <= 0.75;	0.75	调参数	还没证明是数学 / 数值 / 统计 / 格式 ⇒ 当成拍的数,要换成量出来的(或者证明它不是)
act.adb	Claim (P, (if P.Known then Long_Float'Max (Long_Float'Max (P.Box_W, P.Box_H), Track_Win) else 1.0), Long_Float'Max (0.005, Long_Float'Max (P.Box_W, P.Box_H) * 0.25), Taken, Regs);	0.005	调参数	还没证明是数学 / 数值 / 统计 / 格式 ⇒ 当成拍的数,要换成量出来的(或者证明它不是)
act.adb	Claim (P, (if P.Known then Long_Float'Max (Long_Float'Max (P.Box_W, P.Box_H), Track_Win) else 1.0), Long_Float'Max (0.005, Long_Float'Max (P.Box_W, P.Box_H) * 0.25), Taken, Regs);	0.25	调参数	还没证明是数学 / 数值 / 统计 / 格式 ⇒ 当成拍的数,要换成量出来的(或者证明它不是)
act.adb	Claim (P, (if P.Known then Long_Float'Max (Z.Span, Track_Win) else 1.0), Long_Float'Max (0.005, Z.Span * 0.25), Taken, Regs);	0.005	调参数	还没证明是数学 / 数值 / 统计 / 格式 ⇒ 当成拍的数,要换成量出来的(或者证明它不是)
act.adb	Claim (P, (if P.Known then Long_Float'Max (Z.Span, Track_Win) else 1.0), Long_Float'Max (0.005, Z.Span * 0.25), Taken, Regs);	0.25	调参数	还没证明是数学 / 数值 / 统计 / 格式 ⇒ 当成拍的数,要换成量出来的(或者证明它不是)
act.adb	Codec.Img (Cell_Of (C, G.Cu, G.Cv)) & Rel (G.Cu, G.Cv), Draw.Pink, 2);	2	调参数	还没证明是数学 / 数值 / 统计 / 格式 ⇒ 当成拍的数,要换成量出来的(或者证明它不是)
act.adb	Contact.Grasp.Plan (Surf, Around, C.Sil_Pitch, C.Sil_Err, Up, Sp, H, Mu_Lb, G.Gap, Reach'Access, 8, Found, St);	8	调参数	还没证明是数学 / 数值 / 统计 / 格式 ⇒ 当成拍的数,要换成量出来的(或者证明它不是)
act.adb	Cov => [[X (7) * Mm2, X (8) * Mm2, X (9) * Mm2], [X (8) * Mm2, X (10) * Mm2, X (11) * Mm2],	10	调参数	还没证明是数学 / 数值 / 统计 / 格式 ⇒ 当成拍的数,要换成量出来的(或者证明它不是)
act.adb	Cov => [[X (7) * Mm2, X (8) * Mm2, X (9) * Mm2], [X (8) * Mm2, X (10) * Mm2, X (11) * Mm2],	11	调参数	还没证明是数学 / 数值 / 统计 / 格式 ⇒ 当成拍的数,要换成量出来的(或者证明它不是)
act.adb	Cov => [[X (7) * Mm2, X (8) * Mm2, X (9) * Mm2], [X (8) * Mm2, X (10) * Mm2, X (11) * Mm2],	9	调参数	还没证明是数学 / 数值 / 统计 / 格式 ⇒ 当成拍的数,要换成量出来的(或者证明它不是)
act.adb	Cr := Cr + ((B1 (I, K, R) + B2 (I, K, R)) / 2.0) ** 2;	2.0	数学	求中点 / 一半
act.adb	D : constant Long_Float := Sqrt ((R.Cu - Pred_U) ** 2 + (R.Cv - Pred_V) ** 2) / Long_Float'Max (Tol, 1.0e-9);	1.0e-9	数值	浮点的防除零 / 数值容差(不描述身体和世界)
act.adb	D : constant Natural := ((Ch + Y) * Cw + Ox + X) * 3;	3	调参数	还没证明是数学 / 数值 / 统计 / 格式 ⇒ 当成拍的数,要换成量出来的(或者证明它不是)
act.adb	Deg : constant := 0.0174532925199433;	0.0174532925199433	调参数	还没证明是数学 / 数值 / 统计 / 格式 ⇒ 当成拍的数,要换成量出来的(或者证明它不是)
act.adb	Deg : constant Long_Float := 180.0 / Ada.Numerics.Pi;	180.0	数学	π 的倍数 / 弧度换算
act.adb	Deg : constant Long_Float := 180.0 / Ada.Numerics.Pi;	180.0	数学	π 的倍数 / 弧度换算
act.adb	Deg : constant Long_Float := 180.0 / Ada.Numerics.Pi;	180.0	数学	π 的倍数 / 弧度换算
act.adb	Descend (Small, Natural (Long_Float'Ceiling ((3.0 * Small + Ln) / Small)) + 1, Coarse, Fr, "");	3.0	调参数	还没证明是数学 / 数值 / 统计 / 格式 ⇒ 当成拍的数,要换成量出来的(或者证明它不是)
act.adb	Descend (Small, Natural (Long_Float'Ceiling (Ln / Small)) + 2, Coarse, Fr, "");	2	调参数	还没证明是数学 / 数值 / 统计 / 格式 ⇒ 当成拍的数,要换成量出来的(或者证明它不是)
act.adb	Descend (Small, Natural (Long_Float'Ceiling (Ln / Small)) + 2, Coarse, Fr, "");	2	调参数	还没证明是数学 / 数值 / 统计 / 格式 ⇒ 当成拍的数,要换成量出来的(或者证明它不是)
act.adb	Dirs : constant array (1 .. 2) of Long_Float := [1.0, -1.0];	2	调参数	还没证明是数学 / 数值 / 统计 / 格式 ⇒ 当成拍的数,要换成量出来的(或者证明它不是)
act.adb	Dirs7 : constant array (1 .. 7) of Geom.V3 :=	7	调参数	还没证明是数学 / 数值 / 统计 / 格式 ⇒ 当成拍的数,要换成量出来的(或者证明它不是)
act.adb	Dm := Arr (Arr'Length / 2);	2	数学	求中点 / 一半
act.adb	Dn : constant Long_Float := H3 - (Depth3 + 3.0 * Small);	3.0	调参数	还没证明是数学 / 数值 / 统计 / 格式 ⇒ 当成拍的数,要换成量出来的(或者证明它不是)
act.adb	Draw.Numbered_Box (RGB, Cw, Ch, R.X0, R.Y0, R.X1, R.Y1, N, Draw.Green, 2);	2	调参数	还没证明是数学 / 数值 / 统计 / 格式 ⇒ 当成拍的数,要换成量出来的(或者证明它不是)
act.adb	Event := S ("" & Len (C, Long_Float (Presses) * (if Press_Step > 0.0 then Press_Step else 4.0 * Geo_Base (C, Arm)))	4.0	调参数	还没证明是数学 / 数值 / 统计 / 格式 ⇒ 当成拍的数,要换成量出来的(或者证明它不是)
act.adb	Far0 : constant Long_Float := 4.0 * Small;	4.0	调参数	还没证明是数学 / 数值 / 统计 / 格式 ⇒ 当成拍的数,要换成量出来的(或者证明它不是)
act.adb	Fast := Stand - Long_Float'Max (0.0, X_Tip - X_Top) - 2.0 * Small - Pos_E;	2.0	调参数	还没证明是数学 / 数值 / 统计 / 格式 ⇒ 当成拍的数,要换成量出来的(或者证明它不是)
act.adb	Floor_A (I) := Long_Float'Max (4.0 * abs (Wrap (P2.Ang - Was0 (I).Ang)), Ang_Floor (Was0 (I), Cw, Ch));	4.0	调参数	还没证明是数学 / 数值 / 统计 / 格式 ⇒ 当成拍的数,要换成量出来的(或者证明它不是)
act.adb	Floor_Px : constant Long_Float := 4.0 / Long_Float (Cw);	4.0	调参数	还没证明是数学 / 数值 / 统计 / 格式 ⇒ 当成拍的数,要换成量出来的(或者证明它不是)
act.adb	Floor_S (I) := Long_Float'Max (4.0 * abs (P2.Size - Was0 (I).Size), Size_Floor (Cw));	4.0	调参数	还没证明是数学 / 数值 / 统计 / 格式 ⇒ 当成拍的数,要换成量出来的(或者证明它不是)
act.adb	Floor_Z (I) := 0.01 * Zr;	0.01	调参数	还没证明是数学 / 数值 / 统计 / 格式 ⇒ 当成拍的数,要换成量出来的(或者证明它不是)
act.adb	Floor_Z (I) := Long_Float'Max (4.0 * abs (Z1 (I) - Z2), 0.01 * Zr);	0.01	调参数	还没证明是数学 / 数值 / 统计 / 格式 ⇒ 当成拍的数,要换成量出来的(或者证明它不是)
act.adb	Floor_Z (I) := Long_Float'Max (4.0 * abs (Z1 (I) - Z2), 0.01 * Zr);	4.0	调参数	还没证明是数学 / 数值 / 统计 / 格式 ⇒ 当成拍的数,要换成量出来的(或者证明它不是)
act.adb	Flow.Sample (Fl, P.Cu, P.Cv, Long_Float'Max (0.01, Z.Span * 0.25), Du, Dv);	0.01	调参数	还没证明是数学 / 数值 / 统计 / 格式 ⇒ 当成拍的数,要换成量出来的(或者证明它不是)
act.adb	Flow.Sample (Fl, P.Cu, P.Cv, Long_Float'Max (0.01, Z.Span * 0.25), Du, Dv);	0.25	调参数	还没证明是数学 / 数值 / 统计 / 格式 ⇒ 当成拍的数,要换成量出来的(或者证明它不是)
act.adb	Follow_Note := S ("" & Codec.Fmt (Sqrt (Hand_Du ** 2 + Hand_Dv ** 2), 3) &	3	格式	日志 / 给脑的话里印几位小数
act.adb	Frac : constant Long_Float := (if Dist > G.Gap then 0.6 else 1.0);	0.6	调参数	还没证明是数学 / 数值 / 统计 / 格式 ⇒ 当成拍的数,要换成量出来的(或者证明它不是)
act.adb	Fresh := Moved <= 4.0 * Geo_Base (C, Natural (Own)) and then not C.Geo_At_Above;	4.0	调参数	还没证明是数学 / 数值 / 统计 / 格式 ⇒ 当成拍的数,要换成量出来的(或者证明它不是)
act.adb	G.Cx := 0.5 * Long_Float (F.Cams (Cam).W); G.Cy := 0.5 * Long_Float (F.Cams (Cam).H);	0.5	调参数	还没证明是数学 / 数值 / 统计 / 格式 ⇒ 当成拍的数,要换成量出来的(或者证明它不是)
act.adb	G.Cx := 0.5 * Long_Float (F.Cams (Cam).W); G.Cy := 0.5 * Long_Float (F.Cams (Cam).H);	0.5	调参数	还没证明是数学 / 数值 / 统计 / 格式 ⇒ 当成拍的数,要换成量出来的(或者证明它不是)
act.adb	G.Tip := [(Tips (0) (0) + Tips (1) (0)) / 2.0, (Tips (0) (1) + Tips (1) (1)) / 2.0, (Tips (0) (2) + Tips (1) (2)) / 2.0];	2.0	数学	求中点 / 一半
act.adb	G.Tip := [(Tips (0) (0) + Tips (1) (0)) / 2.0, (Tips (0) (1) + Tips (1) (1)) / 2.0, (Tips (0) (2) + Tips (1) (2)) / 2.0];	2.0	数学	求中点 / 一半
act.adb	G.Tip := [(Tips (0) (0) + Tips (1) (0)) / 2.0, (Tips (0) (1) + Tips (1) (1)) / 2.0, (Tips (0) (2) + Tips (1) (2)) / 2.0];	2.0	数学	求中点 / 一半
act.adb	Gate : constant Long_Float := 4.0 * Geo_Base (C, A);	4.0	调参数	还没证明是数学 / 数值 / 统计 / 格式 ⇒ 当成拍的数,要换成量出来的(或者证明它不是)
act.adb	Geo_Case := 2;	2	调参数	还没证明是数学 / 数值 / 统计 / 格式 ⇒ 当成拍的数,要换成量出来的(或者证明它不是)
act.adb	Geo_Case := 3;	3	调参数	还没证明是数学 / 数值 / 统计 / 格式 ⇒ 当成拍的数,要换成量出来的(或者证明它不是)
act.adb	Geo_Case := 4;	4	调参数	还没证明是数学 / 数值 / 统计 / 格式 ⇒ 当成拍的数,要换成量出来的(或者证明它不是)
act.adb	Geo_Case := 5;	5	调参数	还没证明是数学 / 数值 / 统计 / 格式 ⇒ 当成拍的数,要换成量出来的(或者证明它不是)
act.adb	Geo_Case := 7;	7	调参数	还没证明是数学 / 数值 / 统计 / 格式 ⇒ 当成拍的数,要换成量出来的(或者证明它不是)
act.adb	Geo_Go (L, C, F, A, Tp, Geo_Base (C, A), 1.0, True, Down, Ev, St, Press_Cap => 8);	8	调参数	还没证明是数学 / 数值 / 统计 / 格式 ⇒ 当成拍的数,要换成量出来的(或者证明它不是)
act.adb	Geo_Move (L, C, F, A, [2.0 * Ln * Nb0 (0), 2.0 * Ln * Nb0 (1), 2.0 * Ln * Nb0 (2)], Mok);	2.0	调参数	还没证明是数学 / 数值 / 统计 / 格式 ⇒ 当成拍的数,要换成量出来的(或者证明它不是)
act.adb	Geo_Move (L, C, F, A, [2.0 * Ln * Nb0 (0), 2.0 * Ln * Nb0 (1), 2.0 * Ln * Nb0 (2)], Mok);	2.0	调参数	还没证明是数学 / 数值 / 统计 / 格式 ⇒ 当成拍的数,要换成量出来的(或者证明它不是)
act.adb	Geo_Move (L, C, F, A, [2.0 * Ln * Nb0 (0), 2.0 * Ln * Nb0 (1), 2.0 * Ln * Nb0 (2)], Mok);	2.0	调参数	还没证明是数学 / 数值 / 统计 / 格式 ⇒ 当成拍的数,要换成量出来的(或者证明它不是)
act.adb	Geo_Move (L, C, F, A, [2.0 * Ln * Nb0 (0), 2.0 * Ln * Nb0 (1), 2.0 * Ln * Nb0 (2)], Mok);	2.0	调参数	还没证明是数学 / 数值 / 统计 / 格式 ⇒ 当成拍的数,要换成量出来的(或者证明它不是)
act.adb	Geo_Move (L, C, F, A, [2.0 * Ln * Nb0 (0), 2.0 * Ln * Nb0 (1), 2.0 * Ln * Nb0 (2)], Mok);	2.0	调参数	还没证明是数学 / 数值 / 统计 / 格式 ⇒ 当成拍的数,要换成量出来的(或者证明它不是)
act.adb	Geo_Move (L, C, F, A, [2.0 * Ln * Nb0 (0), 2.0 * Ln * Nb0 (1), 2.0 * Ln * Nb0 (2)], Mok);	2.0	调参数	还没证明是数学 / 数值 / 统计 / 格式 ⇒ 当成拍的数,要换成量出来的(或者证明它不是)
act.adb	Geo_Say ("" & Codec.Img (A + 1) & "" & Codec.Fmt (G.Stride_Rot, 3)	3	格式	日志 / 给脑的话里印几位小数
act.adb	Geo_Say ("" & Codec.Img (Cam) & "" & Codec.Fmt (G.F, 1) & "" & Codec.Fmt (G.Pos (0), 3) & "" & Codec.Fmt (G.Pos (1), 3) & ""	3	格式	日志 / 给脑的话里印几位小数
act.adb	Geo_Say ("" & Codec.Img (Cam) & "" & Codec.Fmt (G.F, 1) & "" & Codec.Fmt (G.Pos (0), 3) & "" & Codec.Fmt (G.Pos (1), 3) & ""	3	格式	日志 / 给脑的话里印几位小数
act.adb	Geo_Say ("" & Codec.Img (Natural (C.Board.Length)) & "" & Codec.Fmt (C.Board_Rms, 4)	4	格式	日志 / 给脑的话里印几位小数
act.adb	Geo_Say ("" & Codec.Img (Natural (E.Length)) & "" & Codec.Fmt (E (Natural (E.Length) / 2), 2)	2	格式	日志 / 给脑的话里印几位小数
act.adb	Geo_Say ("" & Codec.Img (Natural (E.Length)) & "" & Codec.Fmt (E (Natural (E.Length) / 2), 2)	2	格式	日志 / 给脑的话里印几位小数
act.adb	Geo_Say ("" & Codec.Img (Rep.Scene_Used) & "" & Codec.Img (Rep.Scene_N) & "" & Codec.Fmt (Rep.Scene_Rms, 2) & ""	2	格式	日志 / 给脑的话里印几位小数
act.adb	Geo_Say ("" & Codec.Img (Rep.Scene_Used) & "" & Codec.Img (Rep.Scene_N) & "" & Codec.Fmt (Rep.Scene_Rms, 2) & ""	2	格式	日志 / 给脑的话里印几位小数
act.adb	Geo_Say ("" & Codec.Img (Rr.Tracks) & "" & Codec.Fmt (Rr.Wrist_Rms, 2) & "" & Codec.Img (Rr.Head_Used) & ""	2	格式	日志 / 给脑的话里印几位小数
act.adb	Geo_Say ("" & Codec.Img (Rr.Tracks) & "" & Codec.Fmt (Rr.Wrist_Rms, 2) & "");	2	格式	日志 / 给脑的话里印几位小数
act.adb	Geo_Say ("" & Why & "" & Codec.Img (Used) & "" & (if Still >= 2 then "" else ""));	2	调参数	还没证明是数学 / 数值 / 统计 / 格式 ⇒ 当成拍的数,要换成量出来的(或者证明它不是)
act.adb	Geo_Say (Who & "" & Codec.Img (K + 1) & "" & Codec.Fmt (Tips (K) (0), 5) & "" & Codec.Fmt (Tips (K) (1), 5) & ""	5	格式	日志 / 给脑的话里印几位小数
act.adb	Geo_Say (Who & "" & Codec.Img (K + 1) & "" & Codec.Fmt (Tips (K) (0), 5) & "" & Codec.Fmt (Tips (K) (1), 5) & ""	5	格式	日志 / 给脑的话里印几位小数
act.adb	Gp.N_Blobs >= 2 and then Extrapolation_Blew (Was, Now);	2	调参数	还没证明是数学 / 数值 / 统计 / 格式 ⇒ 当成拍的数,要换成量出来的(或者证明它不是)
act.adb	Grid_Div : constant Long_Float := 32.0;	32.0	调参数	还没证明是数学 / 数值 / 统计 / 格式 ⇒ 当成拍的数,要换成量出来的(或者证明它不是)
act.adb	H_Before : constant Natural := (if T mod 2 = 1 then H else W);	2	调参数	还没证明是数学 / 数值 / 统计 / 格式 ⇒ 当成拍的数,要换成量出来的(或者证明它不是)
act.adb	Half : constant Long_Float := 0.5 * (Geom.Norm ([G.Lobes (1).Tip (0) - G.Lobes (0).Tip (0), G.Lobes (1).Tip (1) - G.Lobes (0).Tip (1),	0.5	数学	求中点 / 一半
act.adb	Half : constant Long_Float := abs Note.Cmd (K) / 2.0;	2.0	数学	求中点 / 一半
act.adb	Half : constant String := (if U < 0.5 then "" else "");	0.5	调参数	还没证明是数学 / 数值 / 统计 / 格式 ⇒ 当成拍的数,要换成量出来的(或者证明它不是)
act.adb	Hh : constant Integer := (Integer (B.Y1) - Integer (B.Y0)) / 2;	2	数学	求中点 / 一半
act.adb	Hh : constant Long_Float := 0.5 * (Long_Float (B.Y1 - B.Y0) * Grow);	0.5	数学	求中点 / 一半
act.adb	Hh : constant Long_Float := Long_Float'Max (P.Box_H, Track_Win) * 0.5;	0.5	调参数	还没证明是数学 / 数值 / 统计 / 格式 ⇒ 当成拍的数,要换成量出来的(或者证明它不是)
act.adb	Hh : constant Natural := Ch / 2;	2	数学	求中点 / 一半
act.adb	Hw : constant Integer := (Integer (B.X1) - Integer (B.X0)) / 2;	2	数学	求中点 / 一半
act.adb	Hw : constant Long_Float := 0.5 * (Long_Float (B.X1 - B.X0) * Grow);	0.5	数学	求中点 / 一半
act.adb	Hw : constant Long_Float := Long_Float'Max (P.Box_W, Track_Win) * 0.5;	0.5	调参数	还没证明是数学 / 数值 / 统计 / 格式 ⇒ 当成拍的数,要换成量出来的(或者证明它不是)
act.adb	Hw : constant Natural := Cw / 2;	2	数学	求中点 / 一半
act.adb	I := I + 37;	37	调参数	还没证明是数学 / 数值 / 统计 / 格式 ⇒ 当成拍的数,要换成量出来的(或者证明它不是)
act.adb	I := I + 7;	7	调参数	还没证明是数学 / 数值 / 统计 / 格式 ⇒ 当成拍的数,要换成量出来的(或者证明它不是)
act.adb	Inward : constant Long_Float := 0.15 * G.Gap;	0.15	调参数	还没证明是数学 / 数值 / 统计 / 格式 ⇒ 当成拍的数,要换成量出来的(或者证明它不是)
act.adb	J : Natural := I + 4;	4	调参数	还没证明是数学 / 数值 / 统计 / 格式 ⇒ 当成拍的数,要换成量出来的(或者证明它不是)
act.adb	Jaw_Sweep (L, C, F, Arm, K, Target, 40, -1, None, Steps, Reading);	40	调参数	还没证明是数学 / 数值 / 统计 / 格式 ⇒ 当成拍的数,要换成量出来的(或者证明它不是)
act.adb	K + 1, Draw.White, 2);	2	调参数	还没证明是数学 / 数值 / 统计 / 格式 ⇒ 当成拍的数,要换成量出来的(或者证明它不是)
act.adb	K : Natural := 2;	2	调参数	还没证明是数学 / 数值 / 统计 / 格式 ⇒ 当成拍的数,要换成量出来的(或者证明它不是)
act.adb	K : Natural := 2;	2	调参数	还没证明是数学 / 数值 / 统计 / 格式 ⇒ 当成拍的数,要换成量出来的(或者证明它不是)
act.adb	K : constant Natural := ((H - 1 - X2) * W + Y2) * 3;	3	调参数	还没证明是数学 / 数值 / 统计 / 格式 ⇒ 当成拍的数,要换成量出来的(或者证明它不是)
act.adb	K := K * 10 + (Character'Pos (T (J)) - Character'Pos (''));	10	调参数	还没证明是数学 / 数值 / 统计 / 格式 ⇒ 当成拍的数,要换成量出来的(或者证明它不是)
act.adb	Keep : constant := 2000;	2000	调参数	还没证明是数学 / 数值 / 统计 / 格式 ⇒ 当成拍的数,要换成量出来的(或者证明它不是)
act.adb	Kmax : constant := 64;	64	调参数	还没证明是数学 / 数值 / 统计 / 格式 ⇒ 当成拍的数,要换成量出来的(或者证明它不是)
act.adb	Kn : constant := 3;	3	调参数	还没证明是数学 / 数值 / 统计 / 格式 ⇒ 当成拍的数,要换成量出来的(或者证明它不是)
act.adb	Known_All : Boolean := Px * Am > Fl.Track * 2.0;	2.0	调参数	还没证明是数学 / 数值 / 统计 / 格式 ⇒ 当成拍的数,要换成量出来的(或者证明它不是)
act.adb	Legs : constant := 2;	2	调参数	还没证明是数学 / 数值 / 统计 / 格式 ⇒ 当成拍的数,要换成量出来的(或者证明它不是)
act.adb	Ln : constant Long_Float := (if Press_Step > 0.0 then Press_Step else 4.0 * Geo_Base (C, Arm));	4.0	调参数	还没证明是数学 / 数值 / 统计 / 格式 ⇒ 当成拍的数,要换成量出来的(或者证明它不是)
act.adb	Ln : constant Long_Float := 4.0 * Geo_Base (C, Arm);	4.0	调参数	还没证明是数学 / 数值 / 统计 / 格式 ⇒ 当成拍的数,要换成量出来的(或者证明它不是)
act.adb	Ln : constant Long_Float := Long_Float'Max (1.0e-9, Sqrt (Du * Du + Dv * Dv));	1.0e-9	数值	浮点的防除零 / 数值容差(不描述身体和世界)
act.adb	Ln := 4.0 * Geo_Base (C, A);	4.0	调参数	还没证明是数学 / 数值 / 统计 / 格式 ⇒ 当成拍的数,要换成量出来的(或者证明它不是)
act.adb	Long_Float'Max (0.005, 0.25 * Long_Float'Min (Long_Float (R.X1 - R.X0 + 1) / Long_Float (Cw),	0.005	调参数	还没证明是数学 / 数值 / 统计 / 格式 ⇒ 当成拍的数,要换成量出来的(或者证明它不是)
act.adb	Long_Float'Max (0.005, 0.25 * Long_Float'Min (Long_Float (R.X1 - R.X0 + 1) / Long_Float (Cw),	0.25	调参数	还没证明是数学 / 数值 / 统计 / 格式 ⇒ 当成拍的数,要换成量出来的(或者证明它不是)
act.adb	Long_Float'Max (0.005, Long_Float (R.X1 - R.X0) / Long_Float (Cw) * 0.25));	0.005	调参数	还没证明是数学 / 数值 / 统计 / 格式 ⇒ 当成拍的数,要换成量出来的(或者证明它不是)
act.adb	Long_Float'Max (0.005, Long_Float (R.X1 - R.X0) / Long_Float (Cw) * 0.25));	0.25	调参数	还没证明是数学 / 数值 / 统计 / 格式 ⇒ 当成拍的数,要换成量出来的(或者证明它不是)
act.adb	Long_Float'Max (Long_Float (Noise_C) * 2.0 + 1.0, Picture.Texture_Level (F.Cams (Cam).RGB, Cw, Ch) * 4.0);	2.0	调参数	还没证明是数学 / 数值 / 统计 / 格式 ⇒ 当成拍的数,要换成量出来的(或者证明它不是)
act.adb	Long_Float'Max (Long_Float (Noise_C) * 2.0 + 1.0, Picture.Texture_Level (F.Cams (Cam).RGB, Cw, Ch) * 4.0);	4.0	调参数	还没证明是数学 / 数值 / 统计 / 格式 ⇒ 当成拍的数,要换成量出来的(或者证明它不是)
act.adb	Long_Float'Min (Long_Float'Max (1.0e-9, C.Map.Amp (Ch_No)),	1.0e-9	数值	浮点的防除零 / 数值容差(不描述身体和世界)
act.adb	Med : constant Long_Float := (if N_P >= 3 then Median_Of (Notch_Pool) else 0.0);	3	调参数	还没证明是数学 / 数值 / 统计 / 格式 ⇒ 当成拍的数,要换成量出来的(或者证明它不是)
act.adb	Med := Picture.Quantile (Samp, 0.5);	0.5	调参数	还没证明是数学 / 数值 / 统计 / 格式 ⇒ 当成拍的数,要换成量出来的(或者证明它不是)
act.adb	Min_Marks : constant := 4;	4	调参数	还没证明是数学 / 数值 / 统计 / 格式 ⇒ 当成拍的数,要换成量出来的(或者证明它不是)
act.adb	Mm2 : constant Long_Float := 1.0e-6;	1.0e-6	调参数	还没证明是数学 / 数值 / 统计 / 格式 ⇒ 当成拍的数,要换成量出来的(或者证明它不是)
act.adb	Mu : constant Long_Float := (if Su > 1.0e-9 then Eu / Su else 0.0);	1.0e-9	数值	浮点的防除零 / 数值容差(不描述身体和世界)
act.adb	Mv : constant Long_Float := (if Sv > 1.0e-9 then Ev / Sv else 0.0);	1.0e-9	数值	浮点的防除零 / 数值容差(不描述身体和世界)
act.adb	N : Natural := 2;	2	调参数	还没证明是数学 / 数值 / 统计 / 格式 ⇒ 当成拍的数,要换成量出来的(或者证明它不是)
act.adb	N : Natural := Natural (Long_Float'Min (1.0e6, Long_Float'Max (0.0, abs Px_Move)));	1.0e6	调参数	还没证明是数学 / 数值 / 统计 / 格式 ⇒ 当成拍的数,要换成量出来的(或者证明它不是)
act.adb	N := N / 2;	2	数学	求中点 / 一半
act.adb	N_Extra : constant := 2;	2	调参数	还没证明是数学 / 数值 / 统计 / 格式 ⇒ 当成拍的数,要换成量出来的(或者证明它不是)
act.adb	N_Tilt : constant := 5;	5	调参数	还没证明是数学 / 数值 / 统计 / 格式 ⇒ 当成拍的数,要换成量出来的(或者证明它不是)
act.adb	Natural (Long_Float'Max (0.0, (P.Cu - P.Box_W / 2.0) * Long_Float (Cw))), Natural (Long_Float'Max (0.0, (P.Cv - P.Box_H / 2.0) * Long_Float (Ch))),	2.0	数学	求中点 / 一半
act.adb	Natural (Long_Float'Max (0.0, (P.Cu - P.Box_W / 2.0) * Long_Float (Cw))), Natural (Long_Float'Max (0.0, (P.Cv - P.Box_H / 2.0) * Long_Float (Ch))),	2.0	数学	求中点 / 一半
act.adb	Natural (Long_Float'Min (Long_Float (Cw - 1), (P.Cu + P.Box_W / 2.0) * Long_Float (Cw))), Natural (Long_Float'Min (Long_Float (Ch - 1), (P.Cv + P.Box_H / 2.0) * Long_Float (Ch))),	2.0	数学	求中点 / 一半
act.adb	Natural (Long_Float'Min (Long_Float (Cw - 1), (P.Cu + P.Box_W / 2.0) * Long_Float (Cw))), Natural (Long_Float'Min (Long_Float (Ch - 1), (P.Cv + P.Box_H / 2.0) * Long_Float (Ch))),	2.0	数学	求中点 / 一半
act.adb	Notch : constant Long_Float := (if Arm * Chan.Per_Arm + 3 < Natural (C.Map.Amp.Length) then C.Map.Amp (Arm * Chan.Per_Arm + 3) else 0.0);	3	调参数	还没证明是数学 / 数值 / 统计 / 格式 ⇒ 当成拍的数,要换成量出来的(或者证明它不是)
act.adb	Notch : constant Long_Float := (if Arm * Chan.Per_Arm + 3 < Natural (C.Map.Amp.Length) then C.Map.Amp (Arm * Chan.Per_Arm + 3) else 0.0);	3	调参数	还没证明是数学 / 数值 / 统计 / 格式 ⇒ 当成拍的数,要换成量出来的(或者证明它不是)
act.adb	Notch : constant Long_Float := (if Arm * Chan.Per_Arm + 3 < Natural (C.Map.Amp.Length) then C.Map.Amp (Arm * Chan.Per_Arm + 3) else 0.0);	3	调参数	还没证明是数学 / 数值 / 统计 / 格式 ⇒ 当成拍的数,要换成量出来的(或者证明它不是)
act.adb	Notch : constant Long_Float := (if Arm * Chan.Per_Arm + 3 < Natural (C.Map.Amp.Length) then C.Map.Amp (Arm * Chan.Per_Arm + 3) else 0.0);	3	调参数	还没证明是数学 / 数值 / 统计 / 格式 ⇒ 当成拍的数,要换成量出来的(或者证明它不是)
act.adb	Notch_R : constant Long_Float := (if A * Chan.Per_Arm + 3 < Natural (C.Map.Amp.Length) then C.Map.Amp (A * Chan.Per_Arm + 3) else 0.0);	3	调参数	还没证明是数学 / 数值 / 统计 / 格式 ⇒ 当成拍的数,要换成量出来的(或者证明它不是)
act.adb	Notch_R : constant Long_Float := (if A * Chan.Per_Arm + 3 < Natural (C.Map.Amp.Length) then C.Map.Amp (A * Chan.Per_Arm + 3) else 0.0);	3	调参数	还没证明是数学 / 数值 / 统计 / 格式 ⇒ 当成拍的数,要换成量出来的(或者证明它不是)
act.adb	Note : String (1 .. 160);	160	调参数	还没证明是数学 / 数值 / 统计 / 格式 ⇒ 当成拍的数,要换成量出来的(或者证明它不是)
act.adb	Note : String (1 .. 160);	160	调参数	还没证明是数学 / 数值 / 统计 / 格式 ⇒ 当成拍的数,要换成量出来的(或者证明它不是)
act.adb	Ns : constant array (1 .. 2) of Natural := [G.Of_Item, G.Item];	2	调参数	还没证明是数学 / 数值 / 统计 / 格式 ⇒ 当成拍的数,要换成量出来的(或者证明它不是)
act.adb	P.Ang := 2.0 * Arctan (O.Av, O.Au);	2.0	调参数	还没证明是数学 / 数值 / 统计 / 格式 ⇒ 当成拍的数,要换成量出来的(或者证明它不是)
act.adb	P.Ang := 2.0 * Arctan (R.Av, R.Au);	2.0	调参数	还没证明是数学 / 数值 / 统计 / 格式 ⇒ 当成拍的数,要换成量出来的(或者证明它不是)
act.adb	P.Push.Half_Angle := 0.5 * Ada.Numerics.Pi;	0.5	数学	π 的倍数 / 弧度换算
act.adb	P.Tang := 2.0 * Arctan (Z.Av, Z.Au);	2.0	调参数	还没证明是数学 / 数值 / 统计 / 格式 ⇒ 当成拍的数,要换成量出来的(或者证明它不是)
act.adb	P.Tang := Wrap (2.0 * Arctan (Dv, Du));	2.0	调参数	还没证明是数学 / 数值 / 统计 / 格式 ⇒ 当成拍的数,要换成量出来的(或者证明它不是)
act.adb	P.Tsize := Long_Float'Max (1.0e-6, Z.Span);	1.0e-6	数值	浮点的防除零 / 数值容差(不描述身体和世界)
act.adb	P.Unsure := Second >= 0 and then Sd <= Bd * 1.1;	1.1	调参数	还没证明是数学 / 数值 / 统计 / 格式 ⇒ 当成拍的数,要换成量出来的(或者证明它不是)
act.adb	Pin := P; Pin.Cu := 0.0; Pin.Cv := 0.0; Pin.Z := 1.0e30;	1.0e30	数值	哨兵 / 数值极限(当作'没有'或'无穷')
act.adb	Pitch : constant Long_Float := Long_Float'Max (0.5 * S, R / Long_Float (Kmax));	0.5	调参数	还没证明是数学 / 数值 / 统计 / 格式 ⇒ 当成拍的数,要换成量出来的(或者证明它不是)
act.adb	Press_At (K, Tilt, Azim, Along ((if Try = 1 then Far0 else -2.0 * Far0)), Got, S_Ray);	2.0	调参数	还没证明是数学 / 数值 / 统计 / 格式 ⇒ 当成拍的数,要换成量出来的(或者证明它不是)
act.adb	Press_Try (K, Theta, (0.5 + Long_Float (E)) * Az_Step, Got, S1);	0.5	调参数	还没证明是数学 / 数值 / 统计 / 格式 ⇒ 当成拍的数,要换成量出来的(或者证明它不是)
act.adb	Pressed : constant Boolean := N_P >= 3 and then Selfmap.Blocked (S1, Med, Med - Spr, 2, Notch, C.Map.EE_Noise);	2	调参数	还没证明是数学 / 数值 / 统计 / 格式 ⇒ 当成拍的数,要换成量出来的(或者证明它不是)
act.adb	Pressed : constant Boolean := N_P >= 3 and then Selfmap.Blocked (S1, Med, Med - Spr, 2, Notch, C.Map.EE_Noise);	3	调参数	还没证明是数学 / 数值 / 统计 / 格式 ⇒ 当成拍的数,要换成量出来的(或者证明它不是)
act.adb	Pts (I).Cu, Pts (I).Cv, Long_Float'Max (0.005, Z.Span * 0.25));	0.005	调参数	还没证明是数学 / 数值 / 统计 / 格式 ⇒ 当成拍的数,要换成量出来的(或者证明它不是)
act.adb	Pts (I).Cu, Pts (I).Cv, Long_Float'Max (0.005, Z.Span * 0.25));	0.005	调参数	还没证明是数学 / 数值 / 统计 / 格式 ⇒ 当成拍的数,要换成量出来的(或者证明它不是)
act.adb	Pts (I).Cu, Pts (I).Cv, Long_Float'Max (0.005, Z.Span * 0.25));	0.25	调参数	还没证明是数学 / 数值 / 统计 / 格式 ⇒ 当成拍的数,要换成量出来的(或者证明它不是)
act.adb	Pts (I).Cu, Pts (I).Cv, Long_Float'Max (0.005, Z.Span * 0.25));	0.25	调参数	还没证明是数学 / 数值 / 统计 / 格式 ⇒ 当成拍的数,要换成量出来的(或者证明它不是)
act.adb	Pu : Long_Float := Long_Float (Kw / 2);	2	数学	求中点 / 一半
act.adb	Pu := Long_Float (Kw / 2); Pv := Long_Float (Kh / 2);	2	数学	求中点 / 一半
act.adb	Pu := Long_Float (Kw / 2); Pv := Long_Float (Kh / 2);	2	数学	求中点 / 一半
act.adb	Push (It, "" & Codec.Img (A + 1) & "" & Codec.Img (Cell_Of (C, It.Cu, It.Cv)), Draw.Green, 2);	2	调参数	还没证明是数学 / 数值 / 统计 / 格式 ⇒ 当成拍的数,要换成量出来的(或者证明它不是)
act.adb	Put_Line ("" & Codec.Fmt (Dn / Long_Float'Max (1.0e-9, An) * 100.0, 0) & "");	1.0e-9	数值	浮点的防除零 / 数值容差(不描述身体和世界)
act.adb	Put_Line ("" & Codec.Fmt (Dn / Long_Float'Max (1.0e-9, An) * 100.0, 0) & "");	100.0	调参数	还没证明是数学 / 数值 / 统计 / 格式 ⇒ 当成拍的数,要换成量出来的(或者证明它不是)
act.adb	Put_Line ("" & Codec.Fmt (Gn / Long_Float'Max (1.0e-9, An) * 100.0, 0) & "");	1.0e-9	数值	浮点的防除零 / 数值容差(不描述身体和世界)
act.adb	Put_Line ("" & Codec.Fmt (Gn / Long_Float'Max (1.0e-9, An) * 100.0, 0) & "");	100.0	调参数	还没证明是数学 / 数值 / 统计 / 格式 ⇒ 当成拍的数,要换成量出来的(或者证明它不是)
act.adb	Put_Line ("" & Mm (Pick.Pre) & "" & Codec.Fmt (100.0 * Frac, 0) & "" & Codec.Fmt (Reading, 3));	100.0	调参数	还没证明是数学 / 数值 / 统计 / 格式 ⇒ 当成拍的数,要换成量出来的(或者证明它不是)
act.adb	Put_Line ("" & Natural'Image (Cam) & "" & Codec.Fmt (Cut_Window (C, Cam, F), 3) & ""	3	格式	日志 / 给脑的话里印几位小数
act.adb	Pv : Long_Float := Long_Float (Kh / 2);	2	数学	求中点 / 一半
act.adb	Quarter : constant Long_Float := 0.25;	0.25	调参数	还没证明是数学 / 数值 / 统计 / 格式 ⇒ 当成拍的数,要换成量出来的(或者证明它不是)
act.adb	R : constant Geom.Ray_Tip_Vectors.Vector := Geom.Tips_On_Rays (G, Lo, Gh.Off, Rays, 3.0 * Rep.Hand_Rms);	3.0	调参数	还没证明是数学 / 数值 / 统计 / 格式 ⇒ 当成拍的数,要换成量出来的(或者证明它不是)
act.adb	Reach (K) := Long_Float'Min (Reach (K) * 2.0,	2.0	调参数	还没证明是数学 / 数值 / 统计 / 格式 ⇒ 当成拍的数,要换成量出来的(或者证明它不是)
act.adb	Reach (K) := Long_Float'Min (Reach (K) * 2.0, Track_Win / Long_Float'Max (1.0e-9, C.Map.Amp (Arm * Chan.Per_Arm + K)));	1.0e-9	数值	浮点的防除零 / 数值容差(不描述身体和世界)
act.adb	Reach (K) := Long_Float'Min (Reach (K) * 2.0, Track_Win / Long_Float'Max (1.0e-9, C.Map.Amp (Arm * Chan.Per_Arm + K)));	2.0	调参数	还没证明是数学 / 数值 / 统计 / 格式 ⇒ 当成拍的数,要换成量出来的(或者证明它不是)
act.adb	Reach (K) := Reach (K) * 0.5;	0.5	调参数	还没证明是数学 / 数值 / 统计 / 格式 ⇒ 当成拍的数,要换成量出来的(或者证明它不是)
act.adb	Reach (K) := Reach (K) * 0.5;	0.5	调参数	还没证明是数学 / 数值 / 统计 / 格式 ⇒ 当成拍的数,要换成量出来的(或者证明它不是)
act.adb	Report := Report & Say_Item (C, P.Item_No) & (if P.Blob = 0 then "" else "") & "" & Codec.Fmt (P.Cu, 2) & "" & Codec.Fmt (P.Cv, 2) &	2	格式	日志 / 给脑的话里印几位小数
act.adb	Report := Report & Say_Item (C, P.Item_No) & (if P.Blob = 0 then "" else "") & "" & Codec.Fmt (P.Cu, 2) & "" & Codec.Fmt (P.Cv, 2) &	2	格式	日志 / 给脑的话里印几位小数
act.adb	Reps_Wanted : constant := 3;	3	调参数	还没证明是数学 / 数值 / 统计 / 格式 ⇒ 当成拍的数,要换成量出来的(或者证明它不是)
act.adb	Rungs : constant array (1 .. 3) of Long_Float := [4.0, 16.0, 64.0];	16.0	调参数	还没证明是数学 / 数值 / 统计 / 格式 ⇒ 当成拍的数,要换成量出来的(或者证明它不是)
act.adb	Rungs : constant array (1 .. 3) of Long_Float := [4.0, 16.0, 64.0];	3	调参数	还没证明是数学 / 数值 / 统计 / 格式 ⇒ 当成拍的数,要换成量出来的(或者证明它不是)
act.adb	Rungs : constant array (1 .. 3) of Long_Float := [4.0, 16.0, 64.0];	4.0	调参数	还没证明是数学 / 数值 / 统计 / 格式 ⇒ 当成拍的数,要换成量出来的(或者证明它不是)
act.adb	Rungs : constant array (1 .. 3) of Long_Float := [4.0, 16.0, 64.0];	64.0	调参数	还没证明是数学 / 数值 / 统计 / 格式 ⇒ 当成拍的数,要换成量出来的(或者证明它不是)
act.adb	S := Ns (Kn / 2);	2	数学	求中点 / 一半
act.adb	Scale := Scale * 0.5;	0.5	调参数	还没证明是数学 / 数值 / 统计 / 格式 ⇒ 当成拍的数,要换成量出来的(或者证明它不是)
act.adb	Sd.Append (Sqrt (Long_Float'Max (0.0, (S.Cov (0, 0) + S.Cov (1, 1) + S.Cov (2, 2)) / 3.0)));	3.0	调参数	还没证明是数学 / 数值 / 统计 / 格式 ⇒ 当成拍的数,要换成量出来的(或者证明它不是)
act.adb	Selfmap.Wait_Still (L, C.Map, F, 30, Used, Ok2);	30	调参数	还没证明是数学 / 数值 / 统计 / 格式 ⇒ 当成拍的数,要换成量出来的(或者证明它不是)
act.adb	Sh : constant Natural := Ch / 2;	2	数学	求中点 / 一半
act.adb	Shrink : constant Long_Float := 0.5;	0.5	调参数	还没证明是数学 / 数值 / 统计 / 格式 ⇒ 当成拍的数,要换成量出来的(或者证明它不是)
act.adb	Sigma_Mult : constant Long_Float := 3.0;	3.0	调参数	还没证明是数学 / 数值 / 统计 / 格式 ⇒ 当成拍的数,要换成量出来的(或者证明它不是)
act.adb	Sj : constant Long_Float := (if Cj > 1.0e-9 then H / Cj else 0.0);	1.0e-9	数值	浮点的防除零 / 数值容差(不描述身体和世界)
act.adb	Slice (Err, I, I + 21) = "")	21	调参数	还没证明是数学 / 数值 / 统计 / 格式 ⇒ 当成拍的数,要换成量出来的(或者证明它不是)
act.adb	Small : constant Long_Float := 4.0 * Geo_Base (C, A);	4.0	调参数	还没证明是数学 / 数值 / 统计 / 格式 ⇒ 当成拍的数,要换成量出来的(或者证明它不是)
act.adb	Small : constant Long_Float := 4.0 * Geo_Base (C, Arm);	4.0	调参数	还没证明是数学 / 数值 / 统计 / 格式 ⇒ 当成拍的数,要换成量出来的(或者证明它不是)
act.adb	Spr : constant Long_Float := (if N_P >= 3 then Spread_Of (Notch_Pool, Med) else 0.0);	3	调参数	还没证明是数学 / 数值 / 统计 / 格式 ⇒ 当成拍的数,要换成量出来的(或者证明它不是)
act.adb	Sqrt3 : constant Long_Float := Sqrt (3.0);	3.0	调参数	还没证明是数学 / 数值 / 统计 / 格式 ⇒ 当成拍的数,要换成量出来的(或者证明它不是)
act.adb	Step := B * (Long_Float (Cw) / 24.0) / Best;	24.0	调参数	还没证明是数学 / 数值 / 统计 / 格式 ⇒ 当成拍的数,要换成量出来的(或者证明它不是)
act.adb	Step := Long_Float'Max (Geo_Base (C, Arm), Long_Float'Min (Step, (if G.Stride > 0.0 then G.Stride else 4.0 * B)));	4.0	调参数	还没证明是数学 / 数值 / 统计 / 格式 ⇒ 当成拍的数,要换成量出来的(或者证明它不是)
act.adb	Step_Cap : constant := 60;	60	调参数	还没证明是数学 / 数值 / 统计 / 格式 ⇒ 当成拍的数,要换成量出来的(或者证明它不是)
act.adb	Sw : constant Natural := Cw / 2;	2	数学	求中点 / 一半
act.adb	Table.Set_Prior (Effs (I), K, 100.0 / (Am * Am));	100.0	调参数	还没证明是数学 / 数值 / 统计 / 格式 ⇒ 当成拍的数,要换成量出来的(或者证明它不是)
act.adb	Table.Update (E, Note.Got, Dy, Fl.Track * 2.0, Long_Float'Max (C.Map.EE_Noise, 0.5 * Note.Floor_Cmd));	0.5	调参数	还没证明是数学 / 数值 / 统计 / 格式 ⇒ 当成拍的数,要换成量出来的(或者证明它不是)
act.adb	Table.Update (E, Note.Got, Dy, Fl.Track * 2.0, Long_Float'Max (C.Map.EE_Noise, 0.5 * Note.Floor_Cmd));	2.0	调参数	还没证明是数学 / 数值 / 统计 / 格式 ⇒ 当成拍的数,要换成量出来的(或者证明它不是)
act.adb	Tenth : constant Long_Float := 0.1;	0.1	调参数	还没证明是数学 / 数值 / 统计 / 格式 ⇒ 当成拍的数,要换成量出来的(或者证明它不是)
act.adb	Theta : Long_Float := 4.0 * Notch;	4.0	调参数	还没证明是数学 / 数值 / 统计 / 格式 ⇒ 当成拍的数,要换成量出来的(或者证明它不是)
act.adb	Theta := Long_Float'Max (Notch, Long_Float'Min (Theta * Want / Med, 64.0 * Notch));	64.0	调参数	还没证明是数学 / 数值 / 统计 / 格式 ⇒ 当成拍的数,要换成量出来的(或者证明它不是)
act.adb	Tol : constant Long_Float := 0.1 * G.Gap;	0.1	调参数	还没证明是数学 / 数值 / 统计 / 格式 ⇒ 当成拍的数,要换成量出来的(或者证明它不是)
act.adb	Tol : constant Long_Float := 3.0 * Sd (Natural (Sd.Length) / 2);	2	数学	求中点 / 一半
act.adb	Tol : constant Long_Float := 3.0 * Sd (Natural (Sd.Length) / 2);	3.0	调参数	还没证明是数学 / 数值 / 统计 / 格式 ⇒ 当成拍的数,要换成量出来的(或者证明它不是)
act.adb	Tol : constant Long_Float := 3.0 * Sqrt (C.Board_Rms ** 2 + C.Map.EE_Noise ** 2);	3.0	调参数	还没证明是数学 / 数值 / 统计 / 格式 ⇒ 当成拍的数,要换成量出来的(或者证明它不是)
act.adb	Tol : constant Long_Float := 3.0 * Sqrt (C.Board_Rms ** 2 + Sn);	3.0	调参数	还没证明是数学 / 数值 / 统计 / 格式 ⇒ 当成拍的数,要换成量出来的(或者证明它不是)
act.adb	Tol : constant Long_Float := Long_Float'Max (P.Box_W, P.Box_H) * 0.75 + Track_Win;	0.75	调参数	还没证明是数学 / 数值 / 统计 / 格式 ⇒ 当成拍的数,要换成量出来的(或者证明它不是)
act.adb	Tol : constant Long_Float := Long_Float'Max (P.Box_W, P.Box_H) * 0.75 + Track_Win;	0.75	调参数	还没证明是数学 / 数值 / 统计 / 格式 ⇒ 当成拍的数,要换成量出来的(或者证明它不是)
act.adb	Tol_R : constant Long_Float := (if A * Chan.Per_Arm + 3 < Natural (C.Map.Amp.Length) then C.Map.Amp (A * Chan.Per_Arm + 3) else 0.0);	3	调参数	还没证明是数学 / 数值 / 统计 / 格式 ⇒ 当成拍的数,要换成量出来的(或者证明它不是)
act.adb	Tol_R : constant Long_Float := (if A * Chan.Per_Arm + 3 < Natural (C.Map.Amp.Length) then C.Map.Amp (A * Chan.Per_Arm + 3) else 0.0);	3	调参数	还没证明是数学 / 数值 / 统计 / 格式 ⇒ 当成拍的数,要换成量出来的(或者证明它不是)
act.adb	Tol_R : constant Long_Float := (if A * Chan.Per_Arm + 3 < Natural (C.Map.Amp.Length) then C.Map.Amp (A * Chan.Per_Arm + 3) else 0.0);	3	调参数	还没证明是数学 / 数值 / 统计 / 格式 ⇒ 当成拍的数,要换成量出来的(或者证明它不是)
act.adb	Tol_R : constant Long_Float := (if A * Chan.Per_Arm + 3 < Natural (C.Map.Amp.Length) then C.Map.Amp (A * Chan.Per_Arm + 3) else 0.0);	3	调参数	还没证明是数学 / 数值 / 统计 / 格式 ⇒ 当成拍的数,要换成量出来的(或者证明它不是)
act.adb	Tol_R : constant Long_Float := (if Arm * Chan.Per_Arm + 3 < Natural (C.Map.Amp.Length) then C.Map.Amp (Arm * Chan.Per_Arm + 3) else 0.0);	3	调参数	还没证明是数学 / 数值 / 统计 / 格式 ⇒ 当成拍的数,要换成量出来的(或者证明它不是)
act.adb	Tol_R : constant Long_Float := (if Arm * Chan.Per_Arm + 3 < Natural (C.Map.Amp.Length) then C.Map.Amp (Arm * Chan.Per_Arm + 3) else 0.0);	3	调参数	还没证明是数学 / 数值 / 统计 / 格式 ⇒ 当成拍的数,要换成量出来的(或者证明它不是)
act.adb	Tol_R : constant Long_Float := (if Arm * Chan.Per_Arm + 3 < Natural (C.Map.Amp.Length) then C.Map.Amp (Arm * Chan.Per_Arm + 3) else 0.0);	3	调参数	还没证明是数学 / 数值 / 统计 / 格式 ⇒ 当成拍的数,要换成量出来的(或者证明它不是)
act.adb	Tol_R : constant Long_Float := (if Arm * Chan.Per_Arm + 3 < Natural (C.Map.Amp.Length) then C.Map.Amp (Arm * Chan.Per_Arm + 3) else 0.0);	3	调参数	还没证明是数学 / 数值 / 统计 / 格式 ⇒ 当成拍的数,要换成量出来的(或者证明它不是)
act.adb	Tol_R : constant Long_Float := (if Arm * Chan.Per_Arm + 3 < Natural (C.Map.Amp.Length) then C.Map.Amp (Arm * Chan.Per_Arm + 3) else 0.0);	3	调参数	还没证明是数学 / 数值 / 统计 / 格式 ⇒ 当成拍的数,要换成量出来的(或者证明它不是)
act.adb	Tol_R : constant Long_Float := (if Arm * Chan.Per_Arm + 3 < Natural (C.Map.Amp.Length) then C.Map.Amp (Arm * Chan.Per_Arm + 3) else 0.0);	3	调参数	还没证明是数学 / 数值 / 统计 / 格式 ⇒ 当成拍的数,要换成量出来的(或者证明它不是)
act.adb	Tp : constant Long_Float := (if Geo_Settle and then K + 3 < Natural (C.Map.Amp.Length) then C.Map.Amp (K) else 0.0);	3	调参数	还没证明是数学 / 数值 / 统计 / 格式 ⇒ 当成拍的数,要换成量出来的(或者证明它不是)
act.adb	Tr.Cu := (Tr.Au + Tr.Bu) / 2.0; Tr.Cv := (Tr.Av + Tr.Bv) / 2.0;	2.0	数学	求中点 / 一半
act.adb	Tr.Cu := (Tr.Au + Tr.Bu) / 2.0; Tr.Cv := (Tr.Av + Tr.Bv) / 2.0;	2.0	数学	求中点 / 一半
act.adb	Tr.Z := Gp.Z + (if Gp.N_Blobs >= 2 then (Sa (2) + Sb (2)) / 2.0 else Sa (2));	2.0	数学	求中点 / 一半
act.adb	Track_Win / Long_Float'Max (1.0e-9, C.Map.Amp (Arm * Chan.Per_Arm + K)));	1.0e-9	数值	浮点的防除零 / 数值容差(不描述身体和世界)
act.adb	Track_Win : constant Long_Float := 0.10;	0.10	调参数	还没证明是数学 / 数值 / 统计 / 格式 ⇒ 当成拍的数,要换成量出来的(或者证明它不是)
act.adb	Trust : Long_Float := 0.5;	0.5	调参数	还没证明是数学 / 数值 / 统计 / 格式 ⇒ 当成拍的数,要换成量出来的(或者证明它不是)
act.adb	Trust := 0.5 * Trust + 0.5 / (1.0 + Worst_Rel);	0.5	调参数	还没证明是数学 / 数值 / 统计 / 格式 ⇒ 当成拍的数,要换成量出来的(或者证明它不是)
act.adb	Trust := 0.5 * Trust + 0.5 / (1.0 + Worst_Rel);	0.5	调参数	还没证明是数学 / 数值 / 统计 / 格式 ⇒ 当成拍的数,要换成量出来的(或者证明它不是)
act.adb	Turned : constant Boolean := Rot > 0.1;	0.1	调参数	还没证明是数学 / 数值 / 统计 / 格式 ⇒ 当成拍的数,要换成量出来的(或者证明它不是)
act.adb	Two_Pi : constant Long_Float := 2.0 * Ada.Numerics.Pi;	2.0	数学	π 的倍数 / 弧度换算
act.adb	U : Long_Float := 0.5 * Sp;	0.5	调参数	还没证明是数学 / 数值 / 统计 / 格式 ⇒ 当成拍的数,要换成量出来的(或者证明它不是)
act.adb	Up : constant Long_Float := Small + 2.0 * Notch;	2.0	调参数	还没证明是数学 / 数值 / 统计 / 格式 ⇒ 当成拍的数,要换成量出来的(或者证明它不是)
act.adb	V : Long_Float := 0.5 * Sp;	0.5	调参数	还没证明是数学 / 数值 / 统计 / 格式 ⇒ 当成拍的数,要换成量出来的(或者证明它不是)
act.adb	V1_Line : constant Long_Float := 2.0;	2.0	调参数	还没证明是数学 / 数值 / 统计 / 格式 ⇒ 当成拍的数,要换成量出来的(或者证明它不是)
act.adb	Want : constant Long_Float := Long_Float (Cw) / 16.0;	16.0	调参数	还没证明是数学 / 数值 / 统计 / 格式 ⇒ 当成拍的数,要换成量出来的(或者证明它不是)
act.adb	Widest := Long_Float'Max (Widest, Angs (0) + 2.0 * Ada.Numerics.Pi - Angs (Natural (Angs.Length) - 1));	2.0	数学	π 的倍数 / 弧度换算
act.adb	Win : constant Long_Float := Long_Float'Max (0.005, Z.Span * 0.25);	0.005	调参数	还没证明是数学 / 数值 / 统计 / 格式 ⇒ 当成拍的数,要换成量出来的(或者证明它不是)
act.adb	Win : constant Long_Float := Long_Float'Max (0.005, Z.Span * 0.25);	0.25	调参数	还没证明是数学 / 数值 / 统计 / 格式 ⇒ 当成拍的数,要换成量出来的(或者证明它不是)
act.adb	Worst_Rel := Long_Float'Max (Worst_Rel, abs (Ac - Pd) / Long_Float'Max (Pd, Track_Win * 0.25));	0.25	调参数	还没证明是数学 / 数值 / 统计 / 格式 ⇒ 当成拍的数,要换成量出来的(或者证明它不是)
act.adb	Zd := Picture.Near_Depth (F.Cams (Cam).Depth, Cw, Ch, Q.Cu, Q.Cv, Long_Float'Max (0.005, Z.Span * 0.25));	0.005	调参数	还没证明是数学 / 数值 / 统计 / 格式 ⇒ 当成拍的数,要换成量出来的(或者证明它不是)
act.adb	Zd := Picture.Near_Depth (F.Cams (Cam).Depth, Cw, Ch, Q.Cu, Q.Cv, Long_Float'Max (0.005, Z.Span * 0.25));	0.25	调参数	还没证明是数学 / 数值 / 统计 / 格式 ⇒ 当成拍的数,要换成量出来的(或者证明它不是)
act.adb	Zmin : Long_Float := 1.0e30;	1.0e30	数值	哨兵 / 数值极限(当作'没有'或'无穷')
act.adb	[X (9) * Mm2, X (11) * Mm2, X (12) * Mm2]]));	11	调参数	还没证明是数学 / 数值 / 统计 / 格式 ⇒ 当成拍的数,要换成量出来的(或者证明它不是)
act.adb	[X (9) * Mm2, X (11) * Mm2, X (12) * Mm2]]));	12	调参数	还没证明是数学 / 数值 / 统计 / 格式 ⇒ 当成拍的数,要换成量出来的(或者证明它不是)
act.adb	[X (9) * Mm2, X (11) * Mm2, X (12) * Mm2]]));	9	调参数	还没证明是数学 / 数值 / 统计 / 格式 ⇒ 当成拍的数,要换成量出来的(或者证明它不是)
act.adb	abs (Picture.Mean_Gray (F.Cams (Cam).Gray, Cw, Ch, R) - P.Gray) / 255.0	255.0	调参数	还没证明是数学 / 数值 / 统计 / 格式 ⇒ 当成拍的数,要换成量出来的(或者证明它不是)
act.adb	and then Sqrt ((Q.Cu - Home.Cu) ** 2 + (Q.Cv - Home.Cv) ** 2) > Long_Float'Max (Home.Sig_U, Home.Sig_V) * 2.0	2.0	调参数	还没证明是数学 / 数值 / 统计 / 格式 ⇒ 当成拍的数,要换成量出来的(或者证明它不是)
act.adb	and then abs (C.Boxed (Bi).Cu - Cu) < 1.0e-9 and then abs (C.Boxed (Bi).Cv - Cv) < 1.0e-9	1.0e-9	数值	浮点的防除零 / 数值容差(不描述身体和世界)
act.adb	and then abs (C.Boxed (Bi).Cu - Cu) < 1.0e-9 and then abs (C.Boxed (Bi).Cv - Cv) < 1.0e-9	1.0e-9	数值	浮点的防除零 / 数值容差(不描述身体和世界)
act.adb	else Codec.Fmt (Z.Depth, 3))	3	格式	日志 / 给脑的话里印几位小数
act.adb	else Long_Float'Max (1.0e-9, C.Map.Amp (Ch_No))));	1.0e-9	数值	浮点的防除零 / 数值容差(不描述身体和世界)
act.adb	else Natural'Max (1, C.List_Cap / 2));	2	数学	求中点 / 一半
act.adb	elsif Aln > 1.0e-9 then [Alt (0) / Aln, Alt (1) / Aln, Alt (2) / Aln] else [0.0, 0.0, 1.0]);	1.0e-9	数值	浮点的防除零 / 数值容差(不描述身体和世界)
act.adb	elsif Ck > 1.0e-9 then [H / Ck * Dk (0), H / Ck * Dk (1), H / Ck * Dk (2)] else [0.0, 0.0, 0.0]);	1.0e-9	数值	浮点的防除零 / 数值容差(不描述身体和世界)
act.adb	elsif Geo_Case = 2 then	2	调参数	还没证明是数学 / 数值 / 统计 / 格式 ⇒ 当成拍的数,要换成量出来的(或者证明它不是)
act.adb	elsif Geo_Case = 3 then	3	调参数	还没证明是数学 / 数值 / 统计 / 格式 ⇒ 当成拍的数,要换成量出来的(或者证明它不是)
act.adb	elsif Geo_Case = 4 then	4	调参数	还没证明是数学 / 数值 / 统计 / 格式 ⇒ 当成拍的数,要换成量出来的(或者证明它不是)
act.adb	elsif Geo_Case = 5 then	5	调参数	还没证明是数学 / 数值 / 统计 / 格式 ⇒ 当成拍的数,要换成量出来的(或者证明它不是)
act.adb	elsif Geo_Case = 7 then	7	调参数	还没证明是数学 / 数值 / 统计 / 格式 ⇒ 当成拍的数,要换成量出来的(或者证明它不是)
act.adb	elsif Natural (Idx.Length) < 2 then	2	调参数	还没证明是数学 / 数值 / 统计 / 格式 ⇒ 当成拍的数,要换成量出来的(或者证明它不是)
act.adb	elsif P.Kind = Thing_Pt and then Z.Valid and then Z.N_Lobes >= 2	2	调参数	还没证明是数学 / 数值 / 统计 / 格式 ⇒ 当成拍的数,要换成量出来的(或者证明它不是)
act.adb	exit when Guard > 64;	64	调参数	还没证明是数学 / 数值 / 统计 / 格式 ⇒ 当成拍的数,要换成量出来的(或者证明它不是)
act.adb	exit when Still >= 2 and then I >= 3;	2	调参数	还没证明是数学 / 数值 / 统计 / 格式 ⇒ 当成拍的数,要换成量出来的(或者证明它不是)
act.adb	exit when Still >= 2 and then I >= 3;	3	调参数	还没证明是数学 / 数值 / 统计 / 格式 ⇒ 当成拍的数,要换成量出来的(或者证明它不是)
act.adb	exit when Still >= 2;	2	调参数	还没证明是数学 / 数值 / 统计 / 格式 ⇒ 当成拍的数,要换成量出来的(或者证明它不是)
act.adb	for Again in 1 .. 4 loop	4	调参数	还没证明是数学 / 数值 / 统计 / 格式 ⇒ 当成拍的数,要换成量出来的(或者证明它不是)
act.adb	for Attempt in 1 .. 3 loop	3	调参数	还没证明是数学 / 数值 / 统计 / 格式 ⇒ 当成拍的数,要换成量出来的(或者证明它不是)
act.adb	for I in 0 .. Natural (Free_Now.Length) - 2 loop	2	调参数	还没证明是数学 / 数值 / 统计 / 格式 ⇒ 当成拍的数,要换成量出来的(或者证明它不是)
act.adb	for I in 1 .. 12 + C.Map.Settle loop	12	调参数	还没证明是数学 / 数值 / 统计 / 格式 ⇒ 当成拍的数,要换成量出来的(或者证明它不是)
act.adb	for K in 1 .. 4 loop	4	调参数	还没证明是数学 / 数值 / 统计 / 格式 ⇒ 当成拍的数,要换成量出来的(或者证明它不是)
act.adb	for K in 3 .. 6 loop	3	调参数	还没证明是数学 / 数值 / 统计 / 格式 ⇒ 当成拍的数,要换成量出来的(或者证明它不是)
act.adb	for K in 3 .. 6 loop	6	调参数	还没证明是数学 / 数值 / 统计 / 格式 ⇒ 当成拍的数,要换成量出来的(或者证明它不是)
act.adb	for R in 2 .. Table.Rows - 1 loop	2	调参数	还没证明是数学 / 数值 / 统计 / 格式 ⇒ 当成拍的数,要换成量出来的(或者证明它不是)
act.adb	for Round in 1 .. 4 loop	4	调参数	还没证明是数学 / 数值 / 统计 / 格式 ⇒ 当成拍的数,要换成量出来的(或者证明它不是)
act.adb	for Step_No in 1 .. 40 loop	40	调参数	还没证明是数学 / 数值 / 统计 / 格式 ⇒ 当成拍的数,要换成量出来的(或者证明它不是)
act.adb	for Try in 1 .. 2 loop	2	调参数	还没证明是数学 / 数值 / 统计 / 格式 ⇒ 当成拍的数,要换成量出来的(或者证明它不是)
act.adb	for Try in 1 .. 3 loop	3	调参数	还没证明是数学 / 数值 / 统计 / 格式 ⇒ 当成拍的数,要换成量出来的(或者证明它不是)
act.adb	for Y in Top .. Natural'Min (Lb.Y1, Top + Ch / 80) loop	80	调参数	还没证明是数学 / 数值 / 统计 / 格式 ⇒ 当成拍的数,要换成量出来的(或者证明它不是)
act.adb	if (for some I in 1 .. Length (Err) - 21 =>	21	调参数	还没证明是数学 / 数值 / 统计 / 格式 ⇒ 当成拍的数,要换成量出来的(或者证明它不是)
act.adb	if After (I).Count * 3 >= Home.Count and then Home.Count * 3 >= After (I).Count then	3	调参数	还没证明是数学 / 数值 / 统计 / 格式 ⇒ 当成拍的数,要换成量出来的(或者证明它不是)
act.adb	if After (I).Count * 3 >= Home.Count and then Home.Count * 3 >= After (I).Count then	3	调参数	还没证明是数学 / 数值 / 统计 / 格式 ⇒ 当成拍的数,要换成量出来的(或者证明它不是)
act.adb	if Amp * 2.0 > Cap_Amp then	2.0	调参数	还没证明是数学 / 数值 / 统计 / 格式 ⇒ 当成拍的数,要换成量出来的(或者证明它不是)
act.adb	if An > 0.0 and then Dn > 0.5 * An then	0.5	调参数	还没证明是数学 / 数值 / 统计 / 格式 ⇒ 当成拍的数,要换成量出来的(或者证明它不是)
act.adb	if Blocked_Run >= 3 then	3	调参数	还没证明是数学 / 数值 / 统计 / 格式 ⇒ 当成拍的数,要换成量出来的(或者证明它不是)
act.adb	if C.No_Reach_Arm = A2 and then C.Map.Arms = 2 then	2	调参数	还没证明是数学 / 数值 / 统计 / 格式 ⇒ 当成拍的数,要换成量出来的(或者证明它不是)
act.adb	if D2 > 0.0 and then D2 <= 4.0 * S * S then	4.0	调参数	还没证明是数学 / 数值 / 统计 / 格式 ⇒ 当成拍的数,要换成量出来的(或者证明它不是)
act.adb	if Dist <= 2.0 * Tol then	2.0	调参数	还没证明是数学 / 数值 / 统计 / 格式 ⇒ 当成拍的数,要换成量出来的(或者证明它不是)
act.adb	if E.Free_Res > Fl.Track * 2.0 and then E.Free_Res >= E.Null_Res then	2.0	调参数	还没证明是数学 / 数值 / 统计 / 格式 ⇒ 当成拍的数,要换成量出来的(或者证明它不是)
act.adb	if Found and then Best > Tol * 4.0 and then Home.Count > 0	4.0	调参数	还没证明是数学 / 数值 / 统计 / 格式 ⇒ 当成拍的数,要换成量出来的(或者证明它不是)
act.adb	if Found and then Iso and then B.Count > 0 and then R.Count * 4 < B.Count and then B.Seen then	4	调参数	还没证明是数学 / 数值 / 统计 / 格式 ⇒ 当成拍的数,要换成量出来的(或者证明它不是)
act.adb	if Found_Prev and then Best > Fl.Track * 2.0	2.0	调参数	还没证明是数学 / 数值 / 统计 / 格式 ⇒ 当成拍的数,要换成量出来的(或者证明它不是)
act.adb	if Geo_Case = 5 then	5	调参数	还没证明是数学 / 数值 / 统计 / 格式 ⇒ 当成拍的数,要换成量出来的(或者证明它不是)
act.adb	if Geo_Case in 1 | 5 and then not Geo_Of (C, Natural (Geo_Cam)).Valid then	5	调参数	还没证明是数学 / 数值 / 统计 / 格式 ⇒ 当成拍的数,要换成量出来的(或者证明它不是)
act.adb	if Geom.Norm ([B (0) - Q (0), B (1) - Q (1), B (2) - Q (2)]) <= 2.0 * C.Sil_Pitch then	2.0	调参数	还没证明是数学 / 数值 / 统计 / 格式 ⇒ 当成拍的数,要换成量出来的(或者证明它不是)
act.adb	if Got and then K >= 2 then	2	调参数	还没证明是数学 / 数值 / 统计 / 格式 ⇒ 当成拍的数,要换成量出来的(或者证明它不是)
act.adb	if Gp.N_Blobs >= 2 then	2	调参数	还没证明是数学 / 数值 / 统计 / 格式 ⇒ 当成拍的数,要换成量出来的(或者证明它不是)
act.adb	if Home.Count > 0 and then Sqrt ((R.Cu - Home.Cu) ** 2 + (R.Cv - Home.Cv) ** 2) <= Long_Float'Max (Home.Sig_U, Home.Sig_V) * 3.0 then	3.0	调参数	还没证明是数学 / 数值 / 统计 / 格式 ⇒ 当成拍的数,要换成量出来的(或者证明它不是)
act.adb	if Kept * 3 < Natural (Cur.Length) * 2 and then Step > Floor then	2	调参数	还没证明是数学 / 数值 / 统计 / 格式 ⇒ 当成拍的数,要换成量出来的(或者证明它不是)
act.adb	if Kept * 3 < Natural (Cur.Length) * 2 and then Step > Floor then	3	调参数	还没证明是数学 / 数值 / 统计 / 格式 ⇒ 当成拍的数,要换成量出来的(或者证明它不是)
act.adb	if Lost_Run >= 2 then	2	调参数	还没证明是数学 / 数值 / 统计 / 格式 ⇒ 当成拍的数,要换成量出来的(或者证明它不是)
act.adb	if Moved_Arm and then Sqrt (Du * Du + Dv * Dv) * Long_Float (Cw) < 0.5 then	0.5	调参数	还没证明是数学 / 数值 / 统计 / 格式 ⇒ 当成拍的数,要换成量出来的(或者证明它不是)
act.adb	if N < 8 or else X1 <= X0 or else Y1 <= Y0 then	8	调参数	还没证明是数学 / 数值 / 统计 / 格式 ⇒ 当成拍的数,要换成量出来的(或者证明它不是)
act.adb	if Natural (Again.Length) >= 8 then	8	调参数	还没证明是数学 / 数值 / 统计 / 格式 ⇒ 当成拍的数,要换成量出来的(或者证明它不是)
act.adb	if Natural (G.Lobes.Length) /= 2 then	2	调参数	还没证明是数学 / 数值 / 统计 / 格式 ⇒ 当成拍的数,要换成量出来的(或者证明它不是)
act.adb	if Natural (Pts.Length) < 8 then	8	调参数	还没证明是数学 / 数值 / 统计 / 格式 ⇒ 当成拍的数,要换成量出来的(或者证明它不是)
act.adb	if Natural (Samp.Length) >= 16 then	16	调参数	还没证明是数学 / 数值 / 统计 / 格式 ⇒ 当成拍的数,要换成量出来的(或者证明它不是)
act.adb	if Natural (X.Length) >= 13 then	13	调参数	还没证明是数学 / 数值 / 统计 / 格式 ⇒ 当成拍的数,要换成量出来的(或者证明它不是)
act.adb	if Natural (X.Length) >= 2 then	2	调参数	还没证明是数学 / 数值 / 统计 / 格式 ⇒ 当成拍的数,要换成量出来的(或者证明它不是)
act.adb	if Natural (X.Length) >= 3 then	3	调参数	还没证明是数学 / 数值 / 统计 / 格式 ⇒ 当成拍的数,要换成量出来的(或者证明它不是)
act.adb	if Nl = 2 then	2	调参数	还没证明是数学 / 数值 / 统计 / 格式 ⇒ 当成拍的数,要换成量出来的(或者证明它不是)
act.adb	if Nt < 2 then	2	调参数	还没证明是数学 / 数值 / 统计 / 格式 ⇒ 当成拍的数,要换成量出来的(或者证明它不是)
act.adb	if Nt = 2 then	2	调参数	还没证明是数学 / 数值 / 统计 / 格式 ⇒ 当成拍的数,要换成量出来的(或者证明它不是)
act.adb	if On (I) and then Gap (Pp (I), A0) <= R + 2.0 * S then	2.0	调参数	还没证明是数学 / 数值 / 统计 / 格式 ⇒ 当成拍的数,要换成量出来的(或者证明它不是)
act.adb	if P.Kind = Piece_Pt and then P.Chan_K = Chan.Per_Arm and then Z.Valid and then Z.N_Lobes >= 2 then	2	调参数	还没证明是数学 / 数值 / 统计 / 格式 ⇒ 当成拍的数,要换成量出来的(或者证明它不是)
act.adb	if Pieces_Now >= 2 then	2	调参数	还没证明是数学 / 数值 / 统计 / 格式 ⇒ 当成拍的数,要换成量出来的(或者证明它不是)
act.adb	if Pin.Z >= 1.0e29 then	1.0e29	数值	哨兵 / 数值极限(当作'没有'或'无穷')
act.adb	if Pred > Fl.Track * 2.0 or else Act > Fl.Track * 2.0 then	2.0	调参数	还没证明是数学 / 数值 / 统计 / 格式 ⇒ 当成拍的数,要换成量出来的(或者证明它不是)
act.adb	if Pred > Fl.Track * 2.0 or else Act > Fl.Track * 2.0 then	2.0	调参数	还没证明是数学 / 数值 / 统计 / 格式 ⇒ 当成拍的数,要换成量出来的(或者证明它不是)
act.adb	if Q.Count * 3 >= R.Count and then R.Count * 3 >= Q.Count then	3	调参数	还没证明是数学 / 数值 / 统计 / 格式 ⇒ 当成拍的数,要换成量出来的(或者证明它不是)
act.adb	if Q.Count * 3 >= R.Count and then R.Count * 3 >= Q.Count then	3	调参数	还没证明是数学 / 数值 / 统计 / 格式 ⇒ 当成拍的数,要换成量出来的(或者证明它不是)
act.adb	if Q.Count * 3 >= R.Count and then R.Count * 3 >= Q.Count then	3	调参数	还没证明是数学 / 数值 / 统计 / 格式 ⇒ 当成拍的数,要换成量出来的(或者证明它不是)
act.adb	if Q.Count * 3 >= R.Count and then R.Count * 3 >= Q.Count then	3	调参数	还没证明是数学 / 数值 / 统计 / 格式 ⇒ 当成拍的数,要换成量出来的(或者证明它不是)
act.adb	if Q.Lost or else Sqrt ((Q.Cu - P.Cu) ** 2 + (Q.Cv - P.Cv) ** 2) > Long_Float'Max (Z.Span * 0.25, Fl.Track * 2.0) then	0.25	调参数	还没证明是数学 / 数值 / 统计 / 格式 ⇒ 当成拍的数,要换成量出来的(或者证明它不是)
act.adb	if Q.Lost or else Sqrt ((Q.Cu - P.Cu) ** 2 + (Q.Cv - P.Cv) ** 2) > Long_Float'Max (Z.Span * 0.25, Fl.Track * 2.0) then	2.0	调参数	还没证明是数学 / 数值 / 统计 / 格式 ⇒ 当成拍的数,要换成量出来的(或者证明它不是)
act.adb	if R = 2 and then In_Metres (I) and then Per_Step <= 0.0 then	2	调参数	还没证明是数学 / 数值 / 统计 / 格式 ⇒ 当成拍的数,要换成量出来的(或者证明它不是)
act.adb	if R = 2 and then In_Metres (I) then	2	调参数	还没证明是数学 / 数值 / 统计 / 格式 ⇒ 当成拍的数,要换成量出来的(或者证明它不是)
act.adb	if R.Count * 3 >= Obj_Count and then R.Cu * Long_Float (Cw) >= Long_Float (Z.X0) and then R.Cu * Long_Float (Cw) <= Long_Float (Z.X1)	3	调参数	还没证明是数学 / 数值 / 统计 / 格式 ⇒ 当成拍的数,要换成量出来的(或者证明它不是)
act.adb	if R.Count * 3 >= P.Count and then R.Count <= P.Count * 3 and then Sqrt ((R.Cu - P.Cu) ** 2 + (R.Cv - P.Cv) ** 2) <= Tol then	3	调参数	还没证明是数学 / 数值 / 统计 / 格式 ⇒ 当成拍的数,要换成量出来的(或者证明它不是)
act.adb	if R.Count * 3 >= P.Count and then R.Count <= P.Count * 3 and then Sqrt ((R.Cu - P.Cu) ** 2 + (R.Cv - P.Cv) ** 2) <= Tol then	3	调参数	还没证明是数学 / 数值 / 统计 / 格式 ⇒ 当成拍的数,要换成量出来的(或者证明它不是)
act.adb	if Round = 4 then	4	调参数	还没证明是数学 / 数值 / 统计 / 格式 ⇒ 当成拍的数,要换成量出来的(或者证明它不是)
act.adb	if Say.Look >= 2 then	2	调参数	还没证明是数学 / 数值 / 统计 / 格式 ⇒ 当成拍的数,要换成量出来的(或者证明它不是)
act.adb	if Scale < 1.0e-3 then	1.0e-3	数值	浮点的防除零 / 数值容差(不描述身体和世界)
act.adb	if Se.Cam = C.Cam and then Se.Kind = Piece_Pt and then Said < 4 then	4	调参数	还没证明是数学 / 数值 / 统计 / 格式 ⇒ 当成拍的数,要换成量出来的(或者证明它不是)
act.adb	if Se.Trust (K) and then Said < 4 then	4	调参数	还没证明是数学 / 数值 / 统计 / 格式 ⇒ 当成拍的数,要换成量出来的(或者证明它不是)
act.adb	if Spread <= 0.5 * Size then	0.5	调参数	还没证明是数学 / 数值 / 统计 / 格式 ⇒ 当成拍的数,要换成量出来的(或者证明它不是)
act.adb	if Su <= 1.0e-9 and then Sv <= 1.0e-9 then	1.0e-9	数值	浮点的防除零 / 数值容差(不描述身体和世界)
act.adb	if Su <= 1.0e-9 and then Sv <= 1.0e-9 then	1.0e-9	数值	浮点的防除零 / 数值容差(不描述身体和世界)
act.adb	if T (I .. I + 3) = "" then	3	调参数	还没证明是数学 / 数值 / 统计 / 格式 ⇒ 当成拍的数,要换成量出来的(或者证明它不是)
act.adb	if Turned_By > 0.0 and then Natural (Shifts.Length) >= 3 then	3	调参数	还没证明是数学 / 数值 / 统计 / 格式 ⇒ 当成拍的数,要换成量出来的(或者证明它不是)
act.adb	if Widest >= Ada.Numerics.Pi - 1.0e-9 then	1.0e-9	数值	浮点的防除零 / 数值容差(不描述身体和世界)
act.adb	if abs (Act - Pred) > 0.5 * Pred + Track_Win * 0.25 then	0.25	调参数	还没证明是数学 / 数值 / 统计 / 格式 ⇒ 当成拍的数,要换成量出来的(或者证明它不是)
act.adb	if abs (Act - Pred) > 0.5 * Pred + Track_Win * 0.25 then	0.5	调参数	还没证明是数学 / 数值 / 统计 / 格式 ⇒ 当成拍的数,要换成量出来的(或者证明它不是)
act.adb	if abs Diff (J) > Long_Float'Max (1.0e-6, C.Map.Amp (A * Chan.Per_Arm + J)) * (if Idx >= 0 then Cap_Mult * Long_Float'Max (1.0, R2 (J)) else 1.0) then	1.0e-6	数值	浮点的防除零 / 数值容差(不描述身体和世界)
act.adb	if abs Diff (K) > Long_Float'Max (1.0e-6, C.Map.Amp (A * Chan.Per_Arm + K)) * Cap_Mult * Reach (K) then	1.0e-6	数值	浮点的防除零 / 数值容差(不描述身体和世界)
act.adb	if abs Diff (K) > Long_Float'Max (1.0e-6, C.Map.Amp (P.Arm * Chan.Per_Arm + K)) * Cap_Mult * Reach (K) then	1.0e-6	数值	浮点的防除零 / 数值容差(不描述身体和世界)
act.adb	if not (E.Null_Res > Fl.Track * 2.0 and then E.Free_Res < E.Null_Res) then	2.0	调参数	还没证明是数学 / 数值 / 统计 / 格式 ⇒ 当成拍的数,要换成量出来的(或者证明它不是)
act.adb	if not Picture.Is_Nan (Zd) and then (Old_Z <= 0.0 or else abs (Zd - Old_Z) <= 0.1 * Old_Z) then	0.1	调参数	还没证明是数学 / 数值 / 统计 / 格式 ⇒ 当成拍的数,要换成量出来的(或者证明它不是)
act.adb	return (if H > 0.0 then Codec.Fmt (X / H, 2) & "" else Codec.Fmt (X, 3) & "");	2	格式	日志 / 给脑的话里印几位小数
act.adb	return (if W.Is_Empty then 0.0 else W (Natural (W.Length) / 2));	2	数学	求中点 / 一半
act.adb	return 0.01;	0.01	调参数	还没证明是数学 / 数值 / 统计 / 格式 ⇒ 当成拍的数,要换成量出来的(或者证明它不是)
act.adb	return 0.125;	0.125	调参数	还没证明是数学 / 数值 / 统计 / 格式 ⇒ 当成拍的数,要换成量出来的(或者证明它不是)
act.adb	return 1.4826 * Median_Of (Dv);	1.4826	统计	中位绝对偏差换成正态的标准差(统计换算)
act.adb	return A (N / 2);	2	数学	求中点 / 一半
act.adb	return Long_Float'Max (0.004, 0.25 * Long_Float'Min (Long_Float'Min (W1, H1), Long_Float'Min (W2, H2)));	0.004	调参数	还没证明是数学 / 数值 / 统计 / 格式 ⇒ 当成拍的数,要换成量出来的(或者证明它不是)
act.adb	return Long_Float'Max (0.004, 0.25 * Long_Float'Min (Long_Float'Min (W1, H1), Long_Float'Min (W2, H2)));	0.25	调参数	还没证明是数学 / 数值 / 统计 / 格式 ⇒ 当成拍的数,要换成量出来的(或者证明它不是)
act.adb	return Long_Float'Max (0.02, Long_Float'Min (0.125, Z.Span * (Z.Depth / Med) * 0.5));	0.02	调参数	还没证明是数学 / 数值 / 统计 / 格式 ⇒ 当成拍的数,要换成量出来的(或者证明它不是)
act.adb	return Long_Float'Max (0.02, Long_Float'Min (0.125, Z.Span * (Z.Depth / Med) * 0.5));	0.125	调参数	还没证明是数学 / 数值 / 统计 / 格式 ⇒ 当成拍的数,要换成量出来的(或者证明它不是)
act.adb	return Long_Float'Max (0.02, Long_Float'Min (0.125, Z.Span * (Z.Depth / Med) * 0.5));	0.5	调参数	还没证明是数学 / 数值 / 统计 / 格式 ⇒ 当成拍的数,要换成量出来的(或者证明它不是)
act.adb	task type Hand_Task (H, Hc : Natural) with Storage_Size => 64 * 1024 * 1024;	1024	调参数	还没证明是数学 / 数值 / 统计 / 格式 ⇒ 当成拍的数,要换成量出来的(或者证明它不是)
act.adb	task type Hand_Task (H, Hc : Natural) with Storage_Size => 64 * 1024 * 1024;	1024	调参数	还没证明是数学 / 数值 / 统计 / 格式 ⇒ 当成拍的数,要换成量出来的(或者证明它不是)
act.adb	task type Hand_Task (H, Hc : Natural) with Storage_Size => 64 * 1024 * 1024;	64	调参数	还没证明是数学 / 数值 / 统计 / 格式 ⇒ 当成拍的数,要换成量出来的(或者证明它不是)
act.adb	then 0.5 + (T_Pic - 0.5) * (T_Depth / My_Depth)	0.5	调参数	还没证明是数学 / 数值 / 统计 / 格式 ⇒ 当成拍的数,要换成量出来的(或者证明它不是)
act.adb	then 0.5 + (T_Pic - 0.5) * (T_Depth / My_Depth)	0.5	调参数	还没证明是数学 / 数值 / 统计 / 格式 ⇒ 当成拍的数,要换成量出来的(或者证明它不是)
act.adb	then Dot / (Moved * Probe_Len) else 0.0), 3)	3	调参数	还没证明是数学 / 数值 / 统计 / 格式 ⇒ 当成拍的数,要换成量出来的(或者证明它不是)
act.adb	while I + 3 <= T'Last loop	3	调参数	还没证明是数学 / 数值 / 统计 / 格式 ⇒ 当成拍的数,要换成量出来的(或者证明它不是)
act.adb	while N > 1 and then L < 6 loop	6	调参数	还没证明是数学 / 数值 / 统计 / 格式 ⇒ 当成拍的数,要换成量出来的(或者证明它不是)
act.adb	while Went + 0.5 * Small < Dist loop	0.5	调参数	还没证明是数学 / 数值 / 统计 / 格式 ⇒ 当成拍的数,要换成量出来的(或者证明它不是)
act.ads	Cols : Natural := 6;	6	调参数	还没证明是数学 / 数值 / 统计 / 格式 ⇒ 当成拍的数,要换成量出来的(或者证明它不是)
act.ads	Eye_Port : Natural := 8079;	8079	调参数	还没证明是数学 / 数值 / 统计 / 格式 ⇒ 当成拍的数,要换成量出来的(或者证明它不是)
act.ads	Inst_Port : Natural := 8077;	8077	调参数	还没证明是数学 / 数值 / 统计 / 格式 ⇒ 当成拍的数,要换成量出来的(或者证明它不是)
act.ads	Rows : Natural := 4;	4	调参数	还没证明是数学 / 数值 / 统计 / 格式 ⇒ 当成拍的数,要换成量出来的(或者证明它不是)
backup.ads	Depth : constant := 32;	32	调参数	还没证明是数学 / 数值 / 统计 / 格式 ⇒ 当成拍的数,要换成量出来的(或者证明它不是)
backup.ads	Max_Ch : constant := 64;	64	调参数	还没证明是数学 / 数值 / 统计 / 格式 ⇒ 当成拍的数,要换成量出来的(或者证明它不是)
body_driver.adb	"" & Codec.Fmt (Zo.Cu, 3) & "" & Codec.Fmt (Zo.Cv, 3) & "" & Codec.Fmt (Zo.Depth, 3));	3	格式	日志 / 给脑的话里印几位小数
body_driver.adb	"" & Codec.Fmt (Zo.Cu, 3) & "" & Codec.Fmt (Zo.Cv, 3) & "" & Codec.Fmt (Zo.Depth, 3));	3	格式	日志 / 给脑的话里印几位小数
body_driver.adb	"" & Codec.Fmt (Zo.Cu, 3) & "" & Codec.Fmt (Zo.Cv, 3) & "" & Codec.Fmt (Zo.Depth, 3));	3	格式	日志 / 给脑的话里印几位小数
body_driver.adb	(if C.Map.N_Cams > 2 then Codec.Fmt (C.Map.Cam_Frac (A * C.Map.N_Cams + 2), 3) else ""));	2	调参数	还没证明是数学 / 数值 / 统计 / 格式 ⇒ 当成拍的数,要换成量出来的(或者证明它不是)
body_driver.adb	(if C.Map.N_Cams > 2 then Codec.Fmt (C.Map.Cam_Frac (A * C.Map.N_Cams + 2), 3) else ""));	2	调参数	还没证明是数学 / 数值 / 统计 / 格式 ⇒ 当成拍的数,要换成量出来的(或者证明它不是)
body_driver.adb	(if C.Map.N_Cams > 2 then Codec.Fmt (C.Map.Cam_Frac (A * C.Map.N_Cams + 2), 3) else ""));	3	格式	日志 / 给脑的话里印几位小数
body_driver.adb	Codec.Fmt (C.Map.Cam_Frac (A * C.Map.N_Cams), 3) & "" & (if C.Map.N_Cams > 1 then Codec.Fmt (C.Map.Cam_Frac (A * C.Map.N_Cams + 1), 3) else "") & "" &	3	格式	日志 / 给脑的话里印几位小数
body_driver.adb	Codec.Fmt (C.Map.Cam_Frac (A * C.Map.N_Cams), 3) & "" & (if C.Map.N_Cams > 1 then Codec.Fmt (C.Map.Cam_Frac (A * C.Map.N_Cams + 1), 3) else "") & "" &	3	格式	日志 / 给脑的话里印几位小数
body_driver.adb	G.Cx := 0.5 * Long_Float (F.Cams (Cm).W); G.Cy := 0.5 * Long_Float (F.Cams (Cm).H);	0.5	调参数	还没证明是数学 / 数值 / 统计 / 格式 ⇒ 当成拍的数,要换成量出来的(或者证明它不是)
body_driver.adb	G.Cx := 0.5 * Long_Float (F.Cams (Cm).W); G.Cy := 0.5 * Long_Float (F.Cams (Cm).H);	0.5	调参数	还没证明是数学 / 数值 / 统计 / 格式 ⇒ 当成拍的数,要换成量出来的(或者证明它不是)
body_driver.adb	Long_Float'Max (0.005, Long_Float (P.X1 - P.X0) / Long_Float (F.Cams (Cm).W) * 0.25));	0.005	调参数	还没证明是数学 / 数值 / 统计 / 格式 ⇒ 当成拍的数,要换成量出来的(或者证明它不是)
body_driver.adb	Long_Float'Max (0.005, Long_Float (P.X1 - P.X0) / Long_Float (F.Cams (Cm).W) * 0.25));	0.25	调参数	还没证明是数学 / 数值 / 统计 / 格式 ⇒ 当成拍的数,要换成量出来的(或者证明它不是)
body_driver.adb	Put_Line ("" & Codec.Fmt (M0.Joint_Noise, 6) & "" & (if M0.Pic_Floor.Is_Empty then "" else Codec.Img (M0.Pic_Floor (0))));	6	格式	日志 / 给脑的话里印几位小数
body_driver.adb	Put_Line ("" & Natural'Image (A + 1) & "" & Codec.Fmt (Zn.Cu, 3) & "" & Codec.Fmt (Zn.Cv, 3) & "" & Codec.Fmt (Zn.Depth, 3) &	3	格式	日志 / 给脑的话里印几位小数
body_driver.adb	Put_Line ("" & Natural'Image (A + 1) & "" & Codec.Fmt (Zn.Cu, 3) & "" & Codec.Fmt (Zn.Cv, 3) & "" & Codec.Fmt (Zn.Depth, 3) &	3	格式	日志 / 给脑的话里印几位小数
body_driver.adb	Put_Line ("" & Natural'Image (A + 1) & "" & Codec.Fmt (Zn.Cu, 3) & "" & Codec.Fmt (Zn.Cv, 3) & "" & Codec.Fmt (Zn.Depth, 3) &	3	格式	日志 / 给脑的话里印几位小数
body_driver.adb	if abs Dv (K) > Long_Float'Max (1.0e-6, C.Map.Amp (A * Chan.Per_Arm + K)) then	1.0e-6	数值	浮点的防除零 / 数值容差(不描述身体和世界)
body_driver.adb	task type Fit_Task with Storage_Size => 64 * 1024 * 1024 is	1024	调参数	还没证明是数学 / 数值 / 统计 / 格式 ⇒ 当成拍的数,要换成量出来的(或者证明它不是)
body_driver.adb	task type Fit_Task with Storage_Size => 64 * 1024 * 1024 is	1024	调参数	还没证明是数学 / 数值 / 统计 / 格式 ⇒ 当成拍的数,要换成量出来的(或者证明它不是)
body_driver.adb	task type Fit_Task with Storage_Size => 64 * 1024 * 1024 is	64	调参数	还没证明是数学 / 数值 / 统计 / 格式 ⇒ 当成拍的数,要换成量出来的(或者证明它不是)
bodyfile.adb	"""""" & Codec.Fmt (Z.Au, 5) & """""" & Codec.Fmt (Z.Av, 5) & """""" & Codec.Fmt (Z.Span, 5) & """""" & Codec.Fmt (Z.Depth, 5) &	5	格式	日志 / 给脑的话里印几位小数
bodyfile.adb	"""""" & Codec.Fmt (Z.Au, 5) & """""" & Codec.Fmt (Z.Av, 5) & """""" & Codec.Fmt (Z.Span, 5) & """""" & Codec.Fmt (Z.Depth, 5) &	5	格式	日志 / 给脑的话里印几位小数
bodyfile.adb	"""""" & Codec.Fmt (Z.Au, 5) & """""" & Codec.Fmt (Z.Av, 5) & """""" & Codec.Fmt (Z.Span, 5) & """""" & Codec.Fmt (Z.Depth, 5) &	5	格式	日志 / 给脑的话里印几位小数
bodyfile.adb	"""""" & Codec.Fmt (Z.Au, 5) & """""" & Codec.Fmt (Z.Av, 5) & """""" & Codec.Fmt (Z.Span, 5) & """""" & Codec.Fmt (Z.Depth, 5) &	5	格式	日志 / 给脑的话里印几位小数
bodyfile.adb	"""""" & Codec.Img (Z.A.X0) & "" & Codec.Img (Z.A.Y0) & "" & Codec.Img (Z.A.X1) & "" & Codec.Img (Z.A.Y1) & "" & Codec.Fmt (Z.A.Cu, 5) & "" & Codec.Fmt (Z.A.Cv, 5) & "" & Codec.Img (Z.A.Count) & "" &	5	格式	日志 / 给脑的话里印几位小数
bodyfile.adb	"""""" & Codec.Img (Z.A.X0) & "" & Codec.Img (Z.A.Y0) & "" & Codec.Img (Z.A.X1) & "" & Codec.Img (Z.A.Y1) & "" & Codec.Fmt (Z.A.Cu, 5) & "" & Codec.Fmt (Z.A.Cv, 5) & "" & Codec.Img (Z.A.Count) & "" &	5	格式	日志 / 给脑的话里印几位小数
bodyfile.adb	"""""" & Codec.Img (Z.B.X0) & "" & Codec.Img (Z.B.Y0) & "" & Codec.Img (Z.B.X1) & "" & Codec.Img (Z.B.Y1) & "" & Codec.Fmt (Z.B.Cu, 5) & "" & Codec.Fmt (Z.B.Cv, 5) & "" & Codec.Img (Z.B.Count) & "" &	5	格式	日志 / 给脑的话里印几位小数
bodyfile.adb	"""""" & Codec.Img (Z.B.X0) & "" & Codec.Img (Z.B.Y0) & "" & Codec.Img (Z.B.X1) & "" & Codec.Img (Z.B.Y1) & "" & Codec.Fmt (Z.B.Cu, 5) & "" & Codec.Fmt (Z.B.Cv, 5) & "" & Codec.Img (Z.B.Count) & "" &	5	格式	日志 / 给脑的话里印几位小数
bodyfile.adb	& """""" & Codec.Fmt (H.Empty_Close, 6) & """""" & Codec.Fmt (H.Open_Reading, 6) & """""");	6	格式	日志 / 给脑的话里印几位小数
bodyfile.adb	& """""" & Codec.Fmt (H.Empty_Close, 6) & """""" & Codec.Fmt (H.Open_Reading, 6) & """""");	6	格式	日志 / 给脑的话里印几位小数
bodyfile.adb	Append (B, """""" & Codec.Fmt (M.EE_Noise, 6) & """""" & Codec.Fmt (M.Rot_Noise, 6) & """""" & Codec.Fmt (M.Jaw_Noise, 6) & """""" & Codec.Img (M.Settle) & "");	6	格式	日志 / 给脑的话里印几位小数
bodyfile.adb	Append (B, """""" & Codec.Fmt (M.EE_Noise, 6) & """""" & Codec.Fmt (M.Rot_Noise, 6) & """""" & Codec.Fmt (M.Jaw_Noise, 6) & """""" & Codec.Img (M.Settle) & "");	6	格式	日志 / 给脑的话里印几位小数
bodyfile.adb	Append (B, """""" & Codec.Fmt (M.EE_Noise, 6) & """""" & Codec.Fmt (M.Rot_Noise, 6) & """""" & Codec.Fmt (M.Jaw_Noise, 6) & """""" & Codec.Img (M.Settle) & "");	6	格式	日志 / 给脑的话里印几位小数
bodyfile.adb	Append (B, (if First then "" else "") & "" & Codec.Img (K) & "" & Codec.Fmt (X.Parts (K).Cu, 5) & "" & Codec.Fmt (X.Parts (K).Cv, 5) & "" & Codec.Fmt (X.Parts (K).Z, 5) & "" &	5	格式	日志 / 给脑的话里印几位小数
bodyfile.adb	Append (B, (if First then "" else "") & "" & Codec.Img (K) & "" & Codec.Fmt (X.Parts (K).Cu, 5) & "" & Codec.Fmt (X.Parts (K).Cv, 5) & "" & Codec.Fmt (X.Parts (K).Z, 5) & "" &	5	格式	日志 / 给脑的话里印几位小数
bodyfile.adb	Append (B, (if First then "" else "") & "" & Codec.Img (K) & "" & Codec.Fmt (X.Parts (K).Cu, 5) & "" & Codec.Fmt (X.Parts (K).Cv, 5) & "" & Codec.Fmt (X.Parts (K).Z, 5) & "" &	5	格式	日志 / 给脑的话里印几位小数
bodyfile.adb	Append (B, (if First then "" else "") & """""" & Codec.Img (Cm) & """""" & Codec.Fmt (Z.Cu, 5) & """""" & Codec.Fmt (Z.Cv, 5) &	5	格式	日志 / 给脑的话里印几位小数
bodyfile.adb	Append (B, (if First then "" else "") & """""" & Codec.Img (Cm) & """""" & Codec.Fmt (Z.Cu, 5) & """""" & Codec.Fmt (Z.Cv, 5) &	5	格式	日志 / 给脑的话里印几位小数
bodyfile.adb	Append (B, (if I > 0 then "" else "") & Codec.Fmt (M.Amp_Hist (Ch) (I), 6));	6	格式	日志 / 给脑的话里印几位小数
bodyfile.adb	Append (B, (if I > 0 then "" else "") & Codec.Fmt (M.Deliv_Hist (Ch) (I), 6));	6	格式	日志 / 给脑的话里印几位小数
bodyfile.adb	Append (B, (if I > 0 then "" else "") & Codec.Fmt (V (I), 6));	6	格式	日志 / 给脑的话里印几位小数
bodyfile.adb	Append (B, (if K + R > 0 then "" else "") & Codec.Fmt (T.E.B (K, R), 6));	6	格式	日志 / 给脑的话里印几位小数
bodyfile.adb	Append (B, (if K + R > 0 then "" else "") & Codec.Fmt (T.E.Scatter (K, R), 4));	4	格式	日志 / 给脑的话里印几位小数
bodyfile.adb	Append (B, (if K > 0 then "" else "") & Codec.Fmt (H.Pose (K), 6));	6	格式	日志 / 给脑的话里印几位小数
bodyfile.adb	Append (B, (if K > 0 then "" else "") & Codec.Fmt (T.Pose (K), 6));	6	格式	日志 / 给脑的话里印几位小数
bodyfile.adb	Append (B, (if K > 0 then "" else "") & Codec.Fmt (T.Reach (K), 3));	3	格式	日志 / 给脑的话里印几位小数
bodyfile.adb	Append (B, (if K > 0 then "" else "") & Codec.Fmt (X.Pose (K), 6));	6	格式	日志 / 给脑的话里印几位小数
bodyfile.adb	Codec.Img (X.Parts (K).N_Blobs) & "" & Codec.Fmt (X.Parts (K).B0u, 5) & "" & Codec.Fmt (X.Parts (K).B0v, 5) & "" & Codec.Fmt (X.Parts (K).B1u, 5) & "" & Codec.Fmt (X.Parts (K).B1v, 5) & "");	5	格式	日志 / 给脑的话里印几位小数
bodyfile.adb	Codec.Img (X.Parts (K).N_Blobs) & "" & Codec.Fmt (X.Parts (K).B0u, 5) & "" & Codec.Fmt (X.Parts (K).B0v, 5) & "" & Codec.Fmt (X.Parts (K).B1u, 5) & "" & Codec.Fmt (X.Parts (K).B1v, 5) & "");	5	格式	日志 / 给脑的话里印几位小数
bodyfile.adb	Codec.Img (X.Parts (K).N_Blobs) & "" & Codec.Fmt (X.Parts (K).B0u, 5) & "" & Codec.Fmt (X.Parts (K).B0v, 5) & "" & Codec.Fmt (X.Parts (K).B1u, 5) & "" & Codec.Fmt (X.Parts (K).B1v, 5) & "");	5	格式	日志 / 给脑的话里印几位小数
bodyfile.adb	Codec.Img (X.Parts (K).N_Blobs) & "" & Codec.Fmt (X.Parts (K).B0u, 5) & "" & Codec.Fmt (X.Parts (K).B0v, 5) & "" & Codec.Fmt (X.Parts (K).B1u, 5) & "" & Codec.Fmt (X.Parts (K).B1v, 5) & "");	5	格式	日志 / 给脑的话里印几位小数
bodyfile.adb	M.Seen.Append (X > 0.5);	0.5	调参数	还没证明是数学 / 数值 / 统计 / 格式 ⇒ 当成拍的数,要换成量出来的(或者证明它不是)
bodyfile.adb	Natural (Pv2 (8)), Pv2 (9), Pv2 (10), Pv2 (11), Pv2 (12));	10	调参数	还没证明是数学 / 数值 / 统计 / 格式 ⇒ 当成拍的数,要换成量出来的(或者证明它不是)
bodyfile.adb	Natural (Pv2 (8)), Pv2 (9), Pv2 (10), Pv2 (11), Pv2 (12));	11	调参数	还没证明是数学 / 数值 / 统计 / 格式 ⇒ 当成拍的数,要换成量出来的(或者证明它不是)
bodyfile.adb	Natural (Pv2 (8)), Pv2 (9), Pv2 (10), Pv2 (11), Pv2 (12));	12	调参数	还没证明是数学 / 数值 / 统计 / 格式 ⇒ 当成拍的数,要换成量出来的(或者证明它不是)
bodyfile.adb	Natural (Pv2 (8)), Pv2 (9), Pv2 (10), Pv2 (11), Pv2 (12));	9	调参数	还没证明是数学 / 数值 / 统计 / 格式 ⇒ 当成拍的数,要换成量出来的(或者证明它不是)
bodyfile.adb	T.Has_Pose := Json.Num (D, Json.Get (D, Tn, "")) > 0.5;	0.5	调参数	还没证明是数学 / 数值 / 统计 / 格式 ⇒ 当成拍的数,要换成量出来的(或者证明它不是)
bodyfile.adb	T.Trust (K) := K < Natural (Tv.Length) and then Tv (K) > 0.5;	0.5	调参数	还没证明是数学 / 数值 / 统计 / 格式 ⇒ 当成拍的数,要换成量出来的(或者证明它不是)
bodyfile.adb	if Natural (Aa.Length) = 7 then	7	调参数	还没证明是数学 / 数值 / 统计 / 格式 ⇒ 当成拍的数,要换成量出来的(或者证明它不是)
bodyfile.adb	if Natural (Bb.Length) = 7 and then Z.N_Lobes = 2 then	2	调参数	还没证明是数学 / 数值 / 统计 / 格式 ⇒ 当成拍的数,要换成量出来的(或者证明它不是)
bodyfile.adb	if Natural (Bb.Length) = 7 and then Z.N_Lobes = 2 then	7	调参数	还没证明是数学 / 数值 / 统计 / 格式 ⇒ 当成拍的数,要换成量出来的(或者证明它不是)
bodyfile.adb	if Natural (Bx.Length) = 4 then	4	调参数	还没证明是数学 / 数值 / 统计 / 格式 ⇒ 当成拍的数,要换成量出来的(或者证明它不是)
bodyfile.adb	if Natural (Pv.Length) = 7 then	7	调参数	还没证明是数学 / 数值 / 统计 / 格式 ⇒ 当成拍的数,要换成量出来的(或者证明它不是)
bodyfile.adb	if Natural (Pv.Length) = 7 then	7	调参数	还没证明是数学 / 数值 / 统计 / 格式 ⇒ 当成拍的数,要换成量出来的(或者证明它不是)
bodyfile.adb	if Natural (Pv2.Length) = 13 and then Pv2 (0) >= 0.0 and then Integer (Pv2 (0)) <= Chan.Per_Arm then	13	调参数	还没证明是数学 / 数值 / 统计 / 格式 ⇒ 当成拍的数,要换成量出来的(或者证明它不是)
bodyfile.adb	if Natural (Tp.Length) = 7 then	7	调参数	还没证明是数学 / 数值 / 统计 / 格式 ⇒ 当成拍的数,要换成量出来的(或者证明它不是)
bodyfile.adb	return Picture.Quantile (C, 0.5);	0.5	调参数	还没证明是数学 / 数值 / 统计 / 格式 ⇒ 当成拍的数,要换成量出来的(或者证明它不是)
bodyfile.ads	History_Depth : constant := 7;	7	调参数	还没证明是数学 / 数值 / 统计 / 格式 ⇒ 当成拍的数,要换成量出来的(或者证明它不是)
bodyfile.ads	Method_Ver : constant := 4;	4	调参数	还没证明是数学 / 数值 / 统计 / 格式 ⇒ 当成拍的数,要换成量出来的(或者证明它不是)
brain.adb	(Natural'Min (Span - 1, Natural (Long_Float'Floor (Long_Float'Max (0.0, Long_Float'Min (1000.0, V)) / 1000.0 * Long_Float (Span)))));	1000.0	调参数	还没证明是数学 / 数值 / 统计 / 格式 ⇒ 当成拍的数,要换成量出来的(或者证明它不是)
brain.adb	(Natural'Min (Span - 1, Natural (Long_Float'Floor (Long_Float'Max (0.0, Long_Float'Min (1000.0, V)) / 1000.0 * Long_Float (Span)))));	1000.0	调参数	还没证明是数学 / 数值 / 统计 / 格式 ⇒ 当成拍的数,要换成量出来的(或者证明它不是)
brain.adb	Err := To_Unbounded_String ("" & Ada.Strings.Fixed.Head (To_String (Reply), 200) & "");	200	调参数	还没证明是数学 / 数值 / 统计 / 格式 ⇒ 当成拍的数,要换成量出来的(或者证明它不是)
brain.adb	Json.Num (D, Json.Child (D, Bn, 2)), Json.Num (D, Json.Child (D, Bn, 3)));	2	调参数	还没证明是数学 / 数值 / 统计 / 格式 ⇒ 当成拍的数,要换成量出来的(或者证明它不是)
brain.adb	Json.Num (D, Json.Child (D, Bn, 2)), Json.Num (D, Json.Child (D, Bn, 3)));	2	调参数	还没证明是数学 / 数值 / 统计 / 格式 ⇒ 当成拍的数,要换成量出来的(或者证明它不是)
brain.adb	Json.Num (D, Json.Child (D, Bn, 2)), Json.Num (D, Json.Child (D, Bn, 3)));	3	调参数	还没证明是数学 / 数值 / 统计 / 格式 ⇒ 当成拍的数,要换成量出来的(或者证明它不是)
brain.adb	Json.Num (D, Json.Child (D, Bn, 2)), Json.Num (D, Json.Child (D, Bn, 3)));	3	调参数	还没证明是数学 / 数值 / 统计 / 格式 ⇒ 当成拍的数,要换成量出来的(或者证明它不是)
brain.adb	if Fn >= 0 and then Json.Bool (D, Fn) and then Bn >= 0 and then Json.Count (D, Bn) = 4 then	4	调参数	还没证明是数学 / 数值 / 统计 / 格式 ⇒ 当成拍的数,要换成量出来的(或者证明它不是)
brain.adb	if Fn >= 0 and then Json.Bool (D, Fn) and then Bn >= 0 and then Json.Count (D, Bn) = 4 then	4	调参数	还没证明是数学 / 数值 / 统计 / 格式 ⇒ 当成拍的数,要换成量出来的(或者证明它不是)
chan.adb	Ang := 2.0 * Arctan (S, Long_Float'Min (1.0, W));	2.0	调参数	还没证明是数学 / 数值 / 统计 / 格式 ⇒ 当成拍的数,要换成量出来的(或者证明它不是)
chan.adb	Dq (3) := Cos (Ang / 2.0);	2.0	数学	求中点 / 一半
chan.adb	S : constant Long_Float := Sin (Ang / 2.0) / Ang;	2.0	数学	求中点 / 一半
chan.adb	for K in 3 .. 6 loop	3	调参数	还没证明是数学 / 数值 / 统计 / 格式 ⇒ 当成拍的数,要换成量出来的(或者证明它不是)
chan.adb	for K in 3 .. 6 loop	6	调参数	还没证明是数学 / 数值 / 统计 / 格式 ⇒ 当成拍的数,要换成量出来的(或者证明它不是)
chan.adb	for K in 4 .. 6 loop	4	调参数	还没证明是数学 / 数值 / 统计 / 格式 ⇒ 当成拍的数,要换成量出来的(或者证明它不是)
chan.adb	for K in 4 .. 6 loop	4	调参数	还没证明是数学 / 数值 / 统计 / 格式 ⇒ 当成拍的数,要换成量出来的(或者证明它不是)
chan.adb	for K in 4 .. 6 loop	6	调参数	还没证明是数学 / 数值 / 统计 / 格式 ⇒ 当成拍的数,要换成量出来的(或者证明它不是)
chan.adb	for K in 4 .. 6 loop	6	调参数	还没证明是数学 / 数值 / 统计 / 格式 ⇒ 当成拍的数,要换成量出来的(或者证明它不是)
chan.adb	if Ang > 1.0e-12 then	1.0e-12	数值	浮点的防除零 / 数值容差(不描述身体和世界)
chan.adb	if N > 1.0e-12 then	1.0e-12	数值	浮点的防除零 / 数值容差(不描述身体和世界)
chan.adb	if S < 1.0e-12 then	1.0e-12	数值	浮点的防除零 / 数值容差(不描述身体和世界)
chan.ads	Per_Arm : constant := 6;	6	调参数	还没证明是数学 / 数值 / 统计 / 格式 ⇒ 当成拍的数,要换成量出来的(或者证明它不是)
chan.ads	Pos_Channels : constant := 3;	3	调参数	还没证明是数学 / 数值 / 统计 / 格式 ⇒ 当成拍的数,要换成量出来的(或者证明它不是)
contact-exec.adb	(St.Touching and then Residual_M > 2.0 * L.Repeat_M);	2.0	调参数	还没证明是数学 / 数值 / 统计 / 格式 ⇒ 当成拍的数,要换成量出来的(或者证明它不是)
contact-exec.adb	Seed : constant V3 := (if abs Z (0) < 0.9 then [1.0, 0.0, 0.0] else [0.0, 1.0, 0.0]);	0.9	调参数	还没证明是数学 / 数值 / 统计 / 格式 ⇒ 当成拍的数,要换成量出来的(或者证明它不是)
contact-exec.adb	function Rot_Of (Ang : V3) return M3 is (if Norm (Ang) < 1.0e-12 then Geom.Identity else Geom.Rodrigues (Ang));	1.0e-12	数值	浮点的防除零 / 数值容差(不描述身体和世界)
contact-exec.adb	if Far_Enough (Q, 1.0e-9) then	1.0e-9	调参数	还没证明是数学 / 数值 / 统计 / 格式 ⇒ 当成拍的数,要换成量出来的(或者证明它不是)
contact-exec.adb	if T'Valid and then T <= 20.0 * By_M and then (not Have or else T < Best_T) then	20.0	调参数	还没证明是数学 / 数值 / 统计 / 格式 ⇒ 当成拍的数,要换成量出来的(或者证明它不是)
contact-gen.adb	A : constant Long_Float := 2.0 * Pi * Long_Float (K) / Long_Float (N);	2.0	数学	π 的倍数 / 弧度换算
contact-gen.adb	Keep := (Far_Hi - Far_Lo) <= Flat_Tol_M and then R_Hi - R_Lo > 0.5 * Cup_R_M;	0.5	调参数	还没证明是数学 / 数值 / 统计 / 格式 ⇒ 当成拍的数,要换成量出来的(或者证明它不是)
contact-gen.adb	Kk : constant Natural := Natural (Long_Float'Floor ((Ang / (2.0 * Pi) + 1.0) * 8.0)) mod 8;	2.0	数学	π 的倍数 / 弧度换算
contact-gen.adb	Kk : constant Natural := Natural (Long_Float'Floor ((Ang / (2.0 * Pi) + 1.0) * 8.0)) mod 8;	8	调参数	还没证明是数学 / 数值 / 统计 / 格式 ⇒ 当成拍的数,要换成量出来的(或者证明它不是)
contact-gen.adb	Kk : constant Natural := Natural (Long_Float'Floor ((Ang / (2.0 * Pi) + 1.0) * 8.0)) mod 8;	8.0	调参数	还没证明是数学 / 数值 / 统计 / 格式 ⇒ 当成拍的数,要换成量出来的(或者证明它不是)
contact-gen.adb	Sector : array (0 .. 7) of Long_Float := [others => 0.0];	7	调参数	还没证明是数学 / 数值 / 统计 / 格式 ⇒ 当成拍的数,要换成量出来的(或者证明它不是)
contact-gen.adb	Seed : constant V3 := (if abs A (0) < 0.9 then [1.0, 0.0, 0.0] else [0.0, 1.0, 0.0]);	0.9	调参数	还没证明是数学 / 数值 / 统计 / 格式 ⇒ 当成拍的数,要换成量出来的(或者证明它不是)
contact-gen.adb	Seed : constant V3 := (if abs N (0) < 0.9 then [1.0, 0.0, 0.0] else [0.0, 1.0, 0.0]);	0.9	调参数	还没证明是数学 / 数值 / 统计 / 格式 ⇒ 当成拍的数,要换成量出来的(或者证明它不是)
contact-gen.adb	Th : constant Long_Float := (C (Q, Q) - C (P, P)) / (2.0 * C (P, Q));	2.0	调参数	还没证明是数学 / 数值 / 统计 / 格式 ⇒ 当成拍的数,要换成量出来的(或者证明它不是)
contact-gen.adb	exit when Off < 1.0e-28;	1.0e-28	数值	浮点的防除零 / 数值容差(不描述身体和世界)
contact-gen.adb	for I in 1 .. 2 loop	2	调参数	还没证明是数学 / 数值 / 统计 / 格式 ⇒ 当成拍的数,要换成量出来的(或者证明它不是)
contact-gen.adb	for J in I + 1 .. 2 loop	2	调参数	还没证明是数学 / 数值 / 统计 / 格式 ⇒ 当成拍的数,要换成量出来的(或者证明它不是)
contact-gen.adb	for Q in P + 1 .. 2 loop	2	调参数	还没证明是数学 / 数值 / 统计 / 格式 ⇒ 当成拍的数,要换成量出来的(或者证明它不是)
contact-gen.adb	for Sweep in 1 .. 40 loop	40	调参数	还没证明是数学 / 数值 / 统计 / 格式 ⇒ 当成拍的数,要换成量出来的(或者证明它不是)
contact-gen.adb	if D < -1.0 + 1.0e-12 then	1.0e-12	数值	浮点的防除零 / 数值容差(不描述身体和世界)
contact-gen.adb	if D > 1.0 - 1.0e-12 then	1.0e-12	数值	浮点的防除零 / 数值容差(不描述身体和世界)
contact-gen.adb	if K2 >= 6 then	6	调参数	还没证明是数学 / 数值 / 统计 / 格式 ⇒ 当成拍的数,要换成量出来的(或者证明它不是)
contact-gen.adb	if Kn >= 6 then	6	调参数	还没证明是数学 / 数值 / 统计 / 格式 ⇒ 当成拍的数,要换成量出来的(或者证明它不是)
contact-gen.adb	if N < 2 then	2	调参数	还没证明是数学 / 数值 / 统计 / 格式 ⇒ 当成拍的数,要换成量出来的(或者证明它不是)
contact-gen.adb	if Natural (Cloud.Length) < 8 then	8	调参数	还没证明是数学 / 数值 / 统计 / 格式 ⇒ 当成拍的数,要换成量出来的(或者证明它不是)
contact-gen.adb	if Nb < 2 * N then	2	调参数	还没证明是数学 / 数值 / 统计 / 格式 ⇒ 当成拍的数,要换成量出来的(或者证明它不是)
contact-gen.adb	if Norm (Sum) > 0.5 then	0.5	调参数	还没证明是数学 / 数值 / 统计 / 格式 ⇒ 当成拍的数,要换成量出来的(或者证明它不是)
contact-gen.adb	if Rr >= 1.0e-12 then	1.0e-12	数值	浮点的防除零 / 数值容差(不描述身体和世界)
contact-gen.adb	if Span + Spacing + 1.0e-12 >= Cup_R_M and then (not Have_Best or else Span > Best_Span) then	1.0e-12	数值	浮点的防除零 / 数值容差(不描述身体和世界)
contact-gen.adb	if abs (P (2) - At_Z) <= 0.5 * Band_M then	0.5	调参数	还没证明是数学 / 数值 / 统计 / 格式 ⇒ 当成拍的数,要换成量出来的(或者证明它不是)
contact-gen.adb	if abs C (P, Q) >= 1.0e-20 then	1.0e-20	数值	浮点的防除零 / 数值容差(不描述身体和世界)
contact-gen.adb	return C (C'First + C'Length / 2);	2	数学	求中点 / 一半
contact-grasp.adb	Azims : constant := 8;	8	调参数	还没证明是数学 / 数值 / 统计 / 格式 ⇒ 当成拍的数,要换成量出来的(或者证明它不是)
contact-grasp.adb	D.Pitch := 1.25 * D.Pitch;	1.25	调参数	还没证明是数学 / 数值 / 统计 / 格式 ⇒ 当成拍的数,要换成量出来的(或者证明它不是)
contact-grasp.adb	Dl.Append (Arctan (Long_Float'Max (Sigma, 0.5 * Pitch) / Long_Float'Max (Pitch, Half)));	0.5	调参数	还没证明是数学 / 数值 / 统计 / 格式 ⇒ 当成拍的数,要换成量出来的(或者证明它不是)
contact-grasp.adb	Ext : constant Long_Float := 3.0 * Pitch_In;	3.0	调参数	还没证明是数学 / 数值 / 统计 / 格式 ⇒ 当成拍的数,要换成量出来的(或者证明它不是)
contact-grasp.adb	Face_A : constant V3 := [Tip_A (0) + 0.5 * Thick * U (0), Tip_A (1) + 0.5 * Thick * U (1), Tip_A (2) + 0.5 * Thick * U (2)];	0.5	调参数	还没证明是数学 / 数值 / 统计 / 格式 ⇒ 当成拍的数,要换成量出来的(或者证明它不是)
contact-grasp.adb	Face_A : constant V3 := [Tip_A (0) + 0.5 * Thick * U (0), Tip_A (1) + 0.5 * Thick * U (1), Tip_A (2) + 0.5 * Thick * U (2)];	0.5	调参数	还没证明是数学 / 数值 / 统计 / 格式 ⇒ 当成拍的数,要换成量出来的(或者证明它不是)
contact-grasp.adb	Face_A : constant V3 := [Tip_A (0) + 0.5 * Thick * U (0), Tip_A (1) + 0.5 * Thick * U (1), Tip_A (2) + 0.5 * Thick * U (2)];	0.5	调参数	还没证明是数学 / 数值 / 统计 / 格式 ⇒ 当成拍的数,要换成量出来的(或者证明它不是)
contact-grasp.adb	Face_B : constant V3 := [Tip_B (0) - 0.5 * Thick * U (0), Tip_B (1) - 0.5 * Thick * U (1), Tip_B (2) - 0.5 * Thick * U (2)];	0.5	调参数	还没证明是数学 / 数值 / 统计 / 格式 ⇒ 当成拍的数,要换成量出来的(或者证明它不是)
contact-grasp.adb	Face_B : constant V3 := [Tip_B (0) - 0.5 * Thick * U (0), Tip_B (1) - 0.5 * Thick * U (1), Tip_B (2) - 0.5 * Thick * U (2)];	0.5	调参数	还没证明是数学 / 数值 / 统计 / 格式 ⇒ 当成拍的数,要换成量出来的(或者证明它不是)
contact-grasp.adb	Face_B : constant V3 := [Tip_B (0) - 0.5 * Thick * U (0), Tip_B (1) - 0.5 * Thick * U (1), Tip_B (2) - 0.5 * Thick * U (2)];	0.5	调参数	还没证明是数学 / 数值 / 统计 / 格式 ⇒ 当成拍的数,要换成量出来的(或者证明它不是)
contact-grasp.adb	G_Tol : constant Long_Float := 0.5 * Long_Float'Max (Sigma, 0.5 * Pitch_In) / Pitch_In;	0.5	调参数	还没证明是数学 / 数值 / 统计 / 格式 ⇒ 当成拍的数,要换成量出来的(或者证明它不是)
contact-grasp.adb	G_Tol : constant Long_Float := 0.5 * Long_Float'Max (Sigma, 0.5 * Pitch_In) / Pitch_In;	0.5	调参数	还没证明是数学 / 数值 / 统计 / 格式 ⇒ 当成拍的数,要换成量出来的(或者证明它不是)
contact-grasp.adb	Half : constant Long_Float := 0.5 * (Norm (D) - Thick);	0.5	数学	求中点 / 一半
contact-grasp.adb	Hh : constant Long_Float := 0.5 * Long_Float'Min (H_Hi - H_Lo, 2.0 * Hw);	0.5	调参数	还没证明是数学 / 数值 / 统计 / 格式 ⇒ 当成拍的数,要换成量出来的(或者证明它不是)
contact-grasp.adb	Hh : constant Long_Float := 0.5 * Long_Float'Min (H_Hi - H_Lo, 2.0 * Hw);	2.0	调参数	还没证明是数学 / 数值 / 统计 / 格式 ⇒ 当成拍的数,要换成量出来的(或者证明它不是)
contact-grasp.adb	Hw : constant Long_Float := 0.5 * H.Pads (Ip).Width;	0.5	调参数	还没证明是数学 / 数值 / 统计 / 格式 ⇒ 当成拍的数,要换成量出来的(或者证明它不是)
contact-grasp.adb	Hw : constant Long_Float := 0.5 * H.Pads (Ip).Width;	0.5	调参数	还没证明是数学 / 数值 / 统计 / 格式 ⇒ 当成拍的数,要换成量出来的(或者证明它不是)
contact-grasp.adb	Hw : constant Long_Float := 0.5 * H.Pads (Ip).Width;	0.5	调参数	还没证明是数学 / 数值 / 统计 / 格式 ⇒ 当成拍的数,要换成量出来的(或者证明它不是)
contact-grasp.adb	Hw0 : constant Long_Float := 0.5 * H.Pads (Ip).Width;	0.5	调参数	还没证明是数学 / 数值 / 统计 / 格式 ⇒ 当成拍的数,要换成量出来的(或者证明它不是)
contact-grasp.adb	Hw2 : constant Long_Float := 0.5 * (W_Hi - W_Lo);	0.5	数学	求中点 / 一半
contact-grasp.adb	Max_Scan : constant := 1500;	1500	调参数	还没证明是数学 / 数值 / 统计 / 格式 ⇒ 当成拍的数,要换成量出来的(或者证明它不是)
contact-grasp.adb	Mid : constant V3 := [0.5 * (Tip_A (0) + Tip_B (0)), 0.5 * (Tip_A (1) + Tip_B (1)), 0.5 * (Tip_A (2) + Tip_B (2))];	0.5	数学	求中点 / 一半
contact-grasp.adb	Mid : constant V3 := [0.5 * (Tip_A (0) + Tip_B (0)), 0.5 * (Tip_A (1) + Tip_B (1)), 0.5 * (Tip_A (2) + Tip_B (2))];	0.5	数学	求中点 / 一半
contact-grasp.adb	Mid : constant V3 := [0.5 * (Tip_A (0) + Tip_B (0)), 0.5 * (Tip_A (1) + Tip_B (1)), 0.5 * (Tip_A (2) + Tip_B (2))];	0.5	数学	求中点 / 一半
contact-grasp.adb	Ok_Pose := False; Why := 2;	2	调参数	还没证明是数学 / 数值 / 统计 / 格式 ⇒ 当成拍的数,要换成量出来的(或者证明它不是)
contact-grasp.adb	Ok_Pose := False; Why := 3;	3	调参数	还没证明是数学 / 数值 / 统计 / 格式 ⇒ 当成拍的数,要换成量出来的(或者证明它不是)
contact-grasp.adb	Ok_Pose := False; Why := 4;	4	调参数	还没证明是数学 / 数值 / 统计 / 格式 ⇒ 当成拍的数,要换成量出来的(或者证明它不是)
contact-grasp.adb	Ok_Pose := False; Why := 5;	5	调参数	还没证明是数学 / 数值 / 统计 / 格式 ⇒ 当成拍的数,要换成量出来的(或者证明它不是)
contact-grasp.adb	Ok_Pose := False; Why := 5;	5	调参数	还没证明是数学 / 数值 / 统计 / 格式 ⇒ 当成拍的数,要换成量出来的(或者证明它不是)
contact-grasp.adb	Ph : constant Long_Float := 2.0 * Pi * Long_Float (Az) / Long_Float (Azims);	2.0	数学	π 的倍数 / 弧度换算
contact-grasp.adb	Phi : constant Long_Float := 2.0 * Pi * Long_Float (Ri) / Long_Float (Rots);	2.0	数学	π 的倍数 / 弧度换算
contact-grasp.adb	Rots : constant := 32;	32	调参数	还没证明是数学 / 数值 / 统计 / 格式 ⇒ 当成拍的数,要换成量出来的(或者证明它不是)
contact-grasp.adb	Seed : constant V3 := (if abs U (0) < 0.9 then [1.0, 0.0, 0.0] else [0.0, 1.0, 0.0]);	0.9	调参数	还没证明是数学 / 数值 / 统计 / 格式 ⇒ 当成拍的数,要换成量出来的(或者证明它不是)
contact-grasp.adb	Span := Long_Float'Max (Span, 2.0 * Norm (Sub (Pd.Tip, Mid_H)));	2.0	调参数	还没证明是数学 / 数值 / 统计 / 格式 ⇒ 当成拍的数,要换成量出来的(或者证明它不是)
contact-grasp.adb	Span_Steps : constant := 8;	8	调参数	还没证明是数学 / 数值 / 统计 / 格式 ⇒ 当成拍的数,要换成量出来的(或者证明它不是)
contact-grasp.adb	Sy : constant Long_Float := Long_Float'Max (Pitch, 0.5 * Pad_W);	0.5	调参数	还没证明是数学 / 数值 / 统计 / 格式 ⇒ 当成拍的数,要换成量出来的(或者证明它不是)
contact-grasp.adb	Tilt : constant Long_Float := Long_Float (Ti) * Pi / Long_Float (2 * Tilt_Steps);	2	数学	π 的倍数 / 弧度换算
contact-grasp.adb	Tilt_Steps : constant := 3;	3	调参数	还没证明是数学 / 数值 / 统计 / 格式 ⇒ 当成拍的数,要换成量出来的(或者证明它不是)
contact-grasp.adb	Top : constant := 200;	200	调参数	还没证明是数学 / 数值 / 统计 / 格式 ⇒ 当成拍的数,要换成量出来的(或者证明它不是)
contact-grasp.adb	X => Integer (Long_Float'Floor (M (0) / (0.5 * Pitch))),	0.5	调参数	还没证明是数学 / 数值 / 统计 / 格式 ⇒ 当成拍的数,要换成量出来的(或者证明它不是)
contact-grasp.adb	X0 : V3 := Add (Com, Add (Scl (X_Lo - 0.5 * Span + Sx * Long_Float (Gx), J), Scl (Y_Lo - 0.5 * Pad_W + Sy * Long_Float (Gy), Kx)));	0.5	调参数	还没证明是数学 / 数值 / 统计 / 格式 ⇒ 当成拍的数,要换成量出来的(或者证明它不是)
contact-grasp.adb	X0 : V3 := Add (Com, Add (Scl (X_Lo - 0.5 * Span + Sx * Long_Float (Gx), J), Scl (Y_Lo - 0.5 * Pad_W + Sy * Long_Float (Gy), Kx)));	0.5	调参数	还没证明是数学 / 数值 / 统计 / 格式 ⇒ 当成拍的数,要换成量出来的(或者证明它不是)
contact-grasp.adb	Y => Integer (Long_Float'Floor (M (1) / (0.5 * Pitch))),	0.5	调参数	还没证明是数学 / 数值 / 统计 / 格式 ⇒ 当成拍的数,要换成量出来的(或者证明它不是)
contact-grasp.adb	Z => Integer (Long_Float'Floor (M (2) / (0.5 * Pitch))));	0.5	调参数	还没证明是数学 / 数值 / 统计 / 格式 ⇒ 当成拍的数,要换成量出来的(或者证明它不是)
contact-grasp.adb	for Pass in 1 .. 3 loop	3	调参数	还没证明是数学 / 数值 / 统计 / 格式 ⇒ 当成拍的数,要换成量出来的(或者证明它不是)
contact-grasp.adb	if -Dot (Q, A) > H.Reach_In and then abs Dot (Q, J) <= 0.5 * Span + Po and then abs Dot (Q, Kx) <= 0.5 * Pad_W + Po then	0.5	调参数	还没证明是数学 / 数值 / 统计 / 格式 ⇒ 当成拍的数,要换成量出来的(或者证明它不是)
contact-grasp.adb	if -Dot (Q, A) > H.Reach_In and then abs Dot (Q, J) <= 0.5 * Span + Po and then abs Dot (Q, Kx) <= 0.5 * Pad_W + Po then	0.5	调参数	还没证明是数学 / 数值 / 统计 / 格式 ⇒ 当成拍的数,要换成量出来的(或者证明它不是)
contact-grasp.adb	if -Dot (Q, A) > H.Reach_In and then abs Dot (Q, J) <= 0.5 * Span and then abs Dot (Q, Kx) <= 0.5 * Pad_W then	0.5	调参数	还没证明是数学 / 数值 / 统计 / 格式 ⇒ 当成拍的数,要换成量出来的(或者证明它不是)
contact-grasp.adb	if -Dot (Q, A) > H.Reach_In and then abs Dot (Q, J) <= 0.5 * Span and then abs Dot (Q, Kx) <= 0.5 * Pad_W then	0.5	调参数	还没证明是数学 / 数值 / 统计 / 格式 ⇒ 当成拍的数,要换成量出来的(或者证明它不是)
contact-grasp.adb	if N_Hit < 2 then	2	调参数	还没证明是数学 / 数值 / 统计 / 格式 ⇒ 当成拍的数,要换成量出来的(或者证明它不是)
contact-grasp.adb	if Nh >= 2 then	2	调参数	还没证明是数学 / 数值 / 统计 / 格式 ⇒ 当成拍的数,要换成量出来的(或者证明它不是)
contact-grasp.adb	if Pass = 3 then	3	调参数	还没证明是数学 / 数值 / 统计 / 格式 ⇒ 当成拍的数,要换成量出来的(或者证明它不是)
contact-grasp.adb	if abs Dot (Q, Ww (Ip)) <= Hw0 and then Sh >= -Pitch and then Sh <= H.Reach_In and then Sd > 0.0 and then Sd <= Trav (Ip) + 0.5 * Pitch then	0.5	调参数	还没证明是数学 / 数值 / 统计 / 格式 ⇒ 当成拍的数,要换成量出来的(或者证明它不是)
contact-grasp.adb	if abs Dx >= 0.5 * Pitch_In and then abs Dx <= 2.5 * Pitch_In then	0.5	调参数	还没证明是数学 / 数值 / 统计 / 格式 ⇒ 当成拍的数,要换成量出来的(或者证明它不是)
contact-grasp.adb	if abs Dx >= 0.5 * Pitch_In and then abs Dx <= 2.5 * Pitch_In then	2.5	调参数	还没证明是数学 / 数值 / 统计 / 格式 ⇒ 当成拍的数,要换成量出来的(或者证明它不是)
contact-grasp.adb	if not H.Valid or else Np0 < 8 or else Pitch <= 0.0 or else not Oku or else H.Pads.Length < 2 then	2	调参数	还没证明是数学 / 数值 / 统计 / 格式 ⇒ 当成拍的数,要换成量出来的(或者证明它不是)
contact-grasp.adb	if not H.Valid or else Np0 < 8 or else Pitch <= 0.0 or else not Oku or else H.Pads.Length < 2 then	8	调参数	还没证明是数学 / 数值 / 统计 / 格式 ⇒ 当成拍的数,要换成量出来的(或者证明它不是)
contact-grasp.adb	return Hs (Natural (Hs.Length) / 2);	2	数学	求中点 / 一半
contact-hold.adb	Edges : constant := 8;	8	调参数	还没证明是数学 / 数值 / 统计 / 格式 ⇒ 当成拍的数,要换成量出来的(或者证明它不是)
contact-hold.adb	Eps : constant := 1.0e-10;	1.0e-10	调参数	还没证明是数学 / 数值 / 统计 / 格式 ⇒ 当成拍的数,要换成量出来的(或者证明它不是)
contact-hold.adb	Hi : Long_Float := 1.0 / 64.0;	64.0	调参数	还没证明是数学 / 数值 / 统计 / 格式 ⇒ 当成拍的数,要换成量出来的(或者证明它不是)
contact-hold.adb	Hi := 2.0 * Hi;	2.0	调参数	还没证明是数学 / 数值 / 统计 / 格式 ⇒ 当成拍的数,要换成量出来的(或者证明它不是)
contact-hold.adb	Max_Pivots : constant Natural := 50 * (Rows + Cols);	50	调参数	还没证明是数学 / 数值 / 统计 / 格式 ⇒ 当成拍的数,要换成量出来的(或者证明它不是)
contact-hold.adb	Mid : constant Long_Float := 0.5 * (Lo + Hi);	0.5	数学	求中点 / 一半
contact-hold.adb	Min_Sum (A, 6, Per, B, Obj, Ok);	6	调参数	还没证明是数学 / 数值 / 统计 / 格式 ⇒ 当成拍的数,要换成量出来的(或者证明它不是)
contact-hold.adb	Per := Per + Edges + (if T.Twist_R > 0.0 then 2 else 0);	2	调参数	还没证明是数学 / 数值 / 统计 / 格式 ⇒ 当成拍的数,要换成量出来的(或者证明它不是)
contact-hold.adb	Seed : constant V3 := (if abs N (0) < 0.9 then [1.0, 0.0, 0.0] else [0.0, 1.0, 0.0]);	0.9	调参数	还没证明是数学 / 数值 / 统计 / 格式 ⇒ 当成拍的数,要换成量出来的(或者证明它不是)
contact-hold.adb	Th : constant Long_Float := 2.0 * Pi * Long_Float (K) / Long_Float (Edges);	2.0	数学	π 的倍数 / 弧度换算
contact-hold.adb	for It in 1 .. 30 loop	30	调参数	还没证明是数学 / 数值 / 统计 / 格式 ⇒ 当成拍的数,要换成量出来的(或者证明它不是)
contact-hold.adb	if Len <= 1.0e-12 then	1.0e-12	数值	浮点的防除零 / 数值容差(不描述身体和世界)
contact-hold.adb	if not Done or else -T (0, Nc) > 1.0e-9 * Long_Float'Max (1.0, Scale) then	1.0e-9	数值	浮点的防除零 / 数值容差(不描述身体和世界)
contact-hold.ads	Mu_Top : constant := 64.0;	64.0	调参数	还没证明是数学 / 数值 / 统计 / 格式 ⇒ 当成拍的数,要换成量出来的(或者证明它不是)
contact-surface.adb	Ib := Ib + 3 * Stp;	3	调参数	还没证明是数学 / 数值 / 统计 / 格式 ⇒ 当成拍的数,要换成量出来的(或者证明它不是)
contact-surface.adb	Ic := Ic + 7 * Stp;	7	调参数	还没证明是数学 / 数值 / 统计 / 格式 ⇒ 当成拍的数,要换成量出来的(或者证明它不是)
contact-surface.adb	Side : constant Long_Float := 2.0 * Pitch;	2.0	调参数	还没证明是数学 / 数值 / 统计 / 格式 ⇒ 当成拍的数,要换成量出来的(或者证明它不是)
contact-surface.adb	Stp : constant Long_Float := Long_Float'Max (Step_M, 1.0e-4);	1.0e-4	数值	浮点的防除零 / 数值容差(不描述身体和世界)
contact-surface.adb	Stp : constant Natural := Natural'Max (N / 17, 1);	17	调参数	还没证明是数学 / 数值 / 统计 / 格式 ⇒ 当成拍的数,要换成量出来的(或者证明它不是)
contact-surface.adb	exit when K < 3;	3	调参数	还没证明是数学 / 数值 / 统计 / 格式 ⇒ 当成拍的数,要换成量出来的(或者证明它不是)
contact-surface.adb	for It in 1 .. 30 loop	30	调参数	还没证明是数学 / 数值 / 统计 / 格式 ⇒ 当成拍的数,要换成量出来的(或者证明它不是)
contact-surface.adb	for Round in 1 .. 2 loop	2	调参数	还没证明是数学 / 数值 / 统计 / 格式 ⇒ 当成拍的数,要换成量出来的(或者证明它不是)
contact-surface.adb	if Cnt < 3 then	3	调参数	还没证明是数学 / 数值 / 统计 / 格式 ⇒ 当成拍的数,要换成量出来的(或者证明它不是)
contact-surface.adb	if Natural (Pts.Length) < 16 then	16	调参数	还没证明是数学 / 数值 / 统计 / 格式 ⇒ 当成拍的数,要换成量出来的(或者证明它不是)
contact-surface.adb	if Natural (Pts.Length) < 16 then	16	调参数	还没证明是数学 / 数值 / 统计 / 格式 ⇒ 当成拍的数,要换成量出来的(或者证明它不是)
contact-surface.adb	if abs Den < 1.0e-12 then	1.0e-12	数值	浮点的防除零 / 数值容差(不描述身体和世界)
contact-surface.adb	return [0.5 * (Pa (0) + Pb (0)), 0.5 * (Pa (1) + Pb (1)), 0.5 * (Pa (2) + Pb (2))];	0.5	数学	求中点 / 一半
contact-surface.adb	return [0.5 * (Pa (0) + Pb (0)), 0.5 * (Pa (1) + Pb (1)), 0.5 * (Pa (2) + Pb (2))];	0.5	数学	求中点 / 一半
contact-surface.adb	return [0.5 * (Pa (0) + Pb (0)), 0.5 * (Pa (1) + Pb (1)), 0.5 * (Pa (2) + Pb (2))];	0.5	数学	求中点 / 一半
contact-surface.adb	while Long_Float (K) * Pitch < H - 0.5 * Pitch loop	0.5	调参数	还没证明是数学 / 数值 / 统计 / 格式 ⇒ 当成拍的数,要换成量出来的(或者证明它不是)
contact.adb	Edges : constant := 8;	8	调参数	还没证明是数学 / 数值 / 统计 / 格式 ⇒ 当成拍的数,要换成量出来的(或者证明它不是)
contact.adb	Phi : constant Long_Float := 2.0 * Pi * Long_Float (K) / Long_Float (Edges);	2.0	数学	π 的倍数 / 弧度换算
contact.adb	Seed : constant V3 := (if abs N (0) < 0.9 then [1.0, 0.0, 0.0] else [0.0, 1.0, 0.0]);	0.9	调参数	还没证明是数学 / 数值 / 统计 / 格式 ⇒ 当成拍的数,要换成量出来的(或者证明它不是)
contact.adb	Step := (if Lip > 1.0e-12 then 1.0 / Lip else 1.0);	1.0e-12	数值	浮点的防除零 / 数值容差(不描述身体和世界)
contact.adb	T2 : constant Long_Float := 0.5 * (1.0 + Sqrt (1.0 + 4.0 * T * T));	0.5	数学	求中点 / 一半
contact.adb	T2 : constant Long_Float := 0.5 * (1.0 + Sqrt (1.0 + 4.0 * T * T));	4.0	调参数	还没证明是数学 / 数值 / 统计 / 格式 ⇒ 当成拍的数,要换成量出来的(或者证明它不是)
contact.adb	for It in 1 .. 20000 loop	20000	调参数	还没证明是数学 / 数值 / 统计 / 格式 ⇒ 当成拍的数,要换成量出来的(或者证明它不是)
contact.adb	function Moving (T : Twist) return Boolean is (Norm (T.Lin) > 1.0e-9 or else Angle (T) > 1.0e-9);	1.0e-9	数值	浮点的防除零 / 数值容差(不描述身体和世界)
contact.adb	function Moving (T : Twist) return Boolean is (Norm (T.Lin) > 1.0e-9 or else Angle (T) > 1.0e-9);	1.0e-9	数值	浮点的防除零 / 数值容差(不描述身体和世界)
contact.adb	if Angle (S.Motion) > 1.0e-9 then	1.0e-9	数值	浮点的防除零 / 数值容差(不描述身体和世界)
contact.adb	if L <= 1.0e-9 then	1.0e-9	数值	浮点的防除零 / 数值容差(不描述身体和世界)
contact.adb	if M > 1.0e-12 then	1.0e-12	数值	浮点的防除零 / 数值容差(不描述身体和世界)
contact.adb	if N'Valid and then N > 1.0e-12 then	1.0e-12	数值	浮点的防除零 / 数值容差(不描述身体和世界)
contact.adb	if Nd < 1.0e-12 then	1.0e-12	数值	浮点的防除零 / 数值容差(不描述身体和世界)
contact.adb	if Res < 1.0e-7 then	1.0e-7	数值	浮点的防除零 / 数值容差(不描述身体和世界)
contact.adb	if Th >= 1.0e-12 then	1.0e-12	数值	浮点的防除零 / 数值容差(不描述身体和世界)
contact.adb	if abs (Last - Res) < 1.0e-14 * Long_Float'Max (Last, 1.0) then	1.0e-14	数值	浮点的防除零 / 数值容差(不描述身体和世界)
contact.adb	return Arccos (Long_Float'Max (-1.0, Long_Float'Min (1.0, Dot (A, D)))) <= K.Half_Angle + 1.0e-9;	1.0e-9	数值	浮点的防除零 / 数值容差(不描述身体和世界)
contact.adb	return N'Valid and then N > 1.0e-12;	1.0e-12	数值	浮点的防除零 / 数值容差(不描述身体和世界)
contact.adb	return Res < 1.0e-4;	1.0e-4	数值	浮点的防除零 / 数值容差(不描述身体和世界)
flow.adb	+ (Du (I - W - 1) + Du (I - W + 1) + Du (I + W - 1) + Du (I + W + 1)) / 12.0;	12.0	调参数	还没证明是数学 / 数值 / 统计 / 格式 ⇒ 当成拍的数,要换成量出来的(或者证明它不是)
flow.adb	+ (Dv (I - W - 1) + Dv (I - W + 1) + Dv (I + W - 1) + Dv (I + W + 1)) / 12.0;	12.0	调参数	还没证明是数学 / 数值 / 统计 / 格式 ⇒ 当成拍的数,要换成量出来的(或者证明它不是)
flow.adb	A : constant Natural := 2 * X;	2	调参数	还没证明是数学 / 数值 / 统计 / 格式 ⇒ 当成拍的数,要换成量出来的(或者证明它不是)
flow.adb	Alpha2 := (if N < 1.0 then 1.0 else F32'Max (1.0e-3, Sum / N));	1.0e-3	数值	浮点的防除零 / 数值容差(不描述身体和世界)
flow.adb	Au (I) := (Du (I - 1) + Du (I + 1) + Du (I - W) + Du (I + W)) / 6.0	6.0	调参数	还没证明是数学 / 数值 / 统计 / 格式 ⇒ 当成拍的数,要换成量出来的(或者证明它不是)
flow.adb	Av (I) := (Dv (I - 1) + Dv (I + 1) + Dv (I - W) + Dv (I + W)) / 6.0	6.0	调参数	还没证明是数学 / 数值 / 统计 / 格式 ⇒ 当成拍的数,要换成量出来的(或者证明它不是)
flow.adb	B : constant Natural := 2 * Y;	2	调参数	还没证明是数学 / 数值 / 统计 / 格式 ⇒ 当成拍的数,要换成量出来的(或者证明它不是)
flow.adb	Dst (Y * Nw + X) := 0.25 * (Src (B * W + A) + Src (B * W + A + 1) + Src ((B + 1) * W + A) + Src ((B + 1) * W + A + 1));	0.25	调参数	还没证明是数学 / 数值 / 统计 / 格式 ⇒ 当成拍的数,要换成量出来的(或者证明它不是)
flow.adb	Dst (Y * Nw + X) := Sample_At (U, W, H, F32 (X) * 0.5, F32 (Y) * 0.5) * 2.0;	0.5	调参数	还没证明是数学 / 数值 / 统计 / 格式 ⇒ 当成拍的数,要换成量出来的(或者证明它不是)
flow.adb	Dst (Y * Nw + X) := Sample_At (U, W, H, F32 (X) * 0.5, F32 (Y) * 0.5) * 2.0;	0.5	调参数	还没证明是数学 / 数值 / 统计 / 格式 ⇒ 当成拍的数,要换成量出来的(或者证明它不是)
flow.adb	Dst (Y * Nw + X) := Sample_At (U, W, H, F32 (X) * 0.5, F32 (Y) * 0.5) * 2.0;	2.0	调参数	还没证明是数学 / 数值 / 统计 / 格式 ⇒ 当成拍的数,要换成量出来的(或者证明它不是)
flow.adb	Gx : constant F32 := 0.5 * (I0 (I + 1) - I0 (I - 1));	0.5	数学	求中点 / 一半
flow.adb	Gy : constant F32 := 0.5 * (I0 (I + W) - I0 (I - W));	0.5	数学	求中点 / 一半
flow.adb	Ix (I) := 0.25 * (I1 (I + 1) - I1 (I - 1) + I2 (I + 1) - I2 (I - 1));	0.25	调参数	还没证明是数学 / 数值 / 统计 / 格式 ⇒ 当成拍的数,要换成量出来的(或者证明它不是)
flow.adb	Iy (I) := 0.25 * (I1 (I + W) - I1 (I - W) + I2 (I + W) - I2 (I - W));	0.25	调参数	还没证明是数学 / 数值 / 统计 / 格式 ⇒ 当成拍的数,要换成量出来的(或者证明它不是)
flow.adb	Nw := W / 2; Nh := H / 2;	2	数学	求中点 / 一半
flow.adb	Nw := W / 2; Nh := H / 2;	2	数学	求中点 / 一半
flow.adb	exit when Cw < 16 or else Ch < 16;	16	调参数	还没证明是数学 / 数值 / 统计 / 格式 ⇒ 当成拍的数,要换成量出来的(或者证明它不是)
flow.adb	exit when Cw < 16 or else Ch < 16;	16	调参数	还没证明是数学 / 数值 / 统计 / 格式 ⇒ 当成拍的数,要换成量出来的(或者证明它不是)
flow.adb	for X in 1 .. W - 2 loop	2	调参数	还没证明是数学 / 数值 / 统计 / 格式 ⇒ 当成拍的数,要换成量出来的(或者证明它不是)
flow.adb	for X in 1 .. W - 2 loop	2	调参数	还没证明是数学 / 数值 / 统计 / 格式 ⇒ 当成拍的数,要换成量出来的(或者证明它不是)
flow.adb	for X in 1 .. W - 2 loop	2	调参数	还没证明是数学 / 数值 / 统计 / 格式 ⇒ 当成拍的数,要换成量出来的(或者证明它不是)
flow.adb	for X in 1 .. W - 2 loop	2	调参数	还没证明是数学 / 数值 / 统计 / 格式 ⇒ 当成拍的数,要换成量出来的(或者证明它不是)
flow.adb	for Y in 1 .. H - 2 loop	2	调参数	还没证明是数学 / 数值 / 统计 / 格式 ⇒ 当成拍的数,要换成量出来的(或者证明它不是)
flow.adb	for Y in 1 .. H - 2 loop	2	调参数	还没证明是数学 / 数值 / 统计 / 格式 ⇒ 当成拍的数,要换成量出来的(或者证明它不是)
flow.adb	for Y in 1 .. H - 2 loop	2	调参数	还没证明是数学 / 数值 / 统计 / 格式 ⇒ 当成拍的数,要换成量出来的(或者证明它不是)
flow.adb	for Y in 1 .. H - 2 loop	2	调参数	还没证明是数学 / 数值 / 统计 / 格式 ⇒ 当成拍的数,要换成量出来的(或者证明它不是)
flow.adb	if W < 8 or else H < 8 or else Natural (A.Length) < W * H or else Natural (B.Length) < W * H then	8	调参数	还没证明是数学 / 数值 / 统计 / 格式 ⇒ 当成拍的数,要换成量出来的(或者证明它不是)
flow.adb	if W < 8 or else H < 8 or else Natural (A.Length) < W * H or else Natural (B.Length) < W * H then	8	调参数	还没证明是数学 / 数值 / 统计 / 格式 ⇒ 当成拍的数,要换成量出来的(或者证明它不是)
geom.adb	"""""" & (if G.Fixed then "" else "") & """""" & Codec.Fmt (G.Pos (0), 5) & "" & Codec.Fmt (G.Pos (1), 5) & "" & Codec.Fmt (G.Pos (2), 5) & ""	5	格式	日志 / 给脑的话里印几位小数
geom.adb	"""""" & (if G.Fixed then "" else "") & """""" & Codec.Fmt (G.Pos (0), 5) & "" & Codec.Fmt (G.Pos (1), 5) & "" & Codec.Fmt (G.Pos (2), 5) & ""	5	格式	日志 / 给脑的话里印几位小数
geom.adb	"""""" & (if G.Fixed then "" else "") & """""" & Codec.Fmt (G.Pos (0), 5) & "" & Codec.Fmt (G.Pos (1), 5) & "" & Codec.Fmt (G.Pos (2), 5) & ""	5	格式	日志 / 给脑的话里印几位小数
geom.adb	"""""" & Codec.Fmt (G.F, 4) & """""" & Codec.Fmt (G.Cx, 3) & """""" & Codec.Fmt (G.Cy, 3) & """""" & Codec.Fmt (G.K1, 6)	3	格式	日志 / 给脑的话里印几位小数
geom.adb	"""""" & Codec.Fmt (G.F, 4) & """""" & Codec.Fmt (G.Cx, 3) & """""" & Codec.Fmt (G.Cy, 3) & """""" & Codec.Fmt (G.K1, 6)	3	格式	日志 / 给脑的话里印几位小数
geom.adb	"""""" & Codec.Fmt (G.F, 4) & """""" & Codec.Fmt (G.Cx, 3) & """""" & Codec.Fmt (G.Cy, 3) & """""" & Codec.Fmt (G.K1, 6)	4	格式	日志 / 给脑的话里印几位小数
geom.adb	"""""" & Codec.Fmt (G.F, 4) & """""" & Codec.Fmt (G.Cx, 3) & """""" & Codec.Fmt (G.Cy, 3) & """""" & Codec.Fmt (G.K1, 6)	6	格式	日志 / 给脑的话里印几位小数
geom.adb	"""""" & Codec.Fmt (G.F_Meas, 3) & """""" & Codec.Fmt (G.F_Prior, 3) & """""" & Codec.Fmt (G.F_Prior_Sd, 3) &	3	格式	日志 / 给脑的话里印几位小数
geom.adb	"""""" & Codec.Fmt (G.F_Meas, 3) & """""" & Codec.Fmt (G.F_Prior, 3) & """""" & Codec.Fmt (G.F_Prior_Sd, 3) &	3	格式	日志 / 给脑的话里印几位小数
geom.adb	"""""" & Codec.Fmt (G.F_Meas, 3) & """""" & Codec.Fmt (G.F_Prior, 3) & """""" & Codec.Fmt (G.F_Prior_Sd, 3) &	3	格式	日志 / 给脑的话里印几位小数
geom.adb	"""""" & Codec.Fmt (G.Off (0), 5) & "" & Codec.Fmt (G.Off (1), 5) & "" & Codec.Fmt (G.Off (2), 5) & "" &	5	格式	日志 / 给脑的话里印几位小数
geom.adb	"""""" & Codec.Fmt (G.Off (0), 5) & "" & Codec.Fmt (G.Off (1), 5) & "" & Codec.Fmt (G.Off (2), 5) & "" &	5	格式	日志 / 给脑的话里印几位小数
geom.adb	"""""" & Codec.Fmt (G.Off (0), 5) & "" & Codec.Fmt (G.Off (1), 5) & "" & Codec.Fmt (G.Off (2), 5) & "" &	5	格式	日志 / 给脑的话里印几位小数
geom.adb	& "" & Codec.Fmt (G.Rot_Sd, 3) & "" & Codec.Fmt (G.Off_Sd, 3) & ""	3	格式	日志 / 给脑的话里印几位小数
geom.adb	& "" & Codec.Fmt (G.Rot_Sd, 3) & "" & Codec.Fmt (G.Off_Sd, 3) & ""	3	格式	日志 / 给脑的话里印几位小数
geom.adb	& """""" & Codec.Fmt (G.K2, 6) & """""" & Codec.Fmt (G.Rms, 3) & """""");	3	格式	日志 / 给脑的话里印几位小数
geom.adb	& """""" & Codec.Fmt (G.K2, 6) & """""" & Codec.Fmt (G.Rms, 3) & """""");	6	格式	日志 / 给脑的话里印几位小数
geom.adb	& """""" & Codec.Fmt (G.Tip_Sd, 6) & """""");	6	格式	日志 / 给脑的话里印几位小数
geom.adb	& """""" & Codec.Fmt (Lg.Wide, 6) & """""" & Codec.Fmt (Lg.Thin, 6) & "");	6	格式	日志 / 给脑的话里印几位小数
geom.adb	& """""" & Codec.Fmt (Lg.Wide, 6) & """""" & Codec.Fmt (Lg.Thin, 6) & "");	6	格式	日志 / 给脑的话里印几位小数
geom.adb	& Codec.Fmt (P (Np - 1), 1) & "" & Codec.Fmt (G.F_Sd, 1) & "" & Codec.Fmt (G.Rot_Sd, 3) & "" & Px_Note (P) & "");	3	格式	日志 / 给脑的话里印几位小数
geom.adb	A (K, K) := A (K, K) * (1.0 + Lam) + 1.0e-12;	1.0e-12	调参数	还没证明是数学 / 数值 / 统计 / 格式 ⇒ 当成拍的数,要换成量出来的(或者证明它不是)
geom.adb	Ada.Numerics.Float_Random.Reset (Gen, 11);	11	调参数	还没证明是数学 / 数值 / 统计 / 格式 ⇒ 当成拍的数,要换成量出来的(或者证明它不是)
geom.adb	Append (B, """""" & (if G.Tip_Valid then "" else "") & """""" & (if G.Tip_Touch then "" else "") & """""" & Codec.Fmt (G.Tip (0), 5) & "" & Codec.Fmt (G.Tip (1), 5) & "" &	5	格式	日志 / 给脑的话里印几位小数
geom.adb	Append (B, """""" & (if G.Tip_Valid then "" else "") & """""" & (if G.Tip_Touch then "" else "") & """""" & Codec.Fmt (G.Tip (0), 5) & "" & Codec.Fmt (G.Tip (1), 5) & "" &	5	格式	日志 / 给脑的话里印几位小数
geom.adb	Append (B, (if I + J > 0 then "" else "") & Codec.Fmt (G.R_Ce (I, J), 7));	7	格式	日志 / 给脑的话里印几位小数
geom.adb	Append (B, (if Li > 0 then "" else "") & """""" & Codec.Fmt (Lg.Tip (0), 6) & "" & Codec.Fmt (Lg.Tip (1), 6) & "" & Codec.Fmt (Lg.Tip (2), 6)	6	格式	日志 / 给脑的话里印几位小数
geom.adb	Append (B, (if Li > 0 then "" else "") & """""" & Codec.Fmt (Lg.Tip (0), 6) & "" & Codec.Fmt (Lg.Tip (1), 6) & "" & Codec.Fmt (Lg.Tip (2), 6)	6	格式	日志 / 给脑的话里印几位小数
geom.adb	Append (B, (if Li > 0 then "" else "") & """""" & Codec.Fmt (Lg.Tip (0), 6) & "" & Codec.Fmt (Lg.Tip (1), 6) & "" & Codec.Fmt (Lg.Tip (2), 6)	6	格式	日志 / 给脑的话里印几位小数
geom.adb	Axis : constant V3 := (if Sn > 1.0e-9 then [Cr (0) / Sn, Cr (1) / Sn, Cr (2) / Sn]	1.0e-9	数值	浮点的防除零 / 数值容差(不描述身体和世界)
geom.adb	Axis_Sd : constant Long_Float := G0.Off_Sd / Sqrt (3.0);	3.0	调参数	还没证明是数学 / 数值 / 统计 / 格式 ⇒ 当成拍的数,要换成量出来的(或者证明它不是)
geom.adb	B : constant Natural := Base + 3 * Natural (Slot (K));	3	调参数	还没证明是数学 / 数值 / 统计 / 格式 ⇒ 当成拍的数,要换成量出来的(或者证明它不是)
geom.adb	B : constant Natural := Base + 3 * Natural (Slot (Ob.Pt));	3	调参数	还没证明是数学 / 数值 / 统计 / 格式 ⇒ 当成拍的数,要换成量出来的(或者证明它不是)
geom.adb	Base : constant Natural := (if Fit_F then 7 else 6);	6	调参数	还没证明是数学 / 数值 / 统计 / 格式 ⇒ 当成拍的数,要换成量出来的(或者证明它不是)
geom.adb	Base : constant Natural := (if Fit_F then 7 else 6);	7	调参数	还没证明是数学 / 数值 / 统计 / 格式 ⇒ 当成拍的数,要换成量出来的(或者证明它不是)
geom.adb	C : Long_Float := (A (0, 0) + A (1, 1) + A (2, 2) - 1.0) / 2.0;	2.0	数学	求中点 / 一半
geom.adb	Codec.Fmt (G.Tip (2), 5) & """""" & Codec.Fmt (G.Gap, 5) & """""" & Codec.Fmt (G.Stride, 5) & """""" & Codec.Fmt (G.Stride_Rot, 5) &	5	格式	日志 / 给脑的话里印几位小数
geom.adb	Codec.Fmt (G.Tip (2), 5) & """""" & Codec.Fmt (G.Gap, 5) & """""" & Codec.Fmt (G.Stride, 5) & """""" & Codec.Fmt (G.Stride_Rot, 5) &	5	格式	日志 / 给脑的话里印几位小数
geom.adb	Codec.Fmt (G.Tip (2), 5) & """""" & Codec.Fmt (G.Gap, 5) & """""" & Codec.Fmt (G.Stride, 5) & """""" & Codec.Fmt (G.Stride_Rot, 5) &	5	格式	日志 / 给脑的话里印几位小数
geom.adb	Codec.Fmt (G.Tip (2), 5) & """""" & Codec.Fmt (G.Gap, 5) & """""" & Codec.Fmt (G.Stride, 5) & """""" & Codec.Fmt (G.Stride_Rot, 5) &	5	格式	日志 / 给脑的话里印几位小数
geom.adb	Deg : constant Long_Float := 180.0 / Ada.Numerics.Pi;	180.0	数学	π 的倍数 / 弧度换算
geom.adb	Dlt (K) := (if abs (A (K, K)) > 1.0e-18 then B (K) / A (K, K) else 0.0);	1.0e-18	数值	浮点的防除零 / 数值容差(不描述身体和世界)
geom.adb	Du := 1.0e3; Dv := 1.0e3;	1.0e3	调参数	还没证明是数学 / 数值 / 统计 / 格式 ⇒ 当成拍的数,要换成量出来的(或者证明它不是)
geom.adb	Du := 1.0e3; Dv := 1.0e3;	1.0e3	调参数	还没证明是数学 / 数值 / 统计 / 格式 ⇒ 当成拍的数,要换成量出来的(或者证明它不是)
geom.adb	Du := 1.0e3; Dv := 1.0e3;	1.0e3	调参数	还没证明是数学 / 数值 / 统计 / 格式 ⇒ 当成拍的数,要换成量出来的(或者证明它不是)
geom.adb	Du := 1.0e3; Dv := 1.0e3;	1.0e3	调参数	还没证明是数学 / 数值 / 统计 / 格式 ⇒ 当成拍的数,要换成量出来的(或者证明它不是)
geom.adb	Du := 1.0e3; Dv := 1.0e3;	1.0e3	调参数	还没证明是数学 / 数值 / 统计 / 格式 ⇒ 当成拍的数,要换成量出来的(或者证明它不是)
geom.adb	Du := 1.0e3; Dv := 1.0e3;	1.0e3	调参数	还没证明是数学 / 数值 / 统计 / 格式 ⇒ 当成拍的数,要换成量出来的(或者证明它不是)
geom.adb	F0 : constant Long_Float := (if not Fit_F then G.F elsif Use_Prior then G.F_Prior else 2.0 * G.Cx);	2.0	调参数	还没证明是数学 / 数值 / 统计 / 格式 ⇒ 当成拍的数,要换成量出来的(或者证明它不是)
geom.adb	F0 : constant Long_Float := (if not Fit_F then G.F elsif Use_Prior then G.F_Prior else 2.0 * G.Cx);	2.0	调参数	还没证明是数学 / 数值 / 统计 / 格式 ⇒ 当成拍的数,要换成量出来的(或者证明它不是)
geom.adb	G.Fixed := Fx >= 0 and then Json.Bool (D, Fx) and then Pn >= 0 and then Json.Count (D, Pn) = 3;	3	调参数	还没证明是数学 / 数值 / 统计 / 格式 ⇒ 当成拍的数,要换成量出来的(或者证明它不是)
geom.adb	G.R_Ce (A, B) := Json.Num (D, Json.Child (D, Rn, A * 3 + B));	3	调参数	还没证明是数学 / 数值 / 统计 / 格式 ⇒ 当成拍的数,要换成量出来的(或者证明它不是)
geom.adb	Gate : Long_Float := 0.125 * G.Cx;	0.125	调参数	还没证明是数学 / 数值 / 统计 / 格式 ⇒ 当成拍的数,要换成量出来的(或者证明它不是)
geom.adb	Gate : constant Long_Float := 3.0 * Long_Float'Max (1.0e-9, G.Rms);	1.0e-9	数值	浮点的防除零 / 数值容差(不描述身体和世界)
geom.adb	Gate : constant Long_Float := 3.0 * Long_Float'Max (1.0e-9, G.Rms);	3.0	调参数	还没证明是数学 / 数值 / 统计 / 格式 ⇒ 当成拍的数,要换成量出来的(或者证明它不是)
geom.adb	Gate := 3.0 * Me;	3.0	调参数	还没证明是数学 / 数值 / 统计 / 格式 ⇒ 当成拍的数,要换成量出来的(或者证明它不是)
geom.adb	Gate := 3.0 * Me;	3.0	调参数	还没证明是数学 / 数值 / 统计 / 格式 ⇒ 当成拍的数,要换成量出来的(或者证明它不是)
geom.adb	Gate := 3.0 * Sqrt (Sum / Long_Float (Ns - Dropped));	3.0	调参数	还没证明是数学 / 数值 / 统计 / 格式 ⇒ 当成拍的数,要换成量出来的(或者证明它不是)
geom.adb	Gate_New : constant Long_Float := Long_Float'Max (3.0 * Long_Float'Max (1.0e-9, G.Rms), 3.0 * Turn_Sd);	1.0e-9	数值	浮点的防除零 / 数值容差(不描述身体和世界)
geom.adb	Gate_New : constant Long_Float := Long_Float'Max (3.0 * Long_Float'Max (1.0e-9, G.Rms), 3.0 * Turn_Sd);	3.0	调参数	还没证明是数学 / 数值 / 统计 / 格式 ⇒ 当成拍的数,要换成量出来的(或者证明它不是)
geom.adb	Gate_New : constant Long_Float := Long_Float'Max (3.0 * Long_Float'Max (1.0e-9, G.Rms), 3.0 * Turn_Sd);	3.0	调参数	还没证明是数学 / 数值 / 统计 / 格式 ⇒ 当成拍的数,要换成量出来的(或者证明它不是)
geom.adb	Gate_New : constant Long_Float := Long_Float'Max (Gate, 3.0 * Turn_Sd);	3.0	调参数	还没证明是数学 / 数值 / 统计 / 格式 ⇒ 当成拍的数,要换成量出来的(或者证明它不是)
geom.adb	In_Front := Z > 1.0e-6;	1.0e-6	数值	浮点的防除零 / 数值容差(不描述身体和世界)
geom.adb	J : Big_Mat_Ptr := new Big_Mat (0 .. Integer (2 * N_Obs) - 1, 0 .. Integer (Np) - 1);	2	调参数	还没证明是数学 / 数值 / 统计 / 格式 ⇒ 当成拍的数,要换成量出来的(或者证明它不是)
geom.adb	J : Big_Mat_Ptr := new Big_Mat (0 .. Integer (2 * N_Obs) - 1, 0 .. Integer (Np) - 1);	2	调参数	还没证明是数学 / 数值 / 统计 / 格式 ⇒ 当成拍的数,要换成量出来的(或者证明它不是)
geom.adb	LM_Refine (P, Nr, Steps (0 .. Np - 1), 40, Resid'Access, Cur);	40	调参数	还没证明是数学 / 数值 / 统计 / 格式 ⇒ 当成拍的数,要换成量出来的(或者证明它不是)
geom.adb	LM_Refine (P, Nr, Steps (0 .. Np - 1), 60, Resid'Access, Cur);	60	调参数	还没证明是数学 / 数值 / 统计 / 格式 ⇒ 当成拍的数,要换成量出来的(或者证明它不是)
geom.adb	LM_Refine (P, Nr, Steps, 100, Resid'Access, Cur);	100	调参数	还没证明是数学 / 数值 / 统计 / 格式 ⇒ 当成拍的数,要换成量出来的(或者证明它不是)
geom.adb	LM_Refine (P, Nr, Steps, 100, Resid'Access, Cur);	100	调参数	还没证明是数学 / 数值 / 统计 / 格式 ⇒ 当成拍的数,要换成量出来的(或者证明它不是)
geom.adb	LM_Refine (P, Nr, Steps, 100, Resid'Access, Cur);	100	调参数	还没证明是数学 / 数值 / 统计 / 格式 ⇒ 当成拍的数,要换成量出来的(或者证明它不是)
geom.adb	LM_Refine (P, Nr, Steps, 40, Resid'Access, Cur);	40	调参数	还没证明是数学 / 数值 / 统计 / 格式 ⇒ 当成拍的数,要换成量出来的(或者证明它不是)
geom.adb	LM_Refine (P, Nr, Steps, 40, Resid'Access, Cur);	40	调参数	还没证明是数学 / 数值 / 统计 / 格式 ⇒ 当成拍的数,要换成量出来的(或者证明它不是)
geom.adb	LM_Refine (P, Nr, Steps, 60, Resid'Access, Cur);	60	调参数	还没证明是数学 / 数值 / 统计 / 格式 ⇒ 当成拍的数,要换成量出来的(或者证明它不是)
geom.adb	LM_Refine (P, Nr, Steps, 60, Resid'Access, Cur);	60	调参数	还没证明是数学 / 数值 / 统计 / 格式 ⇒ 当成拍的数,要换成量出来的(或者证明它不是)
geom.adb	Lam : Long_Float := 1.0e-3;	1.0e-3	调参数	还没证明是数学 / 数值 / 统计 / 格式 ⇒ 当成拍的数,要换成量出来的(或者证明它不是)
geom.adb	Lm_Loosen : constant := 3;	3	调参数	还没证明是数学 / 数值 / 统计 / 格式 ⇒ 当成拍的数,要换成量出来的(或者证明它不是)
geom.adb	Lm_Tighten : constant := 10;	10	调参数	还没证明是数学 / 数值 / 统计 / 格式 ⇒ 当成拍的数,要换成量出来的(或者证明它不是)
geom.adb	Max_Enum : constant := 16;	16	调参数	还没证明是数学 / 数值 / 统计 / 格式 ⇒ 当成拍的数,要换成量出来的(或者证明它不是)
geom.adb	Mi (0, 2) := M (0, 1) * M (1, 2) - M (0, 2) * M (1, 1);	2	调参数	还没证明是数学 / 数值 / 统计 / 格式 ⇒ 当成拍的数,要换成量出来的(或者证明它不是)
geom.adb	Mi (0, 2) := M (0, 1) * M (1, 2) - M (0, 2) * M (1, 1);	2	调参数	还没证明是数学 / 数值 / 统计 / 格式 ⇒ 当成拍的数,要换成量出来的(或者证明它不是)
geom.adb	Mi (0, 2) := M (0, 1) * M (1, 2) - M (0, 2) * M (1, 1);	2	调参数	还没证明是数学 / 数值 / 统计 / 格式 ⇒ 当成拍的数,要换成量出来的(或者证明它不是)
geom.adb	Mi (1, 2) := M (0, 2) * M (1, 0) - M (0, 0) * M (1, 2);	2	调参数	还没证明是数学 / 数值 / 统计 / 格式 ⇒ 当成拍的数,要换成量出来的(或者证明它不是)
geom.adb	Mi (1, 2) := M (0, 2) * M (1, 0) - M (0, 0) * M (1, 2);	2	调参数	还没证明是数学 / 数值 / 统计 / 格式 ⇒ 当成拍的数,要换成量出来的(或者证明它不是)
geom.adb	Mi (1, 2) := M (0, 2) * M (1, 0) - M (0, 0) * M (1, 2);	2	调参数	还没证明是数学 / 数值 / 统计 / 格式 ⇒ 当成拍的数,要换成量出来的(或者证明它不是)
geom.adb	Min_Marks : constant := 4;	4	调参数	还没证明是数学 / 数值 / 统计 / 格式 ⇒ 当成拍的数,要换成量出来的(或者证明它不是)
geom.adb	Min_Pts : constant := 4;	4	调参数	还没证明是数学 / 数值 / 统计 / 格式 ⇒ 当成拍的数,要换成量出来的(或者证明它不是)
geom.adb	Min_Seen : constant := 3;	3	调参数	还没证明是数学 / 数值 / 统计 / 格式 ⇒ 当成拍的数,要换成量出来的(或者证明它不是)
geom.adb	Min_Set : constant := 4;	4	调参数	还没证明是数学 / 数值 / 统计 / 格式 ⇒ 当成拍的数,要换成量出来的(或者证明它不是)
geom.adb	N_Prior := N_Prior + 2;	2	调参数	还没证明是数学 / 数值 / 统计 / 格式 ⇒ 当成拍的数,要换成量出来的(或者证明它不是)
geom.adb	Np : constant Natural := (if Fit_F then 7 else 6);	6	调参数	还没证明是数学 / 数值 / 统计 / 格式 ⇒ 当成拍的数,要换成量出来的(或者证明它不是)
geom.adb	Np : constant Natural := (if Fit_F then 7 else 6);	6	调参数	还没证明是数学 / 数值 / 统计 / 格式 ⇒ 当成拍的数,要换成量出来的(或者证明它不是)
geom.adb	Np : constant Natural := (if Fit_F then 7 else 6);	6	调参数	还没证明是数学 / 数值 / 统计 / 格式 ⇒ 当成拍的数,要换成量出来的(或者证明它不是)
geom.adb	Np : constant Natural := (if Fit_F then 7 else 6);	7	调参数	还没证明是数学 / 数值 / 统计 / 格式 ⇒ 当成拍的数,要换成量出来的(或者证明它不是)
geom.adb	Np : constant Natural := (if Fit_F then 7 else 6);	7	调参数	还没证明是数学 / 数值 / 统计 / 格式 ⇒ 当成拍的数,要换成量出来的(或者证明它不是)
geom.adb	Np : constant Natural := (if Fit_F then 7 else 6);	7	调参数	还没证明是数学 / 数值 / 统计 / 格式 ⇒ 当成拍的数,要换成量出来的(或者证明它不是)
geom.adb	Np : constant Natural := Base + 3 * Nk;	3	调参数	还没证明是数学 / 数值 / 统计 / 格式 ⇒ 当成拍的数,要换成量出来的(或者证明它不是)
geom.adb	Nq : constant Long_Float := Long_Float'Max (1.0e-12, Sqrt (P (3) ** 2 + P (4) ** 2 + P (5) ** 2 + P (6) ** 2));	1.0e-12	数值	浮点的防除零 / 数值容差(不描述身体和世界)
geom.adb	Ok := Tr3 > 0.0 and then Det > 1.0e-12 * Tr3 ** 3;	1.0e-12	数值	浮点的防除零 / 数值容差(不描述身体和世界)
geom.adb	Per : constant := 9;	9	调参数	还没证明是数学 / 数值 / 统计 / 格式 ⇒ 当成拍的数,要换成量出来的(或者证明它不是)
geom.adb	Put (1.0e3, 1.0e3);	1.0e3	调参数	还没证明是数学 / 数值 / 统计 / 格式 ⇒ 当成拍的数,要换成量出来的(或者证明它不是)
geom.adb	Put (1.0e3, 1.0e3);	1.0e3	调参数	还没证明是数学 / 数值 / 统计 / 格式 ⇒ 当成拍的数,要换成量出来的(或者证明它不是)
geom.adb	Put (1.0e3, 1.0e3);	1.0e3	调参数	还没证明是数学 / 数值 / 统计 / 格式 ⇒ 当成拍的数,要换成量出来的(或者证明它不是)
geom.adb	Put (1.0e3, 1.0e3);	1.0e3	调参数	还没证明是数学 / 数值 / 统计 / 格式 ⇒ 当成拍的数,要换成量出来的(或者证明它不是)
geom.adb	Put (1.0e3, 1.0e3);	1.0e3	调参数	还没证明是数学 / 数值 / 统计 / 格式 ⇒ 当成拍的数,要换成量出来的(或者证明它不是)
geom.adb	Put (1.0e3, 1.0e3);	1.0e3	调参数	还没证明是数学 / 数值 / 统计 / 格式 ⇒ 当成拍的数,要换成量出来的(或者证明它不是)
geom.adb	Q (K) := Sqrt (-2.0 * Log (U1)) * Cos (2.0 * Ada.Numerics.Pi * U2);	2.0	数学	π 的倍数 / 弧度换算
geom.adb	Q (K) := Sqrt (-2.0 * Log (U1)) * Cos (2.0 * Ada.Numerics.Pi * U2);	2.0	数学	π 的倍数 / 弧度换算
geom.adb	Q (K) := Sqrt (-2.0 * Log (U1)) * Cos (2.0 * Ada.Numerics.Pi * U2);	2.0	数学	π 的倍数 / 弧度换算
geom.adb	Q (K) := Sqrt (-2.0 * Log (U1)) * Cos (2.0 * Ada.Numerics.Pi * U2);	2.0	数学	π 的倍数 / 弧度换算
geom.adb	Rayleigh_Med : constant Long_Float := Sqrt (2.0 * Log (2.0));	2.0	调参数	还没证明是数学 / 数值 / 统计 / 格式 ⇒ 当成拍的数,要换成量出来的(或者证明它不是)
geom.adb	Rayleigh_Med : constant Long_Float := Sqrt (2.0 * Log (2.0));	2.0	调参数	还没证明是数学 / 数值 / 统计 / 格式 ⇒ 当成拍的数,要换成量出来的(或者证明它不是)
geom.adb	Rep.Covered := 4 * Rep.Consistent_Now < 3 * Best.All_N;	3	调参数	还没证明是数学 / 数值 / 统计 / 格式 ⇒ 当成拍的数,要换成量出来的(或者证明它不是)
geom.adb	Rep.Covered := 4 * Rep.Consistent_Now < 3 * Best.All_N;	4	调参数	还没证明是数学 / 数值 / 统计 / 格式 ⇒ 当成拍的数,要换成量出来的(或者证明它不是)
geom.adb	Rp : Big_Vec_Ptr := New_Vec (2 * N_Obs);	2	调参数	还没证明是数学 / 数值 / 统计 / 格式 ⇒ 当成拍的数,要换成量出来的(或者证明它不是)
geom.adb	Rp : Big_Vec_Ptr := New_Vec (2 * N_Obs);	2	调参数	还没证明是数学 / 数值 / 统计 / 格式 ⇒ 当成拍的数,要换成量出来的(或者证明它不是)
geom.adb	Rv (2 * I) := Du; Rv (2 * I + 1) := Dv;	2	调参数	还没证明是数学 / 数值 / 统计 / 格式 ⇒ 当成拍的数,要换成量出来的(或者证明它不是)
geom.adb	Rv (2 * I) := Du; Rv (2 * I + 1) := Dv;	2	调参数	还没证明是数学 / 数值 / 统计 / 格式 ⇒ 当成拍的数,要换成量出来的(或者证明它不是)
geom.adb	Rv (2 * I) := Du; Rv (2 * I + 1) := Dv;	2	调参数	还没证明是数学 / 数值 / 统计 / 格式 ⇒ 当成拍的数,要换成量出来的(或者证明它不是)
geom.adb	Rv (2 * I) := Du; Rv (2 * I + 1) := Dv;	2	调参数	还没证明是数学 / 数值 / 统计 / 格式 ⇒ 当成拍的数,要换成量出来的(或者证明它不是)
geom.adb	Rv : Big_Vec_Ptr := New_Vec (2 * N_Obs);	2	调参数	还没证明是数学 / 数值 / 统计 / 格式 ⇒ 当成拍的数,要换成量出来的(或者证明它不是)
geom.adb	Rv : Big_Vec_Ptr := New_Vec (2 * N_Obs);	2	调参数	还没证明是数学 / 数值 / 统计 / 格式 ⇒ 当成拍的数,要换成量出来的(或者证明它不是)
geom.adb	S := 2.0 * Sin (Th);	2.0	调参数	还没证明是数学 / 数值 / 统计 / 格式 ⇒ 当成拍的数,要换成量出来的(或者证明它不是)
geom.adb	Sig : constant Long_Float := Sqrt (Ss / Long_Float (K - 3));	3	调参数	还没证明是数学 / 数值 / 统计 / 格式 ⇒ 当成拍的数,要换成量出来的(或者证明它不是)
geom.adb	Sigma2 := Sum / Long_Float (2 * N_Obs - Np);	2	调参数	还没证明是数学 / 数值 / 统计 / 格式 ⇒ 当成拍的数,要换成量出来的(或者证明它不是)
geom.adb	Skip (S) := Rs (S) > 3.0 * Med;	3.0	调参数	还没证明是数学 / 数值 / 统计 / 格式 ⇒ 当成拍的数,要换成量出来的(或者证明它不是)
geom.adb	Steps : Param_Vec (0 .. Np - 1) := [others => 1.0e-4];	1.0e-4	数值	浮点的防除零 / 数值容差(不描述身体和世界)
geom.adb	Steps : Param_Vec (0 .. Np - 1) := [others => 1.0e-4];	1.0e-4	数值	浮点的防除零 / 数值容差(不描述身体和世界)
geom.adb	Steps : Param_Vec (0 .. Np - 1) := [others => 1.0e-4];	1.0e-4	数值	浮点的防除零 / 数值容差(不描述身体和世界)
geom.adb	Steps : constant Param_Vec (0 .. 6) := [1.0e-4, 1.0e-4, 1.0e-4, 1.0e-4, 1.0e-4, 1.0e-4, 1.0];	1.0e-4	调参数	还没证明是数学 / 数值 / 统计 / 格式 ⇒ 当成拍的数,要换成量出来的(或者证明它不是)
geom.adb	Steps : constant Param_Vec (0 .. 6) := [1.0e-4, 1.0e-4, 1.0e-4, 1.0e-4, 1.0e-4, 1.0e-4, 1.0];	1.0e-4	调参数	还没证明是数学 / 数值 / 统计 / 格式 ⇒ 当成拍的数,要换成量出来的(或者证明它不是)
geom.adb	Steps : constant Param_Vec (0 .. 6) := [1.0e-4, 1.0e-4, 1.0e-4, 1.0e-4, 1.0e-4, 1.0e-4, 1.0];	1.0e-4	调参数	还没证明是数学 / 数值 / 统计 / 格式 ⇒ 当成拍的数,要换成量出来的(或者证明它不是)
geom.adb	Steps : constant Param_Vec (0 .. 6) := [1.0e-4, 1.0e-4, 1.0e-4, 1.0e-4, 1.0e-4, 1.0e-4, 1.0];	1.0e-4	调参数	还没证明是数学 / 数值 / 统计 / 格式 ⇒ 当成拍的数,要换成量出来的(或者证明它不是)
geom.adb	Steps : constant Param_Vec (0 .. 6) := [1.0e-4, 1.0e-4, 1.0e-4, 1.0e-4, 1.0e-4, 1.0e-4, 1.0];	1.0e-4	调参数	还没证明是数学 / 数值 / 统计 / 格式 ⇒ 当成拍的数,要换成量出来的(或者证明它不是)
geom.adb	Steps : constant Param_Vec (0 .. 6) := [1.0e-4, 1.0e-4, 1.0e-4, 1.0e-4, 1.0e-4, 1.0e-4, 1.0];	1.0e-4	调参数	还没证明是数学 / 数值 / 统计 / 格式 ⇒ 当成拍的数,要换成量出来的(或者证明它不是)
geom.adb	Steps : constant Param_Vec (0 .. 6) := [1.0e-4, 1.0e-4, 1.0e-4, 1.0e-4, 1.0e-4, 1.0e-4, 1.0];	1.0e-4	调参数	还没证明是数学 / 数值 / 统计 / 格式 ⇒ 当成拍的数,要换成量出来的(或者证明它不是)
geom.adb	Steps : constant Param_Vec (0 .. 6) := [1.0e-4, 1.0e-4, 1.0e-4, 1.0e-4, 1.0e-4, 1.0e-4, 1.0];	1.0e-4	调参数	还没证明是数学 / 数值 / 统计 / 格式 ⇒ 当成拍的数,要换成量出来的(或者证明它不是)
geom.adb	Steps : constant Param_Vec (0 .. 6) := [1.0e-4, 1.0e-4, 1.0e-4, 1.0e-4, 1.0e-4, 1.0e-4, 1.0];	1.0e-4	调参数	还没证明是数学 / 数值 / 统计 / 格式 ⇒ 当成拍的数,要换成量出来的(或者证明它不是)
geom.adb	Steps : constant Param_Vec (0 .. 6) := [1.0e-4, 1.0e-4, 1.0e-4, 1.0e-4, 1.0e-4, 1.0e-4, 1.0];	1.0e-4	调参数	还没证明是数学 / 数值 / 统计 / 格式 ⇒ 当成拍的数,要换成量出来的(或者证明它不是)
geom.adb	Steps : constant Param_Vec (0 .. 6) := [1.0e-4, 1.0e-4, 1.0e-4, 1.0e-4, 1.0e-4, 1.0e-4, 1.0];	1.0e-4	调参数	还没证明是数学 / 数值 / 统计 / 格式 ⇒ 当成拍的数,要换成量出来的(或者证明它不是)
geom.adb	Steps : constant Param_Vec (0 .. 6) := [1.0e-4, 1.0e-4, 1.0e-4, 1.0e-4, 1.0e-4, 1.0e-4, 1.0];	1.0e-4	调参数	还没证明是数学 / 数值 / 统计 / 格式 ⇒ 当成拍的数,要换成量出来的(或者证明它不是)
geom.adb	Tally (G, 3.0 * Long_Float'Max (1.0e-9, G.Rms), N_Own, Reg_Own);	1.0e-9	数值	浮点的防除零 / 数值容差(不描述身体和世界)
geom.adb	Tally (G, 3.0 * Long_Float'Max (1.0e-9, G.Rms), N_Own, Reg_Own);	3.0	调参数	还没证明是数学 / 数值 / 统计 / 格式 ⇒ 当成拍的数,要换成量出来的(或者证明它不是)
geom.adb	Tr3 : constant Long_Float := (M (0, 0) + M (1, 1) + M (2, 2)) / 3.0;	3.0	调参数	还没证明是数学 / 数值 / 统计 / 格式 ⇒ 当成拍的数,要换成量出来的(或者证明它不是)
geom.adb	U1 : constant Long_Float := Long_Float'Max (1.0e-12, Rnd);	1.0e-12	数值	浮点的防除零 / 数值容差(不描述身体和世界)
geom.adb	U1 : constant Long_Float := Long_Float'Max (1.0e-12, Rnd);	1.0e-12	数值	浮点的防除零 / 数值容差(不描述身体和世界)
geom.adb	Use_H (K) := Rs (K) <= 3.0 * Med;	3.0	调参数	还没证明是数学 / 数值 / 统计 / 格式 ⇒ 当成拍的数,要换成量出来的(或者证明它不是)
geom.adb	[2.0 * (X * Y + Z * W), 1.0 - 2.0 * (X * X + Z * Z), 2.0 * (Y * Z - X * W)],	2.0	数学	四元数 → 旋转矩阵的恒等式
geom.adb	[2.0 * (X * Y + Z * W), 1.0 - 2.0 * (X * X + Z * Z), 2.0 * (Y * Z - X * W)],	2.0	数学	四元数 → 旋转矩阵的恒等式
geom.adb	[2.0 * (X * Y + Z * W), 1.0 - 2.0 * (X * X + Z * Z), 2.0 * (Y * Z - X * W)],	2.0	数学	四元数 → 旋转矩阵的恒等式
geom.adb	[2.0 * (X * Z - Y * W), 2.0 * (Y * Z + X * W), 1.0 - 2.0 * (X * X + Y * Y)]];	2.0	数学	四元数 → 旋转矩阵的恒等式
geom.adb	[2.0 * (X * Z - Y * W), 2.0 * (Y * Z + X * W), 1.0 - 2.0 * (X * X + Y * Y)]];	2.0	数学	四元数 → 旋转矩阵的恒等式
geom.adb	[2.0 * (X * Z - Y * W), 2.0 * (Y * Z + X * W), 1.0 - 2.0 * (X * X + Y * Y)]];	2.0	数学	四元数 → 旋转矩阵的恒等式
geom.adb	elsif Aln > 1.0e-9 then [Alt (0) / Aln, Alt (1) / Aln, Alt (2) / Aln] else [0.0, 0.0, 1.0]);	1.0e-9	数值	浮点的防除零 / 数值容差(不描述身体和世界)
geom.adb	exit when Lam > 1.0e6;	1.0e6	调参数	还没证明是数学 / 数值 / 统计 / 格式 ⇒ 当成拍的数,要换成量出来的(或者证明它不是)
geom.adb	exit when abs (Xn - X) + abs (Yn - Y) < 1.0e-12;	1.0e-12	数值	浮点的防除零 / 数值容差(不描述身体和世界)
geom.adb	for It in 1 .. 50 loop	50	调参数	还没证明是数学 / 数值 / 统计 / 格式 ⇒ 当成拍的数,要换成量出来的(或者证明它不是)
geom.adb	for K in 3 .. 6 loop	3	调参数	还没证明是数学 / 数值 / 统计 / 格式 ⇒ 当成拍的数,要换成量出来的(或者证明它不是)
geom.adb	for K in 3 .. 6 loop	3	调参数	还没证明是数学 / 数值 / 统计 / 格式 ⇒ 当成拍的数,要换成量出来的(或者证明它不是)
geom.adb	for K in 3 .. 6 loop	3	调参数	还没证明是数学 / 数值 / 统计 / 格式 ⇒ 当成拍的数,要换成量出来的(或者证明它不是)
geom.adb	for K in 3 .. 6 loop	3	调参数	还没证明是数学 / 数值 / 统计 / 格式 ⇒ 当成拍的数,要换成量出来的(或者证明它不是)
geom.adb	for K in 3 .. 6 loop	6	调参数	还没证明是数学 / 数值 / 统计 / 格式 ⇒ 当成拍的数,要换成量出来的(或者证明它不是)
geom.adb	for K in 3 .. 6 loop	6	调参数	还没证明是数学 / 数值 / 统计 / 格式 ⇒ 当成拍的数,要换成量出来的(或者证明它不是)
geom.adb	for K in 3 .. 6 loop	6	调参数	还没证明是数学 / 数值 / 统计 / 格式 ⇒ 当成拍的数,要换成量出来的(或者证明它不是)
geom.adb	for K in 3 .. 6 loop	6	调参数	还没证明是数学 / 数值 / 统计 / 格式 ⇒ 当成拍的数,要换成量出来的(或者证明它不是)
geom.adb	for Mask in 1 .. 2 ** Natural (Ai.Length) - 1 loop	2	调参数	还没证明是数学 / 数值 / 统计 / 格式 ⇒ 当成拍的数,要换成量出来的(或者证明它不是)
geom.adb	for Round in 1 .. (if Start_Here then 0 else 3) loop	3	调参数	还没证明是数学 / 数值 / 统计 / 格式 ⇒ 当成拍的数,要换成量出来的(或者证明它不是)
geom.adb	for Round in 1 .. 2 loop	2	调参数	还没证明是数学 / 数值 / 统计 / 格式 ⇒ 当成拍的数,要换成量出来的(或者证明它不是)
geom.adb	for Round in 1 .. 3 loop	3	调参数	还没证明是数学 / 数值 / 统计 / 格式 ⇒ 当成拍的数,要换成量出来的(或者证明它不是)
geom.adb	for Round in 1 .. 3 loop	3	调参数	还没证明是数学 / 数值 / 统计 / 格式 ⇒ 当成拍的数,要换成量出来的(或者证明它不是)
geom.adb	for Rw in Col + 1 .. 2 loop	2	调参数	还没证明是数学 / 数值 / 统计 / 格式 ⇒ 当成拍的数,要换成量出来的(或者证明它不是)
geom.adb	for Trial in 1 .. 3000 loop	3000	调参数	还没证明是数学 / 数值 / 统计 / 格式 ⇒ 当成拍的数,要换成量出来的(或者证明它不是)
geom.adb	for Trial in 1 .. 3000 loop	3000	调参数	还没证明是数学 / 数值 / 统计 / 格式 ⇒ 当成拍的数,要换成量出来的(或者证明它不是)
geom.adb	function In_Mask (Mask, K : Natural) return Boolean is ((Mask / 2 ** K) mod 2 = 1);	2	数学	求中点 / 一半
geom.adb	function In_Mask (Mask, K : Natural) return Boolean is ((Mask / 2 ** K) mod 2 = 1);	2	数学	求中点 / 一半
geom.adb	if (if Base_Now >= 0 then 2 * Base_Now else 2 * Rep.Consistent_Now) < Rep.Consistent and then 4 * Rep.Consistent >= Best.All_N and then Rep.Shift_Px > Rep.Gate then	2	调参数	还没证明是数学 / 数值 / 统计 / 格式 ⇒ 当成拍的数,要换成量出来的(或者证明它不是)
geom.adb	if (if Base_Now >= 0 then 2 * Base_Now else 2 * Rep.Consistent_Now) < Rep.Consistent and then 4 * Rep.Consistent >= Best.All_N and then Rep.Shift_Px > Rep.Gate then	2	调参数	还没证明是数学 / 数值 / 统计 / 格式 ⇒ 当成拍的数,要换成量出来的(或者证明它不是)
geom.adb	if (if Base_Now >= 0 then 2 * Base_Now else 2 * Rep.Consistent_Now) < Rep.Consistent and then 4 * Rep.Consistent >= Best.All_N and then Rep.Shift_Px > Rep.Gate then	4	调参数	还没证明是数学 / 数值 / 统计 / 格式 ⇒ 当成拍的数,要换成量出来的(或者证明它不是)
geom.adb	if Best.Region (R) >= Min_Pts and then 4 * Reg_Now (R) < Best.Region (R)	4	调参数	还没证明是数学 / 数值 / 统计 / 格式 ⇒ 当成拍的数,要换成量出来的(或者证明它不是)
geom.adb	if Cnt (K) >= 4 and then (Best_Pt < 0 or else Cnt (K) > Cnt (Best_Pt)) then	4	调参数	还没证明是数学 / 数值 / 统计 / 格式 ⇒ 当成拍的数,要换成量出来的(或者证明它不是)
geom.adb	if Dropped > 0 and then Dropped * 4 < Nr then	4	调参数	还没证明是数学 / 数值 / 统计 / 格式 ⇒ 当成拍的数,要换成量出来的(或者证明它不是)
geom.adb	if Fit_F and then G.Cx > 1.732 * P (6) then	1.732	调参数	还没证明是数学 / 数值 / 统计 / 格式 ⇒ 当成拍的数,要换成量出来的(或者证明它不是)
geom.adb	if Fit_F and then G.Cx > 1.732 * P (6) then	1.732	调参数	还没证明是数学 / 数值 / 统计 / 格式 ⇒ 当成拍的数,要换成量出来的(或者证明它不是)
geom.adb	if Has_H (T) and then Spread (T) <= 3.0 * Ms then	3.0	调参数	还没证明是数学 / 数值 / 统计 / 格式 ⇒ 当成拍的数,要换成量出来的(或者证明它不是)
geom.adb	if Has_Head and then Fit_Fh and then Gh.Cx > 1.732 * Gh.F then	1.732	调参数	还没证明是数学 / 数值 / 统计 / 格式 ⇒ 当成拍的数,要换成量出来的(或者证明它不是)
geom.adb	if K >= 2 then	2	调参数	还没证明是数学 / 数值 / 统计 / 格式 ⇒ 当成拍的数,要换成量出来的(或者证明它不是)
geom.adb	if K mod 2 = 1 then	2	调参数	还没证明是数学 / 数值 / 统计 / 格式 ⇒ 当成拍的数,要换成量出来的(或者证明它不是)
geom.adb	if Lt >= 0 and then Json.Count (D, Lt) = 3 then	3	调参数	还没证明是数学 / 数值 / 统计 / 格式 ⇒ 当成拍的数,要换成量出来的(或者证明它不是)
geom.adb	if N < 4 or else F0 <= 0.0 then	4	调参数	还没证明是数学 / 数值 / 统计 / 格式 ⇒ 当成拍的数,要换成量出来的(或者证明它不是)
geom.adb	if N < 4 or else F0 <= 0.0 then	4	调参数	还没证明是数学 / 数值 / 统计 / 格式 ⇒ 当成拍的数,要换成量出来的(或者证明它不是)
geom.adb	if N = 0 or else Den <= 1.0e-12 then	1.0e-12	数值	浮点的防除零 / 数值容差(不描述身体和世界)
geom.adb	if N_Pts = 0 or else N < 4 then	4	调参数	还没证明是数学 / 数值 / 统计 / 格式 ⇒ 当成拍的数,要换成量出来的(或者证明它不是)
geom.adb	if Natural (Rays.Length) < 2 then	2	调参数	还没证明是数学 / 数值 / 统计 / 格式 ⇒ 当成拍的数,要换成量出来的(或者证明它不是)
geom.adb	if Natural (Views.Length) < 2 or else G.F <= 0.0 then	2	调参数	还没证明是数学 / 数值 / 统计 / 格式 ⇒ 当成拍的数,要换成量出来的(或者证明它不是)
geom.adb	if Nh >= 2 then	2	调参数	还没证明是数学 / 数值 / 统计 / 格式 ⇒ 当成拍的数,要换成量出来的(或者证明它不是)
geom.adb	if Norm (Xp) < 1.0e-9 then	1.0e-9	数值	浮点的防除零 / 数值容差(不描述身体和世界)
geom.adb	if Np = 0 or else 2 * N_Obs <= Np then	2	调参数	还没证明是数学 / 数值 / 统计 / 格式 ⇒ 当成拍的数,要换成量出来的(或者证明它不是)
geom.adb	if Nt < 4 then	4	调参数	还没证明是数学 / 数值 / 统计 / 格式 ⇒ 当成拍的数,要换成量出来的(或者证明它不是)
geom.adb	if On >= 0 and then Json.Count (D, On) = 3 then	3	调参数	还没证明是数学 / 数值 / 统计 / 格式 ⇒ 当成拍的数,要换成量出来的(或者证明它不是)
geom.adb	if P'Length > 6 then	6	调参数	还没证明是数学 / 数值 / 统计 / 格式 ⇒ 当成拍的数,要换成量出来的(或者证明它不是)
geom.adb	if P'Length > 6 then	6	调参数	还没证明是数学 / 数值 / 统计 / 格式 ⇒ 当成拍的数,要换成量出来的(或者证明它不是)
geom.adb	if Rn >= 0 and then Json.Count (D, Rn) = 9 then	9	调参数	还没证明是数学 / 数值 / 统计 / 格式 ⇒ 当成拍的数,要换成量出来的(或者证明它不是)
geom.adb	if Rs (I) > 3.0 * Med then	3.0	调参数	还没证明是数学 / 数值 / 统计 / 格式 ⇒ 当成拍的数,要换成量出来的(或者证明它不是)
geom.adb	if Th < 1.0e-12 then	1.0e-12	数值	浮点的防除零 / 数值容差(不描述身体和世界)
geom.adb	if Th < 1.0e-9 then	1.0e-9	数值	浮点的防除零 / 数值容差(不描述身体和世界)
geom.adb	if Tn >= 0 and then Json.Count (D, Tn) = 3 then	3	调参数	还没证明是数学 / 数值 / 统计 / 格式 ⇒ 当成拍的数,要换成量出来的(或者证明它不是)
geom.adb	if U >= 0.0 and then V >= 0.0 and then U < 2.0 * Pg.Cx and then V < 2.0 * Pg.Cy then	2.0	调参数	还没证明是数学 / 数值 / 统计 / 格式 ⇒ 当成拍的数,要换成量出来的(或者证明它不是)
geom.adb	if U >= 0.0 and then V >= 0.0 and then U < 2.0 * Pg.Cx and then V < 2.0 * Pg.Cy then	2.0	调参数	还没证明是数学 / 数值 / 统计 / 格式 ⇒ 当成拍的数,要换成量出来的(或者证明它不是)
geom.adb	if Use_J (J) and then Px_Err (J, Cl.Tip) > 3.0 * Me then	3.0	调参数	还没证明是数学 / 数值 / 统计 / 格式 ⇒ 当成拍的数,要换成量出来的(或者证明它不是)
geom.adb	if Var_D >= 0.0 and then 3.0 * Sqrt (Var_D) < Rm then	3.0	调参数	还没证明是数学 / 数值 / 统计 / 格式 ⇒ 当成拍的数,要换成量出来的(或者证明它不是)
geom.adb	if abs (A (Col, Col)) <= 1.0e-18 then	1.0e-18	数值	浮点的防除零 / 数值容差(不描述身体和世界)
geom.adb	if abs (A (Col, Col)) > 1.0e-18 then	1.0e-18	数值	浮点的防除零 / 数值容差(不描述身体和世界)
geom.adb	if abs (M (Col, Col)) < 1.0e-15 then	1.0e-15	数值	浮点的防除零 / 数值容差(不描述身体和世界)
geom.adb	if abs Den < 1.0e-12 then	1.0e-12	数值	浮点的防除零 / 数值容差(不描述身体和世界)
geom.adb	if abs Det < 1.0e-9 then	1.0e-9	数值	浮点的防除零 / 数值容差(不描述身体和世界)
geom.adb	return (if Beta = Long_Float'Last then Single else (1.0 / 3.0) * Beta);	3.0	调参数	还没证明是数学 / 数值 / 统计 / 格式 ⇒ 当成拍的数,要换成量出来的(或者证明它不是)
geom.adb	return (if Ne > 0 then 1.2 * Median (Es, Ne) else 0.0);	1.2	调参数	还没证明是数学 / 数值 / 统计 / 格式 ⇒ 当成拍的数,要换成量出来的(或者证明它不是)
geom.adb	return 0.5 * (A (A'First + K / 2 - 1) + A (A'First + K / 2));	0.5	数学	求中点 / 一半
geom.adb	return 0.5 * (A (A'First + K / 2 - 1) + A (A'First + K / 2));	2	数学	求中点 / 一半
geom.adb	return 0.5 * (A (A'First + K / 2 - 1) + A (A'First + K / 2));	2	数学	求中点 / 一半
geom.adb	return 2.0 * Arccos (D);	2.0	调参数	还没证明是数学 / 数值 / 统计 / 格式 ⇒ 当成拍的数,要换成量出来的(或者证明它不是)
geom.adb	return A (A'First + K / 2);	2	数学	求中点 / 一半
geom.adb	return A (K / 2);	2	数学	求中点 / 一半
geom.adb	return A (N / 2);	2	数学	求中点 / 一半
geom.adb	return S.Sh * S.Sh + 0.5 * (Quad (Ju) + Quad (Jv));	0.5	数学	求中点 / 一半
geom.adb	return [[1.0 - 2.0 * (Y * Y + Z * Z), 2.0 * (X * Y - Z * W), 2.0 * (X * Z + Y * W)],	2.0	数学	四元数 → 旋转矩阵的恒等式
geom.adb	return [[1.0 - 2.0 * (Y * Y + Z * Z), 2.0 * (X * Y - Z * W), 2.0 * (X * Z + Y * W)],	2.0	数学	四元数 → 旋转矩阵的恒等式
geom.adb	return [[1.0 - 2.0 * (Y * Y + Z * Z), 2.0 * (X * Y - Z * W), 2.0 * (X * Z + Y * W)],	2.0	数学	四元数 → 旋转矩阵的恒等式
geom.ads	Min_Pts : constant := 10;	10	调参数	还没证明是数学 / 数值 / 统计 / 格式 ⇒ 当成拍的数,要换成量出来的(或者证明它不是)
geom.ads	N_Regions : constant := 8;	8	调参数	还没证明是数学 / 数值 / 统计 / 格式 ⇒ 当成拍的数,要换成量出来的(或者证明它不是)
instrument.adb	Append (Q, (if I > 0 then "" else "") & "" & Codec.Fmt (Pts (I).U, 2) & "" & Codec.Fmt (Pts (I).V, 2) & "");	2	格式	日志 / 给脑的话里印几位小数
instrument.adb	Append (Q, (if I > 0 then "" else "") & "" & Codec.Fmt (Pts (I).U, 2) & "" & Codec.Fmt (Pts (I).V, 2) & "");	2	格式	日志 / 给脑的话里印几位小数
instrument.adb	Append (R, (if I > 0 then "" else "") & "" & Codec.Fmt (Pts (I).U, 2) & "" & Codec.Fmt (Pts (I).V, 2) & "");	2	格式	日志 / 给脑的话里印几位小数
instrument.adb	Append (R, (if I > 0 then "" else "") & "" & Codec.Fmt (Pts (I).U, 2) & "" & Codec.Fmt (Pts (I).V, 2) & "");	2	格式	日志 / 给脑的话里印几位小数
instrument.adb	Append (Req, (if I > 0 then "" else "") & "" & Codec.Fmt (Pts (I).U, 2) & "" & Codec.Fmt (Pts (I).V, 2) & "" & (if Pts (I).On then "" else "") & "");	2	格式	日志 / 给脑的话里印几位小数
instrument.adb	Append (Req, (if I > 0 then "" else "") & "" & Codec.Fmt (Pts (I).U, 2) & "" & Codec.Fmt (Pts (I).V, 2) & "" & (if Pts (I).On then "" else "") & "");	2	格式	日志 / 给脑的话里印几位小数
instrument.adb	M.Cert := Json.Num (D, Json.Child (D, Qn, 2));	2	调参数	还没证明是数学 / 数值 / 统计 / 格式 ⇒ 当成拍的数,要换成量出来的(或者证明它不是)
instrument.adb	P.Conf := Json.Num (D, Json.Child (D, Pn, 3));	3	调参数	还没证明是数学 / 数值 / 统计 / 格式 ⇒ 当成拍的数,要换成量出来的(或者证明它不是)
instrument.adb	P.Seen := Json.Num (D, Json.Child (D, Pn, 2)) > 0.5;	0.5	调参数	还没证明是数学 / 数值 / 统计 / 格式 ⇒ 当成拍的数,要换成量出来的(或者证明它不是)
instrument.adb	P.Seen := Json.Num (D, Json.Child (D, Pn, 2)) > 0.5;	2	调参数	还没证明是数学 / 数值 / 统计 / 格式 ⇒ 当成拍的数,要换成量出来的(或者证明它不是)
instrument.adb	Ub => Json.Num (D, Json.Child (D, Qn, 2)), Vb => Json.Num (D, Json.Child (D, Qn, 3))));	2	调参数	还没证明是数学 / 数值 / 统计 / 格式 ⇒ 当成拍的数,要换成量出来的(或者证明它不是)
instrument.adb	Ub => Json.Num (D, Json.Child (D, Qn, 2)), Vb => Json.Num (D, Json.Child (D, Qn, 3))));	3	调参数	还没证明是数学 / 数值 / 统计 / 格式 ⇒ 当成拍的数,要换成量出来的(或者证明它不是)
instrument.adb	if Bq >= 0 and then Json.Count (D, Bq) >= 2 then	2	调参数	还没证明是数学 / 数值 / 统计 / 格式 ⇒ 当成拍的数,要换成量出来的(或者证明它不是)
instrument.adb	if Pn >= 0 and then Json.Count (D, Pn) >= 4 then	4	调参数	还没证明是数学 / 数值 / 统计 / 格式 ⇒ 当成拍的数,要换成量出来的(或者证明它不是)
instrument.adb	if Qn < 0 or else Json.Count (D, Qn) < 3 then	3	调参数	还没证明是数学 / 数值 / 统计 / 格式 ⇒ 当成拍的数,要换成量出来的(或者证明它不是)
instrument.adb	if Qn >= 0 and then Json.Count (D, Qn) >= 4 then	4	调参数	还没证明是数学 / 数值 / 统计 / 格式 ⇒ 当成拍的数,要换成量出来的(或者证明它不是)
jointboot.adb	& "" & Codec.Fmt ((if N_Done (A) > 0 then Sum_P (A) / Long_Float (N_Done (A)) else 0.0), 4) & "" & Codec.Fmt (Max_P (A), 4)	4	格式	日志 / 给脑的话里印几位小数
jointboot.adb	& "" & Codec.Fmt ((if N_Done (A) > 0 then Sum_P (A) / Long_Float (N_Done (A)) else 0.0), 4) & "" & Codec.Fmt (Max_P (A), 4)	4	格式	日志 / 给脑的话里印几位小数
jointboot.adb	& "" & Codec.Fmt (G.F, 1) & "" & Codec.Fmt (G_Rep.Scene_Rms, 2) & "" & Codec.Img (G_Rep.Scene_Used) & ""	2	格式	日志 / 给脑的话里印几位小数
jointboot.adb	& "" & Codec.Fmt (Max_Pe (A), 4) & "");	4	格式	日志 / 给脑的话里印几位小数
jointboot.adb	& "" & Codec.Fmt (P.Cov (0, 0), 9) & "" & Codec.Fmt (P.Cov (0, 1), 9) & "" & Codec.Fmt (P.Cov (0, 2), 9)	2	格式	日志 / 给脑的话里印几位小数
jointboot.adb	& "" & Codec.Fmt (P.Cov (0, 0), 9) & "" & Codec.Fmt (P.Cov (0, 1), 9) & "" & Codec.Fmt (P.Cov (0, 2), 9)	9	格式	日志 / 给脑的话里印几位小数
jointboot.adb	& "" & Codec.Fmt (P.Cov (0, 0), 9) & "" & Codec.Fmt (P.Cov (0, 1), 9) & "" & Codec.Fmt (P.Cov (0, 2), 9)	9	格式	日志 / 给脑的话里印几位小数
jointboot.adb	& "" & Codec.Fmt (P.Cov (0, 0), 9) & "" & Codec.Fmt (P.Cov (0, 1), 9) & "" & Codec.Fmt (P.Cov (0, 2), 9)	9	格式	日志 / 给脑的话里印几位小数
jointboot.adb	& "" & Codec.Fmt (P.Cov (1, 1), 9) & "" & Codec.Fmt (P.Cov (1, 2), 9) & "" & Codec.Fmt (P.Cov (2, 2), 9)	9	格式	日志 / 给脑的话里印几位小数
jointboot.adb	& "" & Codec.Fmt (P.Cov (1, 1), 9) & "" & Codec.Fmt (P.Cov (1, 2), 9) & "" & Codec.Fmt (P.Cov (2, 2), 9)	9	格式	日志 / 给脑的话里印几位小数
jointboot.adb	& "" & Codec.Fmt (P.Cov (1, 1), 9) & "" & Codec.Fmt (P.Cov (1, 2), 9) & "" & Codec.Fmt (P.Cov (2, 2), 9)	9	格式	日志 / 给脑的话里印几位小数
jointboot.adb	& "" & Codec.Fmt (Sa.Off, 3) & "" & To_String (Sa.Why));	3	格式	日志 / 给脑的话里印几位小数
jointboot.adb	& "" & Codec.Fmt (X.E, 3) & "" & Codec.Fmt (P.X (0), 6) & "" & Codec.Fmt (P.X (1), 6) & "" & Codec.Fmt (P.X (2), 6)	3	格式	日志 / 给脑的话里印几位小数
jointboot.adb	& "" & Codec.Fmt (X.E, 3) & "" & Codec.Fmt (P.X (0), 6) & "" & Codec.Fmt (P.X (1), 6) & "" & Codec.Fmt (P.X (2), 6)	6	格式	日志 / 给脑的话里印几位小数
jointboot.adb	& "" & Codec.Fmt (X.E, 3) & "" & Codec.Fmt (P.X (0), 6) & "" & Codec.Fmt (P.X (1), 6) & "" & Codec.Fmt (P.X (2), 6)	6	格式	日志 / 给脑的话里印几位小数
jointboot.adb	& "" & Codec.Fmt (X.E, 3) & "" & Codec.Fmt (P.X (0), 6) & "" & Codec.Fmt (P.X (1), 6) & "" & Codec.Fmt (P.X (2), 6)	6	格式	日志 / 给脑的话里印几位小数
jointboot.adb	& "" & Codec.Fmt (Xb (0), 6) & "" & Codec.Fmt (Xb (1), 6) & "" & Codec.Fmt (Xb (2), 6));	6	格式	日志 / 给脑的话里印几位小数
jointboot.adb	& "" & Codec.Fmt (Xb (0), 6) & "" & Codec.Fmt (Xb (1), 6) & "" & Codec.Fmt (Xb (2), 6));	6	格式	日志 / 给脑的话里印几位小数
jointboot.adb	& "" & Codec.Fmt (Xb (0), 6) & "" & Codec.Fmt (Xb (1), 6) & "" & Codec.Fmt (Xb (2), 6));	6	格式	日志 / 给脑的话里印几位小数
jointboot.adb	& "" & Codec.Fmt (Xw (0), 6) & "" & Codec.Fmt (Xw (1), 6) & "" & Codec.Fmt (Xw (2), 6)	6	格式	日志 / 给脑的话里印几位小数
jointboot.adb	& "" & Codec.Fmt (Xw (0), 6) & "" & Codec.Fmt (Xw (1), 6) & "" & Codec.Fmt (Xw (2), 6)	6	格式	日志 / 给脑的话里印几位小数
jointboot.adb	& "" & Codec.Fmt (Xw (0), 6) & "" & Codec.Fmt (Xw (1), 6) & "" & Codec.Fmt (Xw (2), 6)	6	格式	日志 / 给脑的话里印几位小数
jointboot.adb	& "" & Codec.Fmt (abs Ph, 3) & "");	3	格式	日志 / 给脑的话里印几位小数
jointboot.adb	& "" & Codec.Img (G_Rep.Scene_Used) & "" & Codec.Img (G_Rep.Scene_N) & "" & Codec.Fmt (G.Pos (0), 9) & ""	9	格式	日志 / 给脑的话里印几位小数
jointboot.adb	& (if Info.Eye >= 0 then "" & Codec.Img (Natural (Info.Eye)) & "" & Codec.Fmt (100.0 * Bv, 0) & ""	100.0	调参数	还没证明是数学 / 数值 / 统计 / 格式 ⇒ 当成拍的数,要换成量出来的(或者证明它不是)
jointboot.adb	& Codec.Fmt ((if Hs then P.Ghi (Jx) else P.Glo (Jx)), 4) & "" & Codec.Fmt (Qn (Jx), 4) & ""	4	格式	日志 / 给脑的话里印几位小数
jointboot.adb	& Codec.Fmt ((if Hs then P.Ghi (Jx) else P.Glo (Jx)), 4) & "" & Codec.Fmt (Qn (Jx), 4) & ""	4	格式	日志 / 给脑的话里印几位小数
jointboot.adb	& Codec.Fmt ((if Hs then W.Hi (Jx) else W.Lo (Jx)), 4) & "");	4	格式	日志 / 给脑的话里印几位小数
jointboot.adb	& Codec.Fmt (C.Ub, 3) & "" & Codec.Fmt (C.Vb, 3) & "" & Integer'Image (C.Pt));	3	格式	日志 / 给脑的话里印几位小数
jointboot.adb	& Codec.Fmt (C.Ub, 3) & "" & Codec.Fmt (C.Vb, 3) & "" & Integer'Image (C.Pt));	3	格式	日志 / 给脑的话里印几位小数
jointboot.adb	& Codec.Fmt (G.Pos (1), 9) & "" & Codec.Fmt (G.Pos (2), 9) & "");	9	格式	日志 / 给脑的话里印几位小数
jointboot.adb	& Codec.Fmt (G.Pos (1), 9) & "" & Codec.Fmt (G.Pos (2), 9) & "");	9	格式	日志 / 给脑的话里印几位小数
jointboot.adb	& Codec.Fmt (M.Ax (J).P (2), 9) & "" & Kind_Word (M.Ax (J)));	9	格式	日志 / 给脑的话里印几位小数
jointboot.adb	& Codec.Fmt (M.Ax (J).W (2), 9) & "" & Codec.Fmt (M.Ax (J).P (0), 9) & "" & Codec.Fmt (M.Ax (J).P (1), 9) & ""	9	格式	日志 / 给脑的话里印几位小数
jointboot.adb	& Codec.Fmt (M.Ax (J).W (2), 9) & "" & Codec.Fmt (M.Ax (J).P (0), 9) & "" & Codec.Fmt (M.Ax (J).P (1), 9) & ""	9	格式	日志 / 给脑的话里印几位小数
jointboot.adb	& Codec.Fmt (M.Ax (J).W (2), 9) & "" & Codec.Fmt (M.Ax (J).P (0), 9) & "" & Codec.Fmt (M.Ax (J).P (1), 9) & ""	9	格式	日志 / 给脑的话里印几位小数
jointboot.adb	& Codec.Fmt (Med (Disp), 2) & "" & (if Same_View (Disp) then "" else ""));	2	格式	日志 / 给脑的话里印几位小数
jointboot.adb	& Codec.Fmt (Med (Disp), 2) & "" & (if Same_View (Disp) then "" else ""));	2	格式	日志 / 给脑的话里印几位小数
jointboot.adb	& Codec.Fmt (Rep.Mv_Start_Px, 3) & "" & Codec.Fmt (Rep.Mv_Px, 3) & "" & Codec.Fmt (Rep.Mv_P90_Px, 3) & "" & Codec.Img (Rep.Mv_Iters) & ""	3	格式	日志 / 给脑的话里印几位小数
jointboot.adb	& Codec.Fmt (Rep.Mv_Start_Px, 3) & "" & Codec.Fmt (Rep.Mv_Px, 3) & "" & Codec.Fmt (Rep.Mv_P90_Px, 3) & "" & Codec.Img (Rep.Mv_Iters) & ""	3	格式	日志 / 给脑的话里印几位小数
jointboot.adb	& Codec.Fmt (Rep.Mv_Start_Px, 3) & "" & Codec.Fmt (Rep.Mv_Px, 3) & "" & Codec.Fmt (Rep.Mv_P90_Px, 3) & "" & Codec.Img (Rep.Mv_Iters) & ""	3	格式	日志 / 给脑的话里印几位小数
jointboot.adb	& Codec.Fmt (Rep.P90_Px, 3) & "" & Codec.Img (Rep.N_Used) & "" & Codec.Img (Rep.N_Corr) & ""	3	格式	日志 / 给脑的话里印几位小数
jointboot.adb	& Codec.Fmt (Worlds (B).Ta (1), 3) & "" & Codec.Fmt (Worlds (B).Ta (2), 3) & "");	3	格式	日志 / 给脑的话里印几位小数
jointboot.adb	& Codec.Fmt (Worlds (B).Ta (1), 3) & "" & Codec.Fmt (Worlds (B).Ta (2), 3) & "");	3	格式	日志 / 给脑的话里印几位小数
jointboot.adb	& Codec.Fmt (X.U, 3) & "" & Codec.Fmt (X.V, 3) & "" & Codec.Fmt (X.Uw, 3) & "" & Codec.Fmt (X.Vw, 3) & "" & Codec.Fmt (X.E, 3)	3	格式	日志 / 给脑的话里印几位小数
jointboot.adb	& Codec.Fmt (X.U, 3) & "" & Codec.Fmt (X.V, 3) & "" & Codec.Fmt (X.Uw, 3) & "" & Codec.Fmt (X.Vw, 3) & "" & Codec.Fmt (X.E, 3)	3	格式	日志 / 给脑的话里印几位小数
jointboot.adb	& Codec.Fmt (X.U, 3) & "" & Codec.Fmt (X.V, 3) & "" & Codec.Fmt (X.Uw, 3) & "" & Codec.Fmt (X.Vw, 3) & "" & Codec.Fmt (X.E, 3)	3	格式	日志 / 给脑的话里印几位小数
jointboot.adb	& Codec.Fmt (X.U, 3) & "" & Codec.Fmt (X.V, 3) & "" & Codec.Fmt (X.Uw, 3) & "" & Codec.Fmt (X.Vw, 3) & "" & Codec.Fmt (X.E, 3)	3	格式	日志 / 给脑的话里印几位小数
jointboot.adb	& Codec.Fmt (X.U, 3) & "" & Codec.Fmt (X.V, 3) & "" & Codec.Fmt (X.Uw, 3) & "" & Codec.Fmt (X.Vw, 3) & "" & Codec.Fmt (X.E, 3)	3	格式	日志 / 给脑的话里印几位小数
jointboot.adb	& Codec.Img (G_Rep.Scene_N) & "" & Codec.Fmt (abs Dist (G.Pos, Pl0, N0), 3) & "" & Lap);	3	格式	日志 / 给脑的话里印几位小数
jointboot.adb	([[V (T, I), V (T, I + 1), V (T, I + 2)], [V (T, I + 3), V (T, I + 4), V (T, I + 5)], [V (T, I + 6), V (T, I + 7), V (T, I + 8)]]);	2	调参数	还没证明是数学 / 数值 / 统计 / 格式 ⇒ 当成拍的数,要换成量出来的(或者证明它不是)
jointboot.adb	([[V (T, I), V (T, I + 1), V (T, I + 2)], [V (T, I + 3), V (T, I + 4), V (T, I + 5)], [V (T, I + 6), V (T, I + 7), V (T, I + 8)]]);	3	调参数	还没证明是数学 / 数值 / 统计 / 格式 ⇒ 当成拍的数,要换成量出来的(或者证明它不是)
jointboot.adb	([[V (T, I), V (T, I + 1), V (T, I + 2)], [V (T, I + 3), V (T, I + 4), V (T, I + 5)], [V (T, I + 6), V (T, I + 7), V (T, I + 8)]]);	4	调参数	还没证明是数学 / 数值 / 统计 / 格式 ⇒ 当成拍的数,要换成量出来的(或者证明它不是)
jointboot.adb	([[V (T, I), V (T, I + 1), V (T, I + 2)], [V (T, I + 3), V (T, I + 4), V (T, I + 5)], [V (T, I + 6), V (T, I + 7), V (T, I + 8)]]);	5	调参数	还没证明是数学 / 数值 / 统计 / 格式 ⇒ 当成拍的数,要换成量出来的(或者证明它不是)
jointboot.adb	([[V (T, I), V (T, I + 1), V (T, I + 2)], [V (T, I + 3), V (T, I + 4), V (T, I + 5)], [V (T, I + 6), V (T, I + 7), V (T, I + 8)]]);	6	调参数	还没证明是数学 / 数值 / 统计 / 格式 ⇒ 当成拍的数,要换成量出来的(或者证明它不是)
jointboot.adb	([[V (T, I), V (T, I + 1), V (T, I + 2)], [V (T, I + 3), V (T, I + 4), V (T, I + 5)], [V (T, I + 6), V (T, I + 7), V (T, I + 8)]]);	7	调参数	还没证明是数学 / 数值 / 统计 / 格式 ⇒ 当成拍的数,要换成量出来的(或者证明它不是)
jointboot.adb	([[V (T, I), V (T, I + 1), V (T, I + 2)], [V (T, I + 3), V (T, I + 4), V (T, I + 5)], [V (T, I + 6), V (T, I + 7), V (T, I + 8)]]);	8	调参数	还没证明是数学 / 数值 / 统计 / 格式 ⇒ 当成拍的数,要换成量出来的(或者证明它不是)
jointboot.adb	(if Up then St (A).Q0 (Jx) + 0.5 * (Hi (A) (Jx) - St (A).Q0 (Jx)) else St (A).Q0 (Jx) - 0.5 * (St (A).Q0 (Jx) - Lo (A) (Jx)));	0.5	数学	求中点 / 一半
jointboot.adb	(if Up then St (A).Q0 (Jx) + 0.5 * (Hi (A) (Jx) - St (A).Q0 (Jx)) else St (A).Q0 (Jx) - 0.5 * (St (A).Q0 (Jx) - Lo (A) (Jx)));	0.5	数学	求中点 / 一半
jointboot.adb	Ada.Text_IO.Put (Fo, "" & Codec.Fmt (Ea (Kp.A) (I), 7));	7	格式	日志 / 给脑的话里印几位小数
jointboot.adb	Ada.Text_IO.Put (Fo, "" & Codec.Fmt (G.F, 6) & "" & Codec.Fmt (G.Cx, 3) & "" & Codec.Fmt (G.Cy, 3) & "" & Codec.Fmt (G_Rep.Scene_Rms, 4)	3	格式	日志 / 给脑的话里印几位小数
jointboot.adb	Ada.Text_IO.Put (Fo, "" & Codec.Fmt (G.F, 6) & "" & Codec.Fmt (G.Cx, 3) & "" & Codec.Fmt (G.Cy, 3) & "" & Codec.Fmt (G_Rep.Scene_Rms, 4)	3	格式	日志 / 给脑的话里印几位小数
jointboot.adb	Ada.Text_IO.Put (Fo, "" & Codec.Fmt (G.F, 6) & "" & Codec.Fmt (G.Cx, 3) & "" & Codec.Fmt (G.Cy, 3) & "" & Codec.Fmt (G_Rep.Scene_Rms, 4)	4	格式	日志 / 给脑的话里印几位小数
jointboot.adb	Ada.Text_IO.Put (Fo, "" & Codec.Fmt (G.F, 6) & "" & Codec.Fmt (G.Cx, 3) & "" & Codec.Fmt (G.Cy, 3) & "" & Codec.Fmt (G_Rep.Scene_Rms, 4)	6	格式	日志 / 给脑的话里印几位小数
jointboot.adb	Ada.Text_IO.Put (Fo, "" & Codec.Fmt (G.R_Ce (I, J), 9));	9	格式	日志 / 给脑的话里印几位小数
jointboot.adb	Ada.Text_IO.Put (Fo, "" & Codec.Fmt (Pes (A), 7) & "" & Codec.Fmt (Rrs (A), 7) & "");	7	格式	日志 / 给脑的话里印几位小数
jointboot.adb	Ada.Text_IO.Put (Fo, "" & Codec.Fmt (Pes (A), 7) & "" & Codec.Fmt (Rrs (A), 7) & "");	7	格式	日志 / 给脑的话里印几位小数
jointboot.adb	Ada.Text_IO.Put (Fo, "" & Codec.Fmt (Worlds (B).Ra (I, J), 9));	9	格式	日志 / 给脑的话里印几位小数
jointboot.adb	Ada.Text_IO.Put (Fo, "" & Codec.Fmt (Worlds (B).S, 9) & "");	9	格式	日志 / 给脑的话里印几位小数
jointboot.adb	Ada.Text_IO.Put (Fo, "" & Codec.Fmt (X, 9));	9	格式	日志 / 给脑的话里印几位小数
jointboot.adb	Ada.Text_IO.Put (Fo, Codec.Fmt (Rw (I, J), 9) & "");	9	格式	日志 / 给脑的话里印几位小数
jointboot.adb	Ada.Text_IO.Put_Line (Fo, "" & Codec.Fmt (P.U, 3) & "" & Codec.Fmt (P.V, 3));	3	格式	日志 / 给脑的话里印几位小数
jointboot.adb	Ada.Text_IO.Put_Line (Fo, "" & Codec.Fmt (P.U, 3) & "" & Codec.Fmt (P.V, 3));	3	格式	日志 / 给脑的话里印几位小数
jointboot.adb	Ada.Text_IO.Put_Line (Fo, "" & Codec.Fmt (Worlds (B).Ta (0), 9) & "" & Codec.Fmt (Worlds (B).Ta (1), 9) & "" & Codec.Fmt (Worlds (B).Ta (2), 9));	9	格式	日志 / 给脑的话里印几位小数
jointboot.adb	Ada.Text_IO.Put_Line (Fo, "" & Codec.Fmt (Worlds (B).Ta (0), 9) & "" & Codec.Fmt (Worlds (B).Ta (1), 9) & "" & Codec.Fmt (Worlds (B).Ta (2), 9));	9	格式	日志 / 给脑的话里印几位小数
jointboot.adb	Ada.Text_IO.Put_Line (Fo, "" & Codec.Fmt (Worlds (B).Ta (0), 9) & "" & Codec.Fmt (Worlds (B).Ta (1), 9) & "" & Codec.Fmt (Worlds (B).Ta (2), 9));	9	格式	日志 / 给脑的话里印几位小数
jointboot.adb	Ada.Text_IO.Put_Line (Fo, "" & Codec.Img (A) & "" & Codec.Img (M.N) & "" & Codec.Fmt (M.F, 6) & "" & Codec.Fmt (M.Cx, 3) & "" & Codec.Fmt (M.Cy, 3));	3	格式	日志 / 给脑的话里印几位小数
jointboot.adb	Ada.Text_IO.Put_Line (Fo, "" & Codec.Img (A) & "" & Codec.Img (M.N) & "" & Codec.Fmt (M.F, 6) & "" & Codec.Fmt (M.Cx, 3) & "" & Codec.Fmt (M.Cy, 3));	3	格式	日志 / 给脑的话里印几位小数
jointboot.adb	Ada.Text_IO.Put_Line (Fo, "" & Codec.Img (A) & "" & Codec.Img (M.N) & "" & Codec.Fmt (M.F, 6) & "" & Codec.Fmt (M.Cx, 3) & "" & Codec.Fmt (M.Cy, 3));	6	格式	日志 / 给脑的话里印几位小数
jointboot.adb	Ada.Text_IO.Put_Line (Fo, "" & Codec.Img (J) & "" & Codec.Fmt (M.Ax (J).W (0), 9) & "" & Codec.Fmt (M.Ax (J).W (1), 9) & ""	9	格式	日志 / 给脑的话里印几位小数
jointboot.adb	Ada.Text_IO.Put_Line (Fo, "" & Codec.Img (J) & "" & Codec.Fmt (M.Ax (J).W (0), 9) & "" & Codec.Fmt (M.Ax (J).W (1), 9) & ""	9	格式	日志 / 给脑的话里印几位小数
jointboot.adb	Ada.Text_IO.Put_Line (Fo, Codec.Fmt (O (0), 9) & "" & Codec.Fmt (O (1), 9) & "" & Codec.Fmt (O (2), 9));	9	格式	日志 / 给脑的话里印几位小数
jointboot.adb	Ada.Text_IO.Put_Line (Fo, Codec.Fmt (O (0), 9) & "" & Codec.Fmt (O (1), 9) & "" & Codec.Fmt (O (2), 9));	9	格式	日志 / 给脑的话里印几位小数
jointboot.adb	Ada.Text_IO.Put_Line (Fo, Codec.Fmt (O (0), 9) & "" & Codec.Fmt (O (1), 9) & "" & Codec.Fmt (O (2), 9));	9	格式	日志 / 给脑的话里印几位小数
jointboot.adb	Ada.Text_IO.Put_Line (Fo, Codec.Img (C.I) & "" & Codec.Img (C.J) & "" & Codec.Fmt (C.Ua, 3) & "" & Codec.Fmt (C.Va, 3) & ""	3	格式	日志 / 给脑的话里印几位小数
jointboot.adb	Ada.Text_IO.Put_Line (Fo, Codec.Img (C.I) & "" & Codec.Img (C.J) & "" & Codec.Fmt (C.Ua, 3) & "" & Codec.Fmt (C.Va, 3) & ""	3	格式	日志 / 给脑的话里印几位小数
jointboot.adb	Ada.Text_IO.Put_Line (Fo, Codec.Img (X.Pa) & "" & Codec.Img (Wv (X.Wk).Frame) & "" & Codec.Img (X.Pk) & "" & Codec.Fmt (X.U, 3) & "" & Codec.Fmt (X.V, 3)	3	格式	日志 / 给脑的话里印几位小数
jointboot.adb	Ada.Text_IO.Put_Line (Fo, Codec.Img (X.Pa) & "" & Codec.Img (Wv (X.Wk).Frame) & "" & Codec.Img (X.Pk) & "" & Codec.Fmt (X.U, 3) & "" & Codec.Fmt (X.V, 3)	3	格式	日志 / 给脑的话里印几位小数
jointboot.adb	Amp : Long_Float := Long_Float'Max (Start_Amp, 4.0 * M.Joint_Noise);	4.0	调参数	还没证明是数学 / 数值 / 统计 / 格式 ⇒ 当成拍的数,要换成量出来的(或者证明它不是)
jointboot.adb	Append (T, "" & Codec.Img (Rep.Rho_Pairs) & "" & Codec.Fmt (Rep.Rho_Start_Px, 3) & "" & Codec.Fmt (Rep.Rho_Px, 3) & "");	3	格式	日志 / 给脑的话里印几位小数
jointboot.adb	Append (T, "" & Codec.Img (Rep.Rho_Pairs) & "" & Codec.Fmt (Rep.Rho_Start_Px, 3) & "" & Codec.Fmt (Rep.Rho_Px, 3) & "");	3	格式	日志 / 给脑的话里印几位小数
jointboot.adb	Append (Txt, "" & Codec.Img (K) & "" & Codec.Fmt (Sum (K) / Long_Float (Natural'Max (1, N_Live)), 2));	2	格式	日志 / 给脑的话里印几位小数
jointboot.adb	Arm_Slot (B) := Np; Np := Np + 7;	7	调参数	还没证明是数学 / 数值 / 统计 / 格式 ⇒ 当成拍的数,要换成量出来的(或者证明它不是)
jointboot.adb	Best : Integer := -2;	2	调参数	还没证明是数学 / 数值 / 统计 / 格式 ⇒ 当成拍的数,要换成量出来的(或者证明它不是)
jointboot.adb	Board.Append (Scene_Pt'(Pw => Ap (Rw, X0), Cov => Cw, U => X.U, V => X.V, Sh => Sh, Views => 2));	2	调参数	还没证明是数学 / 数值 / 统计 / 格式 ⇒ 当成拍的数,要换成量出来的(或者证明它不是)
jointboot.adb	Cam_Sig : Long_Float := 1.0e-6;	1.0e-6	调参数	还没证明是数学 / 数值 / 统计 / 格式 ⇒ 当成拍的数,要换成量出来的(或者证明它不是)
jointboot.adb	Cam_Sig := Long_Float'Max (Es (Natural (Es.Length) / 2), 1.0e-6);	1.0e-6	数值	浮点的防除零 / 数值容差(不描述身体和世界)
jointboot.adb	Cam_Sig := Long_Float'Max (Es (Natural (Es.Length) / 2), 1.0e-6);	2	数学	求中点 / 一半
jointboot.adb	Cam_Slot := Np; Np := Np + 7;	7	调参数	还没证明是数学 / 数值 / 统计 / 格式 ⇒ 当成拍的数,要换成量出来的(或者证明它不是)
jointboot.adb	Coarse_S : constant := 2;	2	调参数	还没证明是数学 / 数值 / 统计 / 格式 ⇒ 当成拍的数,要换成量出来的(或者证明它不是)
jointboot.adb	Coarse_T : constant := 5;	5	调参数	还没证明是数学 / 数值 / 统计 / 格式 ⇒ 当成拍的数,要换成量出来的(或者证明它不是)
jointboot.adb	Ds (A).Runs.Append (if Multi then 2 * Nj + 1 else (if K = 0 then 0 else 1 + 2 * Integer (J) + (if Dd > 0 then 1 else 0)));	2	调参数	还没证明是数学 / 数值 / 统计 / 格式 ⇒ 当成拍的数,要换成量出来的(或者证明它不是)
jointboot.adb	Ds (A).Runs.Append (if Multi then 2 * Nj + 1 else (if K = 0 then 0 else 1 + 2 * Integer (J) + (if Dd > 0 then 1 else 0)));	2	调参数	还没证明是数学 / 数值 / 统计 / 格式 ⇒ 当成拍的数,要换成量出来的(或者证明它不是)
jointboot.adb	E1 : V3 := Cross (N0, (if abs N0 (0) < 0.9 then [1.0, 0.0, 0.0] else [0.0, 1.0, 0.0]));	0.9	调参数	还没证明是数学 / 数值 / 统计 / 格式 ⇒ 当成拍的数,要换成量出来的(或者证明它不是)
jointboot.adb	E1 : constant V3 := Cross (Nb, (if abs Nb (0) < 0.9 then [1.0, 0.0, 0.0] else [0.0, 1.0, 0.0]));	0.9	调参数	还没证明是数学 / 数值 / 统计 / 格式 ⇒ 当成拍的数,要换成量出来的(或者证明它不是)
jointboot.adb	E1 := 1.0e3; E2 := 1.0e3;	1.0e3	调参数	还没证明是数学 / 数值 / 统计 / 格式 ⇒ 当成拍的数,要换成量出来的(或者证明它不是)
jointboot.adb	E1 := 1.0e3; E2 := 1.0e3;	1.0e3	调参数	还没证明是数学 / 数值 / 统计 / 格式 ⇒ 当成拍的数,要换成量出来的(或者证明它不是)
jointboot.adb	E1 := Cross (N0, (if abs N0 (0) < 0.9 then [1.0, 0.0, 0.0] else [0.0, 1.0, 0.0]));	0.9	调参数	还没证明是数学 / 数值 / 统计 / 格式 ⇒ 当成拍的数,要换成量出来的(或者证明它不是)
jointboot.adb	E1 := E1 / Jf (2 * Na); E2 := E2 / Jf (2 * Na);	2	调参数	还没证明是数学 / 数值 / 统计 / 格式 ⇒ 当成拍的数,要换成量出来的(或者证明它不是)
jointboot.adb	E1 := E1 / Jf (2 * Na); E2 := E2 / Jf (2 * Na);	2	调参数	还没证明是数学 / 数值 / 统计 / 格式 ⇒ 当成拍的数,要换成量出来的(或者证明它不是)
jointboot.adb	Ec.Replace_Element (K, Ec (K) / Jf (2 * Na));	2	调参数	还没证明是数学 / 数值 / 统计 / 格式 ⇒ 当成拍的数,要换成量出来的(或者证明它不是)
jointboot.adb	Fac (G) := Long_Float'Max (Es (G) (Natural (Es (G).Length) / 2) / 1.1774, 1.0e-6);	1.0e-6	数值	浮点的防除零 / 数值容差(不描述身体和世界)
jointboot.adb	Fac (G) := Long_Float'Max (Es (G) (Natural (Es (G).Length) / 2) / 1.1774, 1.0e-6);	1.1774	调参数	还没证明是数学 / 数值 / 统计 / 格式 ⇒ 当成拍的数,要换成量出来的(或者证明它不是)
jointboot.adb	Fac (G) := Long_Float'Max (Es (G) (Natural (Es (G).Length) / 2) / 1.1774, 1.0e-6);	2	数学	求中点 / 一半
jointboot.adb	Gate := 2.5 * 1.4826 * Md;	1.4826	统计	中位绝对偏差换成正态的标准差(统计换算)
jointboot.adb	Gate := 2.5 * 1.4826 * Md;	2.5	调参数	还没证明是数学 / 数值 / 统计 / 格式 ⇒ 当成拍的数,要换成量出来的(或者证明它不是)
jointboot.adb	Gi : constant Natural := 2 * B + (if Wv (Ob.Wk).Arm < 0 then 1 else 0);	2	调参数	还没证明是数学 / 数值 / 统计 / 格式 ⇒ 当成拍的数,要换成量出来的(或者证明它不是)
jointboot.adb	Grow : constant := 2.0;	2.0	调参数	还没证明是数学 / 数值 / 统计 / 格式 ⇒ 当成拍的数,要换成量出来的(或者证明它不是)
jointboot.adb	Gt.Cx := Long_Float (Ds (0).World_Img.W) / 2.0; Gt.Cy := Long_Float (Ds (0).World_Img.H) / 2.0; Gt.F := Pin_Fixed_F;	2.0	数学	求中点 / 一半
jointboot.adb	Gt.Cx := Long_Float (Ds (0).World_Img.W) / 2.0; Gt.Cy := Long_Float (Ds (0).World_Img.H) / 2.0; Gt.F := Pin_Fixed_F;	2.0	数学	求中点 / 一半
jointboot.adb	Gw := Long_Float (Sa.W) / 5.0;	5.0	调参数	还没证明是数学 / 数值 / 统计 / 格式 ⇒ 当成拍的数,要换成量出来的(或者证明它不是)
jointboot.adb	Gx : constant := 32;	32	调参数	还没证明是数学 / 数值 / 统计 / 格式 ⇒ 当成拍的数,要换成量出来的(或者证明它不是)
jointboot.adb	Gy : constant := 24;	24	调参数	还没证明是数学 / 数值 / 统计 / 格式 ⇒ 当成拍的数,要换成量出来的(或者证明它不是)
jointboot.adb	Half_Hi : constant Long_Float := (if K < Natural (Step_Hi.Length) then 0.5 * Step_Hi (K) else 0.0);	0.5	调参数	还没证明是数学 / 数值 / 统计 / 格式 ⇒ 当成拍的数,要换成量出来的(或者证明它不是)
jointboot.adb	Half_Lo : constant Long_Float := (if K < Natural (Step_Lo.Length) then 0.5 * Step_Lo (K) else 0.0);	0.5	调参数	还没证明是数学 / 数值 / 统计 / 格式 ⇒ 当成拍的数,要换成量出来的(或者证明它不是)
jointboot.adb	Ia => Natural (Sa.Ids (Natural (Sa.Ids.Length) - 2)), Ib => Natural (Id), W => Sa.W, H => Sa.H, Serial => N_Jobs));	2	调参数	还没证明是数学 / 数值 / 统计 / 格式 ⇒ 当成拍的数,要换成量出来的(或者证明它不是)
jointboot.adb	Jf (G) := Long_Float'Max (Per (G) (Natural (Per (G).Length) / 2) / 1.1774, 1.0e-6);	1.0e-6	数值	浮点的防除零 / 数值容差(不描述身体和世界)
jointboot.adb	Jf (G) := Long_Float'Max (Per (G) (Natural (Per (G).Length) / 2) / 1.1774, 1.0e-6);	1.1774	调参数	还没证明是数学 / 数值 / 统计 / 格式 ⇒ 当成拍的数,要换成量出来的(或者证明它不是)
jointboot.adb	Jf (G) := Long_Float'Max (Per (G) (Natural (Per (G).Length) / 2) / 1.1774, 1.0e-6);	2	数学	求中点 / 一半
jointboot.adb	Jobs.Put ((A => A, I => Natural (Ds (A).Frames.Length) - 2, J => Natural (Ds (A).Frames.Length) - 1,	2	调参数	还没证明是数学 / 数值 / 统计 / 格式 ⇒ 当成拍的数,要换成量出来的(或者证明它不是)
jointboot.adb	Kinem.Fit (D.Frames, 0, Cs, Long_Float (D.W) / 2.0, Long_Float (D.H) / 2.0, Long_Float (D.W), M, Rep, Ok);	2.0	数学	求中点 / 一半
jointboot.adb	Kinem.Fit (D.Frames, 0, Cs, Long_Float (D.W) / 2.0, Long_Float (D.H) / 2.0, Long_Float (D.W), M, Rep, Ok);	2.0	数学	求中点 / 一半
jointboot.adb	Kinem.Robust_LM (X, N_Res, N_Res, 100, Steps, Resid'Access);	100	调参数	还没证明是数学 / 数值 / 统计 / 格式 ⇒ 当成拍的数,要换成量出来的(或者证明它不是)
jointboot.adb	Kinem.Robust_LM (X, N_Res, N_Res, 100, Steps, Resid'Access);	100	调参数	还没证明是数学 / 数值 / 统计 / 格式 ⇒ 当成拍的数,要换成量出来的(或者证明它不是)
jointboot.adb	Kinem.Track_Points (M, D.Frames, Cs, Only_I => 0, Min_Views => 3, Tracks => Tp, Sig_Px => Sig_Px);	3	调参数	还没证明是数学 / 数值 / 统计 / 格式 ⇒ 当成拍的数,要换成量出来的(或者证明它不是)
jointboot.adb	L11 : constant Long_Float := Sqrt (Long_Float'Max (A11, 1.0e-18));	1.0e-18	数值	浮点的防除零 / 数值容差(不描述身体和世界)
jointboot.adb	L22 : constant Long_Float := Sqrt (Long_Float'Max (A22 - L21 * L21, 1.0e-18));	1.0e-18	数值	浮点的防除零 / 数值容差(不描述身体和世界)
jointboot.adb	Max_Doublings : constant := 12;	12	调参数	还没证明是数学 / 数值 / 统计 / 格式 ⇒ 当成拍的数,要换成量出来的(或者证明它不是)
jointboot.adb	Md := Es (Natural (Es.Length) / 2);	2	数学	求中点 / 一半
jointboot.adb	Min_Inl : constant := 10;	10	调参数	还没证明是数学 / 数值 / 统计 / 格式 ⇒ 当成拍的数,要换成量出来的(或者证明它不是)
jointboot.adb	Multi_J : constant := 99;	99	调参数	还没证明是数学 / 数值 / 统计 / 格式 ⇒ 当成拍的数,要换成量出来的(或者证明它不是)
jointboot.adb	N_Check : constant := 3;	3	调参数	还没证明是数学 / 数值 / 统计 / 格式 ⇒ 当成拍的数,要换成量出来的(或者证明它不是)
jointboot.adb	N_Res : constant Natural := 2 * Nu + 3;	2	调参数	还没证明是数学 / 数值 / 统计 / 格式 ⇒ 当成拍的数,要换成量出来的(或者证明它不是)
jointboot.adb	N_Res : constant Natural := 2 * Nu + 3;	3	调参数	还没证明是数学 / 数值 / 统计 / 格式 ⇒ 当成拍的数,要换成量出来的(或者证明它不是)
jointboot.adb	N_Res : constant Natural := 2 * Nua + 2 * Nuc + 3 * N_Planes;	2	调参数	还没证明是数学 / 数值 / 统计 / 格式 ⇒ 当成拍的数,要换成量出来的(或者证明它不是)
jointboot.adb	N_Res : constant Natural := 2 * Nua + 2 * Nuc + 3 * N_Planes;	2	调参数	还没证明是数学 / 数值 / 统计 / 格式 ⇒ 当成拍的数,要换成量出来的(或者证明它不是)
jointboot.adb	N_Res : constant Natural := 2 * Nua + 2 * Nuc + 3 * N_Planes;	3	调参数	还没证明是数学 / 数值 / 统计 / 格式 ⇒ 当成拍的数,要换成量出来的(或者证明它不是)
jointboot.adb	N_Scale : constant := 41;	41	调参数	还没证明是数学 / 数值 / 统计 / 格式 ⇒ 当成拍的数,要换成量出来的(或者证明它不是)
jointboot.adb	N_Theta : constant := 360;	360	调参数	还没证明是数学 / 数值 / 统计 / 格式 ⇒ 当成拍的数,要换成量出来的(或者证明它不是)
jointboot.adb	Per (2 * Na).Append (E);	2	调参数	还没证明是数学 / 数值 / 统计 / 格式 ⇒ 当成拍的数,要换成量出来的(或者证明它不是)
jointboot.adb	Pl_Sn (B) := Sqrt ((Se_B / Long_Float'Max (Ext_B, 1.0e-12)) ** 2 + (Se_0 / Long_Float'Max (Ext_0, 1.0e-12)) ** 2);	1.0e-12	数值	浮点的防除零 / 数值容差(不描述身体和世界)
jointboot.adb	Pl_Sn (B) := Sqrt ((Se_B / Long_Float'Max (Ext_B, 1.0e-12)) ** 2 + (Se_0 / Long_Float'Max (Ext_0, 1.0e-12)) ** 2);	1.0e-12	数值	浮点的防除零 / 数值容差(不描述身体和世界)
jointboot.adb	Plane_Res (B, Sx, Rx, Tx, Rr (J), Rr (J + 1), Rr (J + 2)); J := J + 3;	3	调参数	还没证明是数学 / 数值 / 统计 / 格式 ⇒ 当成拍的数,要换成量出来的(或者证明它不是)
jointboot.adb	Plane_Rms := 1.4826 * Pl0_Md;	1.4826	统计	中位绝对偏差换成正态的标准差(统计换算)
jointboot.adb	Put (Fo, "" & Codec.Fmt (K.Fixed_Eye.F, 6) & "" & Codec.Fmt (K.Fixed_Eye.Cx, 3) & "" & Codec.Fmt (K.Fixed_Eye.Cy, 3) & "" & Codec.Fmt (K.Fixed_Eye.Rms, 4) & ""	3	格式	日志 / 给脑的话里印几位小数
jointboot.adb	Put (Fo, "" & Codec.Fmt (K.Fixed_Eye.F, 6) & "" & Codec.Fmt (K.Fixed_Eye.Cx, 3) & "" & Codec.Fmt (K.Fixed_Eye.Cy, 3) & "" & Codec.Fmt (K.Fixed_Eye.Rms, 4) & ""	3	格式	日志 / 给脑的话里印几位小数
jointboot.adb	Put (Fo, "" & Codec.Fmt (K.Fixed_Eye.F, 6) & "" & Codec.Fmt (K.Fixed_Eye.Cx, 3) & "" & Codec.Fmt (K.Fixed_Eye.Cy, 3) & "" & Codec.Fmt (K.Fixed_Eye.Rms, 4) & ""	4	格式	日志 / 给脑的话里印几位小数
jointboot.adb	Put (Fo, "" & Codec.Fmt (K.Fixed_Eye.F, 6) & "" & Codec.Fmt (K.Fixed_Eye.Cx, 3) & "" & Codec.Fmt (K.Fixed_Eye.Cy, 3) & "" & Codec.Fmt (K.Fixed_Eye.Rms, 4) & ""	6	格式	日志 / 给脑的话里印几位小数
jointboot.adb	Put_Line (Fo, "" & Codec.Fmt (P.U, 3) & "" & Codec.Fmt (P.V, 3));	3	格式	日志 / 给脑的话里印几位小数
jointboot.adb	Put_Line (Fo, "" & Codec.Fmt (P.U, 3) & "" & Codec.Fmt (P.V, 3));	3	格式	日志 / 给脑的话里印几位小数
jointboot.adb	Put_Line (Fo, "" & Codec.Img (A) & "" & Codec.Img (W.Model.N) & "" & Codec.Fmt (W.Model.F, 6) & "" & Codec.Fmt (W.Model.Cx, 3) & "" & Codec.Fmt (W.Model.Cy, 3));	3	格式	日志 / 给脑的话里印几位小数
jointboot.adb	Put_Line (Fo, "" & Codec.Img (A) & "" & Codec.Img (W.Model.N) & "" & Codec.Fmt (W.Model.F, 6) & "" & Codec.Fmt (W.Model.Cx, 3) & "" & Codec.Fmt (W.Model.Cy, 3));	3	格式	日志 / 给脑的话里印几位小数
jointboot.adb	Put_Line (Fo, "" & Codec.Img (A) & "" & Codec.Img (W.Model.N) & "" & Codec.Fmt (W.Model.F, 6) & "" & Codec.Fmt (W.Model.Cx, 3) & "" & Codec.Fmt (W.Model.Cy, 3));	6	格式	日志 / 给脑的话里印几位小数
jointboot.adb	Q.Append (Instrument.Match_Pt'(U => (Long_Float (Gxx) + 0.5) * Long_Float (A_Img.W) / Long_Float (Gx),	0.5	调参数	还没证明是数学 / 数值 / 统计 / 格式 ⇒ 当成拍的数,要换成量出来的(或者证明它不是)
jointboot.adb	Q.Append (Instrument.Match_Pt'(U => (Long_Float (Gxx) + 0.5) * Long_Float (W) / Long_Float (Gx),	0.5	调参数	还没证明是数学 / 数值 / 统计 / 格式 ⇒ 当成拍的数,要换成量出来的(或者证明它不是)
jointboot.adb	Qm.Append (0.5 * (Qa (J) + Qb (J)));	0.5	数学	求中点 / 一半
jointboot.adb	Ramp : constant := 4.0;	4.0	调参数	还没证明是数学 / 数值 / 统计 / 格式 ⇒ 当成拍的数,要换成量出来的(或者证明它不是)
jointboot.adb	Res2 (Arm_Obs (B) (K), Wv (Arm_Obs (B) (K).Wk).Cam, Sx, Rx, Tx, Rr (J), Rr (J + 1)); J := J + 2;	2	调参数	还没证明是数学 / 数值 / 统计 / 格式 ⇒ 当成拍的数,要换成量出来的(或者证明它不是)
jointboot.adb	Rr (J) := E1; Rr (J + 1) := E2; J := J + 2;	2	调参数	还没证明是数学 / 数值 / 统计 / 格式 ⇒ 当成拍的数,要换成量出来的(或者证明它不是)
jointboot.adb	Rr (J) := E1; Rr (J + 1) := E2; J := J + 2;	2	调参数	还没证明是数学 / 数值 / 统计 / 格式 ⇒ 当成拍的数,要换成量出来的(或者证明它不是)
jointboot.adb	Rx : constant M3 := Mul (Rz (2.0 * Ada.Numerics.Pi * Long_Float (Itm) / Long_Float (N_Theta)), R0);	2.0	数学	π 的倍数 / 弧度换算
jointboot.adb	Sa.Px_Per := Dv (Natural (Dv.Length) / 2) / Dq;	2	数学	求中点 / 一半
jointboot.adb	Sa.Step := 0.03 * Long_Float'Max (1.0, abs Sa.Q0 (J));	0.03	调参数	还没证明是数学 / 数值 / 统计 / 格式 ⇒ 当成拍的数,要换成量出来的(或者证明它不是)
jointboot.adb	Sa.Step := Sa.Step * Long_Float'Max (0.5, Long_Float'Min (Ramp, Gw / (Sa.Step * Sa.Px_Per)));	0.5	调参数	还没证明是数学 / 数值 / 统计 / 格式 ⇒ 当成拍的数,要换成量出来的(或者证明它不是)
jointboot.adb	Say ("" & Codec.Fmt (G.F, 1) & "" & Codec.Fmt (abs Dist (G.Pos, Pl0, N0), 3) & "");	3	格式	日志 / 给脑的话里印几位小数
jointboot.adb	Say ("" & Codec.Fmt (Rep.F_Start, 1) & "" & Codec.Fmt (Rep.F_Axes, 1) & "" & Codec.Fmt (Rep.F, 1) & "" & Codec.Fmt (Rep.Med_Px, 3) & ""	3	格式	日志 / 给脑的话里印几位小数
jointboot.adb	Say ("" & Codec.Img (A + 1) & "" & Codec.Img (Jm) & "" & Codec.Fmt (Full (Jm), 4) & "" & Codec.Fmt (Q (Jm), 4)	4	格式	日志 / 给脑的话里印几位小数
jointboot.adb	Say ("" & Codec.Img (A + 1) & "" & Codec.Img (Jm) & "" & Codec.Fmt (Full (Jm), 4) & "" & Codec.Fmt (Q (Jm), 4)	4	格式	日志 / 给脑的话里印几位小数
jointboot.adb	Say ("" & Codec.Img (B + 1) & "" & Codec.Fmt (Worlds (B).S, 4) & "" & Codec.Fmt (Worlds (B).Ta (0), 3) & ""	3	格式	日志 / 给脑的话里印几位小数
jointboot.adb	Say ("" & Codec.Img (B + 1) & "" & Codec.Fmt (Worlds (B).S, 4) & "" & Codec.Fmt (Worlds (B).Ta (0), 3) & ""	4	格式	日志 / 给脑的话里印几位小数
jointboot.adb	Say (Who & "" & Codec.Img (Jx) & "" & (if Hs then "" else "") & "" & Codec.Fmt (P.Q_Cmd (Jx), 4) & ""	4	格式	日志 / 给脑的话里印几位小数
jointboot.adb	Say (Who & "" & Codec.Img (Jx) & "" & Codec.Fmt (Qn (Jx), 4) & "" & (if Hs then "" else "") & ""	4	格式	日志 / 给脑的话里印几位小数
jointboot.adb	Scene.Append (Scene_Pt'(Pw => X.Xw, Cov => X.Cw, U => X.U, V => X.V, Sh => Sh, Views => 2));	2	调参数	还没证明是数学 / 数值 / 统计 / 格式 ⇒ 当成拍的数,要换成量出来的(或者证明它不是)
jointboot.adb	Se_0 : constant Long_Float := Gates (0) / 2.5 / Sqrt (Long_Float (Natural'Max (1, N_0)));	2.5	调参数	还没证明是数学 / 数值 / 统计 / 格式 ⇒ 当成拍的数,要换成量出来的(或者证明它不是)
jointboot.adb	Se_B : constant Long_Float := Gates (B) / 2.5 / Sqrt (Long_Float (Natural'Max (1, N_B)));	2.5	调参数	还没证明是数学 / 数值 / 统计 / 格式 ⇒ 当成拍的数,要换成量出来的(或者证明它不是)
jointboot.adb	Selfmap.Idle (L, F, 2, Ok2);	2	调参数	还没证明是数学 / 数值 / 统计 / 格式 ⇒ 当成拍的数,要换成量出来的(或者证明它不是)
jointboot.adb	Sh := Es (Natural (Es.Length) / 2);	2	数学	求中点 / 一半
jointboot.adb	Sh := Long_Float'Max (Es (Natural (Es.Length) / 2) / 1.1774, 1.0e-6);	1.0e-6	数值	浮点的防除零 / 数值容差(不描述身体和世界)
jointboot.adb	Sh := Long_Float'Max (Es (Natural (Es.Length) / 2) / 1.1774, 1.0e-6);	1.1774	调参数	还没证明是数学 / 数值 / 统计 / 格式 ⇒ 当成拍的数,要换成量出来的(或者证明它不是)
jointboot.adb	Sh := Long_Float'Max (Es (Natural (Es.Length) / 2) / 1.1774, 1.0e-6);	2	数学	求中点 / 一半
jointboot.adb	Sig_P : constant Long_Float := Long_Float'Max (1.0e-12, Pl_Sd (B));	1.0e-12	数值	浮点的防除零 / 数值容差(不描述身体和世界)
jointboot.adb	Sm := Sm + Long_Float (Es (G).Length) * Log (Long_Float'Max (Es (G) (Natural (Es (G).Length) / 2), 1.0e-9));	1.0e-9	数值	浮点的防除零 / 数值容差(不描述身体和世界)
jointboot.adb	Sm := Sm + Long_Float (Es (G).Length) * Log (Long_Float'Max (Es (G) (Natural (Es (G).Length) / 2), 1.0e-9));	2	数学	求中点 / 一半
jointboot.adb	Start_Amp : constant Long_Float := 1.0e-4;	1.0e-4	调参数	还没证明是数学 / 数值 / 统计 / 格式 ⇒ 当成拍的数,要换成量出来的(或者证明它不是)
jointboot.adb	Steps : constant Kinem.Vec (0 .. 6) := [others => 1.0e-7];	1.0e-7	数值	浮点的防除零 / 数值容差(不描述身体和世界)
jointboot.adb	Steps : constant Kinem.Vec (0 .. Np - 1) := [others => 1.0e-7];	1.0e-7	数值	浮点的防除零 / 数值容差(不描述身体和世界)
jointboot.adb	Still_Frac : constant := 0.01;	0.01	调参数	还没证明是数学 / 数值 / 统计 / 格式 ⇒ 当成拍的数,要换成量出来的(或者证明它不是)
jointboot.adb	Sub_Max : constant := 400;	400	调参数	还没证明是数学 / 数值 / 统计 / 格式 ⇒ 当成拍的数,要换成量出来的(或者证明它不是)
jointboot.adb	Sx : constant Long_Float := 0.1 * Exp (Long_Float (Ks) / Long_Float (N_Scale - 1) * Log (100.0));	0.1	调参数	还没证明是数学 / 数值 / 统计 / 格式 ⇒ 当成拍的数,要换成量出来的(或者证明它不是)
jointboot.adb	Sx : constant Long_Float := 0.1 * Exp (Long_Float (Ks) / Long_Float (N_Scale - 1) * Log (100.0));	100.0	调参数	还没证明是数学 / 数值 / 统计 / 格式 ⇒ 当成拍的数,要换成量出来的(或者证明它不是)
jointboot.adb	Third : constant := 1.0 / 3.0;	3.0	调参数	还没证明是数学 / 数值 / 统计 / 格式 ⇒ 当成拍的数,要换成量出来的(或者证明它不是)
jointboot.adb	Up : constant Boolean := ((Cb * 37 + Jx * 11) mod 16) < 8;	11	调参数	还没证明是数学 / 数值 / 统计 / 格式 ⇒ 当成拍的数,要换成量出来的(或者证明它不是)
jointboot.adb	Up : constant Boolean := ((Cb * 37 + Jx * 11) mod 16) < 8;	16	调参数	还没证明是数学 / 数值 / 统计 / 格式 ⇒ 当成拍的数,要换成量出来的(或者证明它不是)
jointboot.adb	Up : constant Boolean := ((Cb * 37 + Jx * 11) mod 16) < 8;	37	调参数	还没证明是数学 / 数值 / 统计 / 格式 ⇒ 当成拍的数,要换成量出来的(或者证明它不是)
jointboot.adb	Up : constant Boolean := ((Cb * 37 + Jx * 11) mod 16) < 8;	8	调参数	还没证明是数学 / 数值 / 统计 / 格式 ⇒ 当成拍的数,要换成量出来的(或者证明它不是)
jointboot.adb	V => (Long_Float (Gyy) + 0.5) * Long_Float (A_Img.H) / Long_Float (Gy), others => <>));	0.5	调参数	还没证明是数学 / 数值 / 统计 / 格式 ⇒ 当成拍的数,要换成量出来的(或者证明它不是)
jointboot.adb	V => (Long_Float (Gyy) + 0.5) * Long_Float (H) / Long_Float (Gy), others => <>));	0.5	调参数	还没证明是数学 / 数值 / 统计 / 格式 ⇒ 当成拍的数,要换成量出来的(或者证明它不是)
jointboot.adb	Version_Ok := Natural (T.Length) >= 2 and then T (1) = "";	2	调参数	还没证明是数学 / 数值 / 统计 / 格式 ⇒ 当成拍的数,要换成量出来的(或者证明它不是)
jointboot.adb	X (K .. K + 6) := [Rv (0), Rv (1), Rv (2), G.Pos (0), G.Pos (1), G.Pos (2), Log (G.F)];	6	调参数	还没证明是数学 / 数值 / 统计 / 格式 ⇒ 当成拍的数,要换成量出来的(或者证明它不是)
jointboot.adb	X (K .. K + 6) := [Rv (0), Rv (1), Rv (2), Worlds (B).Ta (0), Worlds (B).Ta (1), Worlds (B).Ta (2), Log (Worlds (B).S)];	6	调参数	还没证明是数学 / 数值 / 统计 / 格式 ⇒ 当成拍的数,要换成量出来的(或者证明它不是)
jointboot.adb	delay 0.2;	0.2	调参数	还没证明是数学 / 数值 / 统计 / 格式 ⇒ 当成拍的数,要换成量出来的(或者证明它不是)
jointboot.adb	elsif Sa.K >= 3 then	3	调参数	还没证明是数学 / 数值 / 统计 / 格式 ⇒ 当成拍的数,要换成量出来的(或者证明它不是)
jointboot.adb	elsif Tag = "" and then Natural (T.Length) < 41 then	41	调参数	还没证明是数学 / 数值 / 统计 / 格式 ⇒ 当成拍的数,要换成量出来的(或者证明它不是)
jointboot.adb	elsif Tag = "" and then Natural (T.Length) >= 2 then	2	调参数	还没证明是数学 / 数值 / 统计 / 格式 ⇒ 当成拍的数,要换成量出来的(或者证明它不是)
jointboot.adb	exit when Best = -2;	2	调参数	还没证明是数学 / 数值 / 统计 / 格式 ⇒ 当成拍的数,要换成量出来的(或者证明它不是)
jointboot.adb	for Cb in 1 .. 8 loop	8	调参数	还没证明是数学 / 数值 / 统计 / 格式 ⇒ 当成拍的数,要换成量出来的(或者证明它不是)
jointboot.adb	for I in 2 .. Natural (T.Length) - 1 loop	2	调参数	还没证明是数学 / 数值 / 统计 / 格式 ⇒ 当成拍的数,要换成量出来的(或者证明它不是)
jointboot.adb	for I in 2 .. Natural (T.Length) - 1 loop	2	调参数	还没证明是数学 / 数值 / 统计 / 格式 ⇒ 当成拍的数,要换成量出来的(或者证明它不是)
jointboot.adb	for I in 2 .. Natural (T.Length) - 1 loop	2	调参数	还没证明是数学 / 数值 / 统计 / 格式 ⇒ 当成拍的数,要换成量出来的(或者证明它不是)
jointboot.adb	for I in 3 .. Natural (T.Length) - 1 loop	3	调参数	还没证明是数学 / 数值 / 统计 / 格式 ⇒ 当成拍的数,要换成量出来的(或者证明它不是)
jointboot.adb	for Round in 1 .. 3 loop	3	调参数	还没证明是数学 / 数值 / 统计 / 格式 ⇒ 当成拍的数,要换成量出来的(或者证明它不是)
jointboot.adb	for Round in 1 .. 3 loop	3	调参数	还没证明是数学 / 数值 / 统计 / 格式 ⇒ 当成拍的数,要换成量出来的(或者证明它不是)
jointboot.adb	function F9 (X : Long_Float) return String is (Codec.Fmt (X, 9));	9	格式	日志 / 给脑的话里印几位小数
jointboot.adb	function V3_At (T : Strs; I : Natural) return Geom.V3 is ([V (T, I), V (T, I + 1), V (T, I + 2)]);	2	调参数	还没证明是数学 / 数值 / 统计 / 格式 ⇒ 当成拍的数,要换成量出来的(或者证明它不是)
jointboot.adb	if (K = 2 or else (Multi and then K >= 2)) and then Id >= 0 and then Natural (Sa.Ids.Length) >= 2 and then Sa.Ids (Natural (Sa.Ids.Length) - 2) >= 0 then	2	调参数	还没证明是数学 / 数值 / 统计 / 格式 ⇒ 当成拍的数,要换成量出来的(或者证明它不是)
jointboot.adb	if (K = 2 or else (Multi and then K >= 2)) and then Id >= 0 and then Natural (Sa.Ids.Length) >= 2 and then Sa.Ids (Natural (Sa.Ids.Length) - 2) >= 0 then	2	调参数	还没证明是数学 / 数值 / 统计 / 格式 ⇒ 当成拍的数,要换成量出来的(或者证明它不是)
jointboot.adb	if (K = 2 or else (Multi and then K >= 2)) and then Id >= 0 and then Natural (Sa.Ids.Length) >= 2 and then Sa.Ids (Natural (Sa.Ids.Length) - 2) >= 0 then	2	调参数	还没证明是数学 / 数值 / 统计 / 格式 ⇒ 当成拍的数,要换成量出来的(或者证明它不是)
jointboot.adb	if (K = 2 or else (Multi and then K >= 2)) and then Id >= 0 and then Natural (Sa.Ids.Length) >= 2 and then Sa.Ids (Natural (Sa.Ids.Length) - 2) >= 0 then	2	调参数	还没证明是数学 / 数值 / 统计 / 格式 ⇒ 当成拍的数,要换成量出来的(或者证明它不是)
jointboot.adb	if 3.0 * Miss <= Span then	3.0	调参数	还没证明是数学 / 数值 / 统计 / 格式 ⇒ 当成拍的数,要换成量出来的(或者证明它不是)
jointboot.adb	if Best >= 0 and then Bv > 0.0 and then Bv >= 2.0 * Second then	2.0	调参数	还没证明是数学 / 数值 / 统计 / 格式 ⇒ 当成拍的数,要换成量出来的(或者证明它不是)
jointboot.adb	if Got >= 0.5 * Amp and then Visible then	0.5	调参数	还没证明是数学 / 数值 / 统计 / 格式 ⇒ 当成拍的数,要换成量出来的(或者证明它不是)
jointboot.adb	if Mn >= 0.5 * Amp then	0.5	调参数	还没证明是数学 / 数值 / 统计 / 格式 ⇒ 当成拍的数,要换成量出来的(或者证明它不是)
jointboot.adb	if Moved > 3.0 * M.Joint_Noise then	3.0	调参数	还没证明是数学 / 数值 / 统计 / 格式 ⇒ 当成拍的数,要换成量出来的(或者证明它不是)
jointboot.adb	if Natural (D.Frames.Length) < 3 or else Cs.Is_Empty then	3	调参数	还没证明是数学 / 数值 / 统计 / 格式 ⇒ 当成拍的数,要换成量出来的(或者证明它不是)
jointboot.adb	if Natural (T.Length) < 10 or else (T (9) /= "" and then T (9) /= "") then	10	调参数	还没证明是数学 / 数值 / 统计 / 格式 ⇒ 当成拍的数,要换成量出来的(或者证明它不是)
jointboot.adb	if P.Still >= 2 then	2	调参数	还没证明是数学 / 数值 / 统计 / 格式 ⇒ 当成拍的数,要换成量出来的(或者证明它不是)
jointboot.adb	if Sn > 1.0e-12 then	1.0e-12	数值	浮点的防除零 / 数值容差(不描述身体和世界)
jointboot.adb	if T.Med_Px < 3.0 and then Rr > 0.0 and then Sd / Sig_Px < 0.05 * Rr and then X (2) < 0.0 then	0.05	调参数	还没证明是数学 / 数值 / 统计 / 格式 ⇒ 当成拍的数,要换成量出来的(或者证明它不是)
jointboot.adb	if T.Med_Px < 3.0 and then Rr > 0.0 and then Sd / Sig_Px < 0.05 * Rr and then X (2) < 0.0 then	3.0	调参数	还没证明是数学 / 数值 / 统计 / 格式 ⇒ 当成拍的数,要换成量出来的(或者证明它不是)
jointboot.adb	if abs Dt > 1.0e-18 then	1.0e-18	数值	浮点的防除零 / 数值容差(不描述身体和世界)
jointboot.adb	return 3.0;	3.0	调参数	还没证明是数学 / 数值 / 统计 / 格式 ⇒ 当成拍的数,要换成量出来的(或者证明它不是)
jointboot.adb	return D (Natural (D.Length) / 2) < Trip_Px;	2	数学	求中点 / 一半
jointboot.adb	return Long_Float'Max (3.0, 3.0 * Sorted (Natural (Sorted.Length) / 2));	2	数学	求中点 / 一半
jointboot.adb	return Long_Float'Max (3.0, 3.0 * Sorted (Natural (Sorted.Length) / 2));	3.0	调参数	还没证明是数学 / 数值 / 统计 / 格式 ⇒ 当成拍的数,要换成量出来的(或者证明它不是)
jointboot.adb	return Long_Float'Max (3.0, 3.0 * Sorted (Natural (Sorted.Length) / 2));	3.0	调参数	还没证明是数学 / 数值 / 统计 / 格式 ⇒ 当成拍的数,要换成量出来的(或者证明它不是)
jointboot.adb	return Long_Float'Max (Es (Natural (Es.Length) / 2), 1.0e-6);	1.0e-6	数值	浮点的防除零 / 数值容差(不描述身体和世界)
jointboot.adb	return Long_Float'Max (Es (Natural (Es.Length) / 2), 1.0e-6);	2	数学	求中点 / 一半
jointboot.adb	return X (Natural (X.Length) / 2);	2	数学	求中点 / 一半
jointboot.adb	task Matcher with Storage_Size => 16 * 1024 * 1024;	1024	调参数	还没证明是数学 / 数值 / 统计 / 格式 ⇒ 当成拍的数,要换成量出来的(或者证明它不是)
jointboot.adb	task Matcher with Storage_Size => 16 * 1024 * 1024;	1024	调参数	还没证明是数学 / 数值 / 统计 / 格式 ⇒ 当成拍的数,要换成量出来的(或者证明它不是)
jointboot.adb	task Matcher with Storage_Size => 16 * 1024 * 1024;	16	调参数	还没证明是数学 / 数值 / 统计 / 格式 ⇒ 当成拍的数,要换成量出来的(或者证明它不是)
jointboot.ads	function Sweep_Stop_Is_End (Got, Pushed, Step : Long_Float) return Boolean is (3.0 * Got < Step and then 3.0 * Pushed <= Step);	3.0	调参数	还没证明是数学 / 数值 / 统计 / 格式 ⇒ 当成拍的数,要换成量出来的(或者证明它不是)
jointboot.ads	function Sweep_Stop_Is_End (Got, Pushed, Step : Long_Float) return Boolean is (3.0 * Got < Step and then 3.0 * Pushed <= Step);	3.0	调参数	还没证明是数学 / 数值 / 统计 / 格式 ⇒ 当成拍的数,要换成量出来的(或者证明它不是)
jointboot.ads	function Sweep_Stops (Got, Pushed, Step : Long_Float) return Boolean is (3.0 * Got < Step or else 3.0 * Pushed > Step);	3.0	调参数	还没证明是数学 / 数值 / 统计 / 格式 ⇒ 当成拍的数,要换成量出来的(或者证明它不是)
jointboot.ads	function Sweep_Stops (Got, Pushed, Step : Long_Float) return Boolean is (3.0 * Got < Step or else 3.0 * Pushed > Step);	3.0	调参数	还没证明是数学 / 数值 / 统计 / 格式 ⇒ 当成拍的数,要换成量出来的(或者证明它不是)
kinem.adb	(Tan (0.261799387799490) / (0.5 * Width));	0.261799387799490	调参数	还没证明是数学 / 数值 / 统计 / 格式 ⇒ 当成拍的数,要换成量出来的(或者证明它不是)
kinem.adb	(Tan (0.261799387799490) / (0.5 * Width));	0.5	调参数	还没证明是数学 / 数值 / 统计 / 格式 ⇒ 当成拍的数,要换成量出来的(或者证明它不是)
kinem.adb	A : constant V3 := (if abs W (0) < 0.9 then [1.0, 0.0, 0.0] else [0.0, 1.0, 0.0]);	0.9	调参数	还没证明是数学 / 数值 / 统计 / 格式 ⇒ 当成拍的数,要换成量出来的(或者证明它不是)
kinem.adb	Aa (K, K) := Aa (K, K) * (1.0 + Lam) + 1.0e-12;	1.0e-12	调参数	还没证明是数学 / 数值 / 统计 / 格式 ⇒ 当成拍的数,要换成量出来的(或者证明它不是)
kinem.adb	Aa (K, K) := Aa (K, K) * (1.0 + Lam) + 1.0e-12;	1.0e-12	调参数	还没证明是数学 / 数值 / 统计 / 格式 ⇒ 当成拍的数,要换成量出来的(或者证明它不是)
kinem.adb	All_Target : constant := 8000;	8000	调参数	还没证明是数学 / 数值 / 统计 / 格式 ⇒ 当成拍的数,要换成量出来的(或者证明它不是)
kinem.adb	Axis_Rows (Mm, R (R'First + Ni .. R'First + Ni + 2 * Nt_Ax - 1));	2	调参数	还没证明是数学 / 数值 / 统计 / 格式 ⇒ 当成拍的数,要换成量出来的(或者证明它不是)
kinem.adb	Behind_Px : constant := 1.0e3;	1.0e3	调参数	还没证明是数学 / 数值 / 统计 / 格式 ⇒ 当成拍的数,要换成量出来的(或者证明它不是)
kinem.adb	Bm_T, Bm_S : Long_Float := 1.0e18;	1.0e18	调参数	还没证明是数学 / 数值 / 统计 / 格式 ⇒ 当成拍的数,要换成量出来的(或者证明它不是)
kinem.adb	Cv (3, 3) := -1.0e300;	1.0e300	数值	哨兵 / 数值极限(当作'没有'或'无穷')
kinem.adb	D (K) := (if abs A (K, K) > 1.0e-300 then S / A (K, K) else 0.0);	1.0e-300	数值	浮点的防除零 / 数值容差(不描述身体和世界)
kinem.adb	D (K) := (if abs Aa (K, K) > 1.0e-300 then S / Aa (K, K) else 0.0);	1.0e-300	数值	浮点的防除零 / 数值容差(不描述身体和世界)
kinem.adb	D (K) := (if abs Aa (K, K) > 1.0e-300 then Sm / Aa (K, K) else 0.0);	1.0e-300	数值	浮点的防除零 / 数值容差(不描述身体和世界)
kinem.adb	Dd : constant Long_Float := Sqrt (Long_Float'Max (0.0, 0.25 * (A11 - A22) ** 2 + A12 ** 2));	0.25	调参数	还没证明是数学 / 数值 / 统计 / 格式 ⇒ 当成拍的数,要换成量出来的(或者证明它不是)
kinem.adb	Den : constant Long_Float := Sqrt (Ex1 (0) ** 2 + Ex1 (1) ** 2 + Etx2 (0) ** 2 + Etx2 (1) ** 2) + 1.0e-18;	1.0e-18	调参数	还没证明是数学 / 数值 / 统计 / 格式 ⇒ 当成拍的数,要换成量出来的(或者证明它不是)
kinem.adb	Den : constant Long_Float := Sqrt (Ex1 (0) ** 2 + Ex1 (1) ** 2 + Etx2 (0) ** 2 + Etx2 (1) ** 2) + 1.0e-18;	1.0e-18	调参数	还没证明是数学 / 数值 / 统计 / 格式 ⇒ 当成拍的数,要换成量出来的(或者证明它不是)
kinem.adb	Den := Sqrt (D0 * D0 + D1 * D1 + D2 * D2 + D3 * D3) + 1.0e-18;	1.0e-18	调参数	还没证明是数学 / 数值 / 统计 / 格式 ⇒ 当成拍的数,要换成量出来的(或者证明它不是)
kinem.adb	Dn : constant := 3.0;	3.0	调参数	还没证明是数学 / 数值 / 统计 / 格式 ⇒ 当成拍的数,要换成量出来的(或者证明它不是)
kinem.adb	Dn : constant := 3.0;	3.0	调参数	还没证明是数学 / 数值 / 统计 / 格式 ⇒ 当成拍的数,要换成量出来的(或者证明它不是)
kinem.adb	F_Hi : constant Long_Float := 0.5 * Width / Tan (0.261799387799490);	0.261799387799490	调参数	还没证明是数学 / 数值 / 统计 / 格式 ⇒ 当成拍的数,要换成量出来的(或者证明它不是)
kinem.adb	F_Hi : constant Long_Float := 0.5 * Width / Tan (0.261799387799490);	0.5	调参数	还没证明是数学 / 数值 / 统计 / 格式 ⇒ 当成拍的数,要换成量出来的(或者证明它不是)
kinem.adb	F_Lo : constant Long_Float := 0.5 * Width / Tan (0.959931088596881);	0.5	调参数	还没证明是数学 / 数值 / 统计 / 格式 ⇒ 当成拍的数,要换成量出来的(或者证明它不是)
kinem.adb	F_Lo : constant Long_Float := 0.5 * Width / Tan (0.959931088596881);	0.959931088596881	调参数	还没证明是数学 / 数值 / 统计 / 格式 ⇒ 当成拍的数,要换成量出来的(或者证明它不是)
kinem.adb	Gate : constant Long_Float := 2.5 * 1.4826 * Best_Med;	1.4826	统计	中位绝对偏差换成正态的标准差(统计换算)
kinem.adb	Gate : constant Long_Float := 2.5 * 1.4826 * Best_Med;	2.5	调参数	还没证明是数学 / 数值 / 统计 / 格式 ⇒ 当成拍的数,要换成量出来的(或者证明它不是)
kinem.adb	Gate : constant Long_Float := 2.5 * Sig;	2.5	调参数	还没证明是数学 / 数值 / 统计 / 格式 ⇒ 当成拍的数,要换成量出来的(或者证明它不是)
kinem.adb	Gate : constant Long_Float := 2.5 * Sig;	2.5	调参数	还没证明是数学 / 数值 / 统计 / 格式 ⇒ 当成拍的数,要换成量出来的(或者证明它不是)
kinem.adb	Gate := Long_Float'Max (3.0, 3.0 * Md);	3.0	调参数	还没证明是数学 / 数值 / 统计 / 格式 ⇒ 当成拍的数,要换成量出来的(或者证明它不是)
kinem.adb	Gate := Long_Float'Max (3.0, 3.0 * Md);	3.0	调参数	还没证明是数学 / 数值 / 统计 / 格式 ⇒ 当成拍的数,要换成量出来的(或者证明它不是)
kinem.adb	Gate := Long_Float'Max (3.0, 3.0 * Median_Abs (R.all));	3.0	调参数	还没证明是数学 / 数值 / 统计 / 格式 ⇒ 当成拍的数,要换成量出来的(或者证明它不是)
kinem.adb	Gate := Long_Float'Max (3.0, 3.0 * Median_Abs (R.all));	3.0	调参数	还没证明是数学 / 数值 / 统计 / 格式 ⇒ 当成拍的数,要换成量出来的(或者证明它不是)
kinem.adb	Gate := Long_Float'Max (3.0, 3.0 * Median_In (Rs.all, Cnt, Tmp));	3.0	调参数	还没证明是数学 / 数值 / 统计 / 格式 ⇒ 当成拍的数,要换成量出来的(或者证明它不是)
kinem.adb	Gate := Long_Float'Max (3.0, 3.0 * Median_In (Rs.all, Cnt, Tmp));	3.0	调参数	还没证明是数学 / 数值 / 统计 / 格式 ⇒ 当成拍的数,要换成量出来的(或者证明它不是)
kinem.adb	Grid_Rad : constant := 0.279252680319093;	0.279252680319093	调参数	还没证明是数学 / 数值 / 统计 / 格式 ⇒ 当成拍的数,要换成量出来的(或者证明它不是)
kinem.adb	Grid_Target : constant := 1200;	1200	调参数	还没证明是数学 / 数值 / 统计 / 格式 ⇒ 当成拍的数,要换成量出来的(或者证明它不是)
kinem.adb	H : constant := 1.0e-6;	1.0e-6	调参数	还没证明是数学 / 数值 / 统计 / 格式 ⇒ 当成拍的数,要换成量出来的(或者证明它不是)
kinem.adb	Hh : constant Long_Float := 1.0e-6 * Long_Float'Max (1.0, abs X (Jp));	1.0e-6	数值	浮点的防除零 / 数值容差(不描述身体和世界)
kinem.adb	Improved := (C0 - Cn) > 1.0e-7 * C0;	1.0e-7	数值	浮点的防除零 / 数值容差(不描述身体和世界)
kinem.adb	Improved := C0 - Cn > 1.0e-15 * C0;	1.0e-15	数值	浮点的防除零 / 数值容差(不描述身体和世界)
kinem.adb	Improved := abs (C0 - Cn) > 1.0e-9 * Long_Float'Max (C0, 1.0e-30);	1.0e-30	数值	浮点的防除零 / 数值容差(不描述身体和世界)
kinem.adb	Improved := abs (C0 - Cn) > 1.0e-9 * Long_Float'Max (C0, 1.0e-30);	1.0e-9	数值	浮点的防除零 / 数值容差(不描述身体和世界)
kinem.adb	Jc (2 * S.No + I, Jp) := (Rg (I) - Rg0 (I)) / Hh;	2	调参数	还没证明是数学 / 数值 / 统计 / 格式 ⇒ 当成拍的数,要换成量出来的(或者证明它不是)
kinem.adb	Joint_Res (Arrs (J).all, Ns (J), Xx (Xx'First + Off (J) .. Xx'First + Off (J) + 2), Fx, Cx, Cy, R (K .. K + Ns (J) - 1));	2	调参数	还没证明是数学 / 数值 / 统计 / 格式 ⇒ 当成拍的数,要换成量出来的(或者证明它不是)
kinem.adb	K : Natural := 3 * M.N;	3	调参数	还没证明是数学 / 数值 / 统计 / 格式 ⇒ 当成拍的数,要换成量出来的(或者证明它不是)
kinem.adb	K := K + 2;	2	调参数	还没证明是数学 / 数值 / 统计 / 格式 ⇒ 当成拍的数,要换成量出来的(或者证明它不是)
kinem.adb	K := K + 3;	3	调参数	还没证明是数学 / 数值 / 统计 / 格式 ⇒ 当成拍的数,要换成量出来的(或者证明它不是)
kinem.adb	K := N / 2;	2	数学	求中点 / 一半
kinem.adb	K := R'Length / 2;	2	数学	求中点 / 一半
kinem.adb	Keep : constant := 20;	20	调参数	还没证明是数学 / 数值 / 统计 / 格式 ⇒ 当成拍的数,要换成量出来的(或者证明它不是)
kinem.adb	L : constant Long_Float := (if Den (T) > 1.0e-18 then Num (T) / Den (T) else 0.0);	1.0e-18	数值	浮点的防除零 / 数值容差(不描述身体和世界)
kinem.adb	Lam : Long_Float := 1.0e-3;	1.0e-3	调参数	还没证明是数学 / 数值 / 统计 / 格式 ⇒ 当成拍的数,要换成量出来的(或者证明它不是)
kinem.adb	Lam : Long_Float := 1.0e-3;	1.0e-3	调参数	还没证明是数学 / 数值 / 统计 / 格式 ⇒ 当成拍的数,要换成量出来的(或者证明它不是)
kinem.adb	Lam : Long_Float := 1.0e-3;	1.0e-3	调参数	还没证明是数学 / 数值 / 统计 / 格式 ⇒ 当成拍的数,要换成量出来的(或者证明它不是)
kinem.adb	Lam := Long_Float'Max (1.0e-9, Lam / Dn);	1.0e-9	数值	浮点的防除零 / 数值容差(不描述身体和世界)
kinem.adb	Lam := Long_Float'Max (1.0e-9, Lam / Dn);	1.0e-9	数值	浮点的防除零 / 数值容差(不描述身体和世界)
kinem.adb	Lam := Long_Float'Max (1.0e-9, Lam / Mv_Dn);	1.0e-9	数值	浮点的防除零 / 数值容差(不描述身体和世界)
kinem.adb	Lz (Lz'First + T) := Lz (Lz'First + T) + Long_Float'Max (-0.5, Long_Float'Min (0.5, -G (T) / H (T)));	0.5	调参数	还没证明是数学 / 数值 / 统计 / 格式 ⇒ 当成拍的数,要换成量出来的(或者证明它不是)
kinem.adb	Lz (Lz'First + T) := Lz (Lz'First + T) + Long_Float'Max (-0.5, Long_Float'Min (0.5, -G (T) / H (T)));	0.5	调参数	还没证明是数学 / 数值 / 统计 / 格式 ⇒ 当成拍的数,要换成量出来的(或者证明它不是)
kinem.adb	M : out Model; Rep : out Fit_Report; Ok : out Boolean; Per_Pair : Positive := 60) is	60	调参数	还没证明是数学 / 数值 / 统计 / 格式 ⇒ 当成拍的数,要换成量出来的(或者证明它不是)
kinem.adb	Mm.Ax (J).W := [X (X'First + 3 * J), X (X'First + 3 * J + 1), X (X'First + 3 * J + 2)];	2	调参数	还没证明是数学 / 数值 / 统计 / 格式 ⇒ 当成拍的数,要换成量出来的(或者证明它不是)
kinem.adb	Mv_Dn : constant := 3.0;	3.0	调参数	还没证明是数学 / 数值 / 统计 / 格式 ⇒ 当成拍的数,要换成量出来的(或者证明它不是)
kinem.adb	Mv_Eval (S, Exp (X (Np - 1)), M.Cx, M.Cy, Pr, Pt, Lz.all, 2, Tau, Wa, Wb, Ru, Rv, G, H, Lt);	2	调参数	还没证明是数学 / 数值 / 统计 / 格式 ⇒ 当成拍的数,要换成量出来的(或者证明它不是)
kinem.adb	Mv_Eval (S, Exp (X (Np - 1)), M.Cx, M.Cy, Pr, Pt, Lz.all, 3, Tau, Wa, Wb, Ru, Rv, G, H, Lt);	3	调参数	还没证明是数学 / 数值 / 统计 / 格式 ⇒ 当成拍的数,要换成量出来的(或者证明它不是)
kinem.adb	Mv_Eval (S, Exp (X (Np - 1)), M.Cx, M.Cy, Pr, Pt, Lz.all, 5, Tau, Wa, Wb, Ru, Rv, G, H, Lt);	5	调参数	还没证明是数学 / 数值 / 统计 / 格式 ⇒ 当成拍的数,要换成量出来的(或者证明它不是)
kinem.adb	Mv_Eval (S, M.F, M.Cx, M.Cy, Pr, Pt, Lz.all, 10, Tau, Wa, Wb, Ru, Rv, G, H, Lt);	10	调参数	还没证明是数学 / 数值 / 统计 / 格式 ⇒ 当成拍的数,要换成量出来的(或者证明它不是)
kinem.adb	Mv_Eval (S, M.F, M.Cx, M.Cy, Pr, Pt, Lz.all, 10, Tau, Wa, Wb, Ru, Rv, G, H, Lt);	10	调参数	还没证明是数学 / 数值 / 统计 / 格式 ⇒ 当成拍的数,要换成量出来的(或者证明它不是)
kinem.adb	Mv_Eval (S, M.F, M.Cx, M.Cy, Pr, Pt, Lz.all, 5, Tau, Wa, Wb, Ru, Rv, G, H, Lt);	5	调参数	还没证明是数学 / 数值 / 统计 / 格式 ⇒ 当成拍的数,要换成量出来的(或者证明它不是)
kinem.adb	Mv_Eval (S, Mm.F, Mm.Cx, Mm.Cy, Pr, Pt, Lz2.all, 2, Tau, Wa, Wb, Ru2, Rv2, G, H, Lt);	2	调参数	还没证明是数学 / 数值 / 统计 / 格式 ⇒ 当成拍的数,要换成量出来的(或者证明它不是)
kinem.adb	Mv_Eval (S, Mm.F, Mm.Cx, Mm.Cy, Pr, Pt, Lz2.all, 4, Tau, Wa, Wb, Ru2, Rv2, G, H, Lt);	4	调参数	还没证明是数学 / 数值 / 统计 / 格式 ⇒ 当成拍的数,要换成量出来的(或者证明它不是)
kinem.adb	Mv_Iters : constant := 40;	40	调参数	还没证明是数学 / 数值 / 统计 / 格式 ⇒ 当成拍的数,要换成量出来的(或者证明它不是)
kinem.adb	Mv_Up : constant := 10.0;	10.0	调参数	还没证明是数学 / 数值 / 统计 / 格式 ⇒ 当成拍的数,要换成量出来的(或者证明它不是)
kinem.adb	N_F : constant := 25;	25	调参数	还没证明是数学 / 数值 / 统计 / 格式 ⇒ 当成拍的数,要换成量出来的(或者证明它不是)
kinem.adb	N_Reg : constant Natural := 2 * Nt_Ax + 1;	2	调参数	还没证明是数学 / 数值 / 统计 / 格式 ⇒ 当成拍的数,要换成量出来的(或者证明它不是)
kinem.adb	N_Sph : constant := 3000;	3000	调参数	还没证明是数学 / 数值 / 统计 / 格式 ⇒ 当成拍的数,要换成量出来的(或者证明它不是)
kinem.adb	Nb : constant := 2000;	2000	调参数	还没证明是数学 / 数值 / 统计 / 格式 ⇒ 当成拍的数,要换成量出来的(或者证明它不是)
kinem.adb	Out_I := Natural ((Seed / 2 ** 33) mod Unsigned_Seed (K));	2	数学	求中点 / 一半
kinem.adb	Per_Pair_All : constant := 200;	200	调参数	还没证明是数学 / 数值 / 统计 / 格式 ⇒ 当成拍的数,要换成量出来的(或者证明它不是)
kinem.adb	Per_Pair_Grid : constant := 30;	30	调参数	还没证明是数学 / 数值 / 统计 / 格式 ⇒ 当成拍的数,要换成量出来的(或者证明它不是)
kinem.adb	Ph : constant Long_Float := Ada.Numerics.Pi * (1.0 + Sqrt (5.0)) * (Long_Float (K) + 0.5);	0.5	数学	π 的倍数 / 弧度换算
kinem.adb	Ph : constant Long_Float := Ada.Numerics.Pi * (1.0 + Sqrt (5.0)) * (Long_Float (K) + 0.5);	5.0	调参数	还没证明是数学 / 数值 / 统计 / 格式 ⇒ 当成拍的数,要换成量出来的(或者证明它不是)
kinem.adb	Phi := 0.0; Med := 1.0e9;	1.0e9	数值	哨兵 / 数值极限(当作'没有'或'无穷')
kinem.adb	Pj (J) := Add (Scl (E1, Cos (X (Off (J) + 2))), Scl (E2, Sin (X (Off (J) + 2))));	2	调参数	还没证明是数学 / 数值 / 统计 / 格式 ⇒ 当成拍的数,要换成量出来的(或者证明它不是)
kinem.adb	Pj (J) := Add (Scl (E1, Cos (X (Off (J) + 2))), Scl (E2, Sin (X (Off (J) + 2))));	2	调参数	还没证明是数学 / 数值 / 统计 / 格式 ⇒ 当成拍的数,要换成量出来的(或者证明它不是)
kinem.adb	Pu : constant Long_Float := (Long_Float (Iu) + 0.5) * Long_Float (W) / Long_Float (Gx);	0.5	调参数	还没证明是数学 / 数值 / 统计 / 格式 ⇒ 当成拍的数,要换成量出来的(或者证明它不是)
kinem.adb	Pv : constant Long_Float := (Long_Float (Iv) + 0.5) * Long_Float (H) / Long_Float (Gy);	0.5	调参数	还没证明是数学 / 数值 / 统计 / 格式 ⇒ 当成拍的数,要换成量出来的(或者证明它不是)
kinem.adb	Pv : constant Long_Float := Tmp ((Lo + Hi) / 2);	2	数学	求中点 / 一半
kinem.adb	Pv : constant Long_Float := W ((Lo + Hi) / 2);	2	数学	求中点 / 一半
kinem.adb	R (K + 1) := 1.0e3 * Dot (M.Ax (J).W, M.Ax (J).P);	1.0e3	调参数	还没证明是数学 / 数值 / 统计 / 格式 ⇒ 当成拍的数,要换成量出来的(或者证明它不是)
kinem.adb	R (K) := 1.0e3 * (Norm (M.Ax (J).W) - 1.0);	1.0e3	调参数	还没证明是数学 / 数值 / 统计 / 格式 ⇒ 当成拍的数,要换成量出来的(或者证明它不是)
kinem.adb	R (R'First + 2 * Nt_Ax) := 1.0e3 * ((if Cnt > 0 then Sqrt (S2 / Long_Float (Cnt)) else 1.0) - 1.0);	1.0e3	调参数	还没证明是数学 / 数值 / 统计 / 格式 ⇒ 当成拍的数,要换成量出来的(或者证明它不是)
kinem.adb	R (R'First + Ni + 2 * Nt_Ax) := 1.0e3 * ((if Cnt > 0 then Sqrt (S2 / Long_Float (Cnt)) else 1.0) - 1.0);	1.0e3	调参数	还没证明是数学 / 数值 / 统计 / 格式 ⇒ 当成拍的数,要换成量出来的(或者证明它不是)
kinem.adb	R (R'First + Ni + 2 * Nt_Ax) := 1.0e3 * ((if Cnt > 0 then Sqrt (S2 / Long_Float (Cnt)) else 1.0) - 1.0);	2	调参数	还没证明是数学 / 数值 / 统计 / 格式 ⇒ 当成拍的数,要换成量出来的(或者证明它不是)
kinem.adb	R := (if N = 0 then 0.0 elsif Q = 0.5 then Median_Abs (E (0 .. N - 1)) else Quantile_Abs (E (0 .. N - 1), Q));	0.5	调参数	还没证明是数学 / 数值 / 统计 / 格式 ⇒ 当成拍的数,要换成量出来的(或者证明它不是)
kinem.adb	R0 (2 * S.No + I) := Rg0 (I);	2	调参数	还没证明是数学 / 数值 / 统计 / 格式 ⇒ 当成拍的数,要换成量出来的(或者证明它不是)
kinem.adb	Refine (All_Sel (0 .. N_Rows - 1), Rho, 30, Gated => True);	30	调参数	还没证明是数学 / 数值 / 统计 / 格式 ⇒ 当成拍的数,要换成量出来的(或者证明它不是)
kinem.adb	Refine (Tri (0 .. Nt - 1), R0, 2, Gated => False);	2	调参数	还没证明是数学 / 数值 / 统计 / 格式 ⇒ 当成拍的数,要换成量出来的(或者证明它不是)
kinem.adb	Rep.Mv_P90_Px := Mv_Med (S, Ru, Rv, 0.9);	0.9	调参数	还没证明是数学 / 数值 / 统计 / 格式 ⇒ 当成拍的数,要换成量出来的(或者证明它不是)
kinem.adb	Rep.P90_Px := Quantile_Abs (R (0 .. Ni - 1), 0.9);	0.9	调参数	还没证明是数学 / 数值 / 统计 / 格式 ⇒ 当成拍的数,要换成量出来的(或者证明它不是)
kinem.adb	Robust_LM (X, N_Tot, N_Tot, 60, Steps, R_All'Access);	60	调参数	还没证明是数学 / 数值 / 统计 / 格式 ⇒ 当成拍的数,要换成量出来的(或者证明它不是)
kinem.adb	Robust_LM (X, Ni + N_Reg, Ni, 300, Steps, R_All'Access);	300	调参数	还没证明是数学 / 数值 / 统计 / 格式 ⇒ 当成拍的数,要换成量出来的(或者证明它不是)
kinem.adb	Robust_LM (Xx, Natural (Js (J).Length), Natural (Js (J).Length), 60, Steps, R_All'Access);	60	调参数	还没证明是数学 / 数值 / 统计 / 格式 ⇒ 当成拍的数,要换成量出来的(或者证明它不是)
kinem.adb	Robust_LM (Xx, Ng, Ng, 60, Steps, R_Small'Access);	60	调参数	还没证明是数学 / 数值 / 统计 / 格式 ⇒ 当成拍的数,要换成量出来的(或者证明它不是)
kinem.adb	S : constant Long_Float := 2.0 * Sqrt (1.0 + Tr0);	2.0	调参数	还没证明是数学 / 数值 / 统计 / 格式 ⇒ 当成拍的数,要换成量出来的(或者证明它不是)
kinem.adb	S : constant Long_Float := 2.0 * Sqrt (Long_Float'Max (0.0, 1.0 + R (0, 0) - R (1, 1) - R (2, 2)));	2.0	调参数	还没证明是数学 / 数值 / 统计 / 格式 ⇒ 当成拍的数,要换成量出来的(或者证明它不是)
kinem.adb	S : constant Long_Float := 2.0 * Sqrt (Long_Float'Max (0.0, 1.0 + R (1, 1) - R (0, 0) - R (2, 2)));	2.0	调参数	还没证明是数学 / 数值 / 统计 / 格式 ⇒ 当成拍的数,要换成量出来的(或者证明它不是)
kinem.adb	S : constant Long_Float := 2.0 * Sqrt (Long_Float'Max (0.0, 1.0 + R (2, 2) - R (0, 0) - R (1, 1)));	2.0	调参数	还没证明是数学 / 数值 / 统计 / 格式 ⇒ 当成拍的数,要换成量出来的(或者证明它不是)
kinem.adb	S := S + (if abs R (I) <= 1.0 then 0.5 * R (I) ** 2 else abs R (I) - 0.5);	0.5	调参数	还没证明是数学 / 数值 / 统计 / 格式 ⇒ 当成拍的数,要换成量出来的(或者证明它不是)
kinem.adb	S := S + (if abs R (I) <= 1.0 then 0.5 * R (I) ** 2 else abs R (I) - 0.5);	0.5	调参数	还没证明是数学 / 数值 / 统计 / 格式 ⇒ 当成拍的数,要换成量出来的(或者证明它不是)
kinem.adb	S := S + 0.5 * R (I) ** 2;	0.5	调参数	还没证明是数学 / 数值 / 统计 / 格式 ⇒ 当成拍的数,要换成量出来的(或者证明它不是)
kinem.adb	Same : constant := 0.984807753012208;	0.984807753012208	调参数	还没证明是数学 / 数值 / 统计 / 格式 ⇒ 当成拍的数,要换成量出来的(或者证明它不是)
kinem.adb	Score : Long_Float := 1.0e18;	1.0e18	调参数	还没证明是数学 / 数值 / 统计 / 格式 ⇒ 当成拍的数,要换成量出来的(或者证明它不是)
kinem.adb	Seed : Unsigned_Seed := 20260926;	20260926	调参数	还没证明是数学 / 数值 / 统计 / 格式 ⇒ 当成拍的数,要换成量出来的(或者证明它不是)
kinem.adb	Seed : Unsigned_Seed := 20260926;	20260926	调参数	还没证明是数学 / 数值 / 统计 / 格式 ⇒ 当成拍的数,要换成量出来的(或者证明它不是)
kinem.adb	Seed := Seed * 6364136223846793005 + 1442695040888963407;	1442695040888963407	调参数	还没证明是数学 / 数值 / 统计 / 格式 ⇒ 当成拍的数,要换成量出来的(或者证明它不是)
kinem.adb	Seed := Seed * 6364136223846793005 + 1442695040888963407;	6364136223846793005	调参数	还没证明是数学 / 数值 / 统计 / 格式 ⇒ 当成拍的数,要换成量出来的(或者证明它不是)
kinem.adb	Sig : Long_Float := 1.4826 * Best_Med;	1.4826	统计	中位绝对偏差换成正态的标准差(统计换算)
kinem.adb	Sig := 1.4826 * Mv_Med (S, Ru, Rv);	1.4826	统计	中位绝对偏差换成正态的标准差(统计换算)
kinem.adb	Sig := 1.4826 * Mv_Med (S, Ru, Rv);	1.4826	统计	中位绝对偏差换成正态的标准差(统计换算)
kinem.adb	Sig := Long_Float'Max (1.4826 * Median_Abs (Ins (0 .. Nin - 1)), 1.0e-9 * Ext);	1.0e-9	数值	浮点的防除零 / 数值容差(不描述身体和世界)
kinem.adb	Sig := Long_Float'Max (1.4826 * Median_Abs (Ins (0 .. Nin - 1)), 1.0e-9 * Ext);	1.4826	统计	中位绝对偏差换成正态的标准差(统计换算)
kinem.adb	Sig := Long_Float'Max (Sig, 1.0e-9 * Ext);	1.0e-9	数值	浮点的防除零 / 数值容差(不描述身体和世界)
kinem.adb	Slide_Grid (Gs.all, Natural (Jgs (Jj).Length), Fg (N_F / 2), Cx, Cy, Ts, Wk);	2	数学	求中点 / 一半
kinem.adb	Slide_Mid : array (0 .. Max_Joints - 1) of Long_Float := [others => 1.0e18];	1.0e18	调参数	还没证明是数学 / 数值 / 统计 / 格式 ⇒ 当成拍的数,要换成量出来的(或者证明它不是)
kinem.adb	Steps (K) := 1.0e-7;	1.0e-7	调参数	还没证明是数学 / 数值 / 统计 / 格式 ⇒ 当成拍的数,要换成量出来的(或者证明它不是)
kinem.adb	Steps : constant Vec (0 .. Nx - 1) := [others => 1.0e-6];	1.0e-6	数值	浮点的防除零 / 数值容差(不描述身体和世界)
kinem.adb	Steps : constant Vec (0 .. Nx - 1) := [others => 1.0e-6];	1.0e-6	数值	浮点的防除零 / 数值容差(不描述身体和世界)
kinem.adb	Stride : constant Positive := Positive'Max (1, Natural (Inl.Length) / 2000);	2000	调参数	还没证明是数学 / 数值 / 统计 / 格式 ⇒ 当成拍的数,要换成量出来的(或者证明它不是)
kinem.adb	Tau : Long_Float := 3.0;	3.0	调参数	还没证明是数学 / 数值 / 统计 / 格式 ⇒ 当成拍的数,要换成量出来的(或者证明它不是)
kinem.adb	Tau : Long_Float := 3.0;	3.0	调参数	还没证明是数学 / 数值 / 统计 / 格式 ⇒ 当成拍的数,要换成量出来的(或者证明它不是)
kinem.adb	Tau : constant := 3.0;	3.0	调参数	还没证明是数学 / 数值 / 统计 / 格式 ⇒ 当成拍的数,要换成量出来的(或者证明它不是)
kinem.adb	Tau := Long_Float'Max (1.4826 * Mv_Med (S, Ru, Rv), 1.0e-3);	1.0e-3	数值	浮点的防除零 / 数值容差(不描述身体和世界)
kinem.adb	Tau := Long_Float'Max (1.4826 * Mv_Med (S, Ru, Rv), 1.0e-3);	1.4826	统计	中位绝对偏差换成正态的标准差(统计换算)
kinem.adb	Tau := Long_Float'Max (Sig, 1.0e-3);	1.0e-3	数值	浮点的防除零 / 数值容差(不描述身体和世界)
kinem.adb	Th : constant Long_Float := 0.5 * Arctan (2.0 * A (P, Q), A (Q, Q) - A (P, P));	0.5	调参数	还没证明是数学 / 数值 / 统计 / 格式 ⇒ 当成拍的数,要换成量出来的(或者证明它不是)
kinem.adb	Th : constant Long_Float := 0.5 * Arctan (2.0 * A (P, Q), A (Q, Q) - A (P, P));	0.5	调参数	还没证明是数学 / 数值 / 统计 / 格式 ⇒ 当成拍的数,要换成量出来的(或者证明它不是)
kinem.adb	Th : constant Long_Float := 0.5 * Arctan (2.0 * A (P, Q), A (Q, Q) - A (P, P));	2.0	调参数	还没证明是数学 / 数值 / 统计 / 格式 ⇒ 当成拍的数,要换成量出来的(或者证明它不是)
kinem.adb	Th : constant Long_Float := 0.5 * Arctan (2.0 * A (P, Q), A (Q, Q) - A (P, P));	2.0	调参数	还没证明是数学 / 数值 / 统计 / 格式 ⇒ 当成拍的数,要换成量出来的(或者证明它不是)
kinem.adb	Tr2 : constant Long_Float := 0.5 * (A11 + A22);	0.5	数学	求中点 / 一半
kinem.adb	Trials : constant := 500;	500	调参数	还没证明是数学 / 数值 / 统计 / 格式 ⇒ 当成拍的数,要换成量出来的(或者证明它不是)
kinem.adb	Trials : constant := 500;	500	调参数	还没证明是数学 / 数值 / 统计 / 格式 ⇒ 当成拍的数,要换成量出来的(或者证明它不是)
kinem.adb	Up : constant := 10.0;	10.0	调参数	还没证明是数学 / 数值 / 统计 / 格式 ⇒ 当成拍的数,要换成量出来的(或者证明它不是)
kinem.adb	Up : constant := 10.0;	10.0	调参数	还没证明是数学 / 数值 / 统计 / 格式 ⇒ 当成拍的数,要换成量出来的(或者证明它不是)
kinem.adb	Use_S (J) := Nfr >= 2 and then Natural (Jgs (J).Length) >= 200;	2	调参数	还没证明是数学 / 数值 / 统计 / 格式 ⇒ 当成拍的数,要换成量出来的(或者证明它不是)
kinem.adb	Use_S (J) := Nfr >= 2 and then Natural (Jgs (J).Length) >= 200;	200	调参数	还没证明是数学 / 数值 / 统计 / 格式 ⇒ 当成拍的数,要换成量出来的(或者证明它不是)
kinem.adb	Use_T (J) := Nfr >= 2 and then Natural (Jg (J).Length) >= 200;	2	调参数	还没证明是数学 / 数值 / 统计 / 格式 ⇒ 当成拍的数,要换成量出来的(或者证明它不是)
kinem.adb	Use_T (J) := Nfr >= 2 and then Natural (Jg (J).Length) >= 200;	200	调参数	还没证明是数学 / 数值 / 统计 / 格式 ⇒ 当成拍的数,要换成量出来的(或者证明它不是)
kinem.adb	W := (R (0, 2) - R (2, 0)) / S; X := (R (0, 1) + R (1, 0)) / S; Y := 0.25 * S; Z := (R (1, 2) + R (2, 1)) / S;	0.25	调参数	还没证明是数学 / 数值 / 统计 / 格式 ⇒ 当成拍的数,要换成量出来的(或者证明它不是)
kinem.adb	W := (R (1, 0) - R (0, 1)) / S; X := (R (0, 2) + R (2, 0)) / S; Y := (R (1, 2) + R (2, 1)) / S; Z := 0.25 * S;	0.25	调参数	还没证明是数学 / 数值 / 统计 / 格式 ⇒ 当成拍的数,要换成量出来的(或者证明它不是)
kinem.adb	W := (R (2, 1) - R (1, 2)) / S; X := 0.25 * S; Y := (R (0, 1) + R (1, 0)) / S; Z := (R (0, 2) + R (2, 0)) / S;	0.25	调参数	还没证明是数学 / 数值 / 统计 / 格式 ⇒ 当成拍的数,要换成量出来的(或者证明它不是)
kinem.adb	W := 0.25 * S; X := (R (2, 1) - R (1, 2)) / S; Y := (R (0, 2) - R (2, 0)) / S; Z := (R (1, 0) - R (0, 1)) / S;	0.25	调参数	还没证明是数学 / 数值 / 统计 / 格式 ⇒ 当成拍的数,要换成量出来的(或者证明它不是)
kinem.adb	Wt (K) := 1.0 / Long_Float'Max (G1 (K) ** 2 + G2 (K) ** 2, 1.0e-30);	1.0e-30	数值	浮点的防除零 / 数值容差(不描述身体和世界)
kinem.adb	Z : constant Long_Float := 1.0 - 2.0 * (Long_Float (K) + 0.5) / Long_Float (N);	0.5	调参数	还没证明是数学 / 数值 / 统计 / 格式 ⇒ 当成拍的数,要换成量出来的(或者证明它不是)
kinem.adb	Z : constant Long_Float := 1.0 - 2.0 * (Long_Float (K) + 0.5) / Long_Float (N);	2.0	调参数	还没证明是数学 / 数值 / 统计 / 格式 ⇒ 当成拍的数,要换成量出来的(或者证明它不是)
kinem.adb	exit when C0 < 1.0e-20;	1.0e-20	数值	浮点的防除零 / 数值容差(不描述身体和世界)
kinem.adb	exit when Ch < 1.0e-20;	1.0e-20	数值	浮点的防除零 / 数值容差(不描述身体和世界)
kinem.adb	exit when Cnt < 3;	3	调参数	还没证明是数学 / 数值 / 统计 / 格式 ⇒ 当成拍的数,要换成量出来的(或者证明它不是)
kinem.adb	exit when Off < 1.0e-30;	1.0e-30	数值	浮点的防除零 / 数值容差(不描述身体和世界)
kinem.adb	exit when Off <= 1.0e-30 * Long_Float'Max (Dg, 1.0e-300);	1.0e-30	数值	浮点的防除零 / 数值容差(不描述身体和世界)
kinem.adb	exit when Off <= 1.0e-30 * Long_Float'Max (Dg, 1.0e-300);	1.0e-300	数值	浮点的防除零 / 数值容差(不描述身体和世界)
kinem.adb	exit when Tab (J) (Kb) (Ci).Score >= 1.0e17;	1.0e17	调参数	还没证明是数学 / 数值 / 统计 / 格式 ⇒ 当成拍的数,要换成量出来的(或者证明它不是)
kinem.adb	exit when Ts (Ci).Score >= 1.0e17;	1.0e17	调参数	还没证明是数学 / 数值 / 统计 / 格式 ⇒ 当成拍的数,要换成量出来的(或者证明它不是)
kinem.adb	for I in 1 .. 3 loop	3	调参数	还没证明是数学 / 数值 / 统计 / 格式 ⇒ 当成拍的数,要换成量出来的(或者证明它不是)
kinem.adb	for It in 1 .. 200 loop	200	调参数	还没证明是数学 / 数值 / 统计 / 格式 ⇒ 当成拍的数,要换成量出来的(或者证明它不是)
kinem.adb	for Ks in 0 .. N_Sph / 2 - 1 loop	2	数学	求中点 / 一半
kinem.adb	for P in 0 .. N - 2 loop	2	调参数	还没证明是数学 / 数值 / 统计 / 格式 ⇒ 当成拍的数,要换成量出来的(或者证明它不是)
kinem.adb	for Pass in 1 .. 2 loop	2	调参数	还没证明是数学 / 数值 / 统计 / 格式 ⇒ 当成拍的数,要换成量出来的(或者证明它不是)
kinem.adb	for Pass in 1 .. 8 loop	8	调参数	还没证明是数学 / 数值 / 统计 / 格式 ⇒ 当成拍的数,要换成量出来的(或者证明它不是)
kinem.adb	for Q in P + 1 .. 3 loop	3	调参数	还没证明是数学 / 数值 / 统计 / 格式 ⇒ 当成拍的数,要换成量出来的(或者证明它不是)
kinem.adb	for Q in P + 1 .. 3 loop	3	调参数	还没证明是数学 / 数值 / 统计 / 格式 ⇒ 当成拍的数,要换成量出来的(或者证明它不是)
kinem.adb	for Round in 1 .. 2 loop	2	调参数	还没证明是数学 / 数值 / 统计 / 格式 ⇒ 当成拍的数,要换成量出来的(或者证明它不是)
kinem.adb	for Round in 1 .. 2 loop	2	调参数	还没证明是数学 / 数值 / 统计 / 格式 ⇒ 当成拍的数,要换成量出来的(或者证明它不是)
kinem.adb	for Sweep in 1 .. 100 loop	100	调参数	还没证明是数学 / 数值 / 统计 / 格式 ⇒ 当成拍的数,要换成量出来的(或者证明它不是)
kinem.adb	for Sweep in 1 .. 100 loop	100	调参数	还没证明是数学 / 数值 / 统计 / 格式 ⇒ 当成拍的数,要换成量出来的(或者证明它不是)
kinem.adb	for Try in 1 .. 12 loop	12	调参数	还没证明是数学 / 数值 / 统计 / 格式 ⇒ 当成拍的数,要换成量出来的(或者证明它不是)
kinem.adb	for Try in 1 .. 8 loop	8	调参数	还没证明是数学 / 数值 / 统计 / 格式 ⇒ 当成拍的数,要换成量出来的(或者证明它不是)
kinem.adb	for Try in 1 .. 8 loop	8	调参数	还没证明是数学 / 数值 / 统计 / 格式 ⇒ 当成拍的数,要换成量出来的(或者证明它不是)
kinem.adb	function Mv_Med (S : Mv_Set; Ru, Rv : Vec_Ptr; Q : Long_Float := 0.5) return Long_Float is	0.5	调参数	还没证明是数学 / 数值 / 统计 / 格式 ⇒ 当成拍的数,要换成量出来的(或者证明它不是)
kinem.adb	function N_Params (M : Model) return Natural is (3 * M.N + 3 * N_Turn (M) + 1);	3	调参数	还没证明是数学 / 数值 / 统计 / 格式 ⇒ 当成拍的数,要换成量出来的(或者证明它不是)
kinem.adb	function N_Params (M : Model) return Natural is (3 * M.N + 3 * N_Turn (M) + 1);	3	调参数	还没证明是数学 / 数值 / 统计 / 格式 ⇒ 当成拍的数,要换成量出来的(或者证明它不是)
kinem.adb	function Rho_Sl (E2, Tau : Long_Float) return Long_Float is (2.0 * Tau * Tau * (Sqrt (1.0 + E2 / (Tau * Tau)) - 1.0));	2.0	调参数	还没证明是数学 / 数值 / 统计 / 格式 ⇒ 当成拍的数,要换成量出来的(或者证明它不是)
kinem.adb	function Size_Of (J : Natural) return Positive is (if Sl (J) then 2 else 3);	2	调参数	还没证明是数学 / 数值 / 统计 / 格式 ⇒ 当成拍的数,要换成量出来的(或者证明它不是)
kinem.adb	function Size_Of (J : Natural) return Positive is (if Sl (J) then 2 else 3);	3	调参数	还没证明是数学 / 数值 / 统计 / 格式 ⇒ 当成拍的数,要换成量出来的(或者证明它不是)
kinem.adb	if 2 * Bad (T) > All_N (T) then	2	调参数	还没证明是数学 / 数值 / 统计 / 格式 ⇒ 当成拍的数,要换成量出来的(或者证明它不是)
kinem.adb	if Cnt >= 3 then	3	调参数	还没证明是数学 / 数值 / 统计 / 格式 ⇒ 当成拍的数,要换成量出来的(或者证明它不是)
kinem.adb	if N < 3 then	3	调参数	还没证明是数学 / 数值 / 统计 / 格式 ⇒ 当成拍的数,要换成量出来的(或者证明它不是)
kinem.adb	if N < 3 then	3	调参数	还没证明是数学 / 数值 / 统计 / 格式 ⇒ 当成拍的数,要换成量出来的(或者证明它不是)
kinem.adb	if Nin >= 3 then	3	调参数	还没证明是数学 / 数值 / 统计 / 格式 ⇒ 当成拍的数,要换成量出来的(或者证明它不是)
kinem.adb	if O'Length < 2 then	2	调参数	还没证明是数学 / 数值 / 统计 / 格式 ⇒ 当成拍的数,要换成量出来的(或者证明它不是)
kinem.adb	if S.Live (T) = 1 and then H (T) > 1.0e-18 then	1.0e-18	数值	浮点的防除零 / 数值容差(不描述身体和世界)
kinem.adb	if S.Live (T) = 1 and then not Tt (T).Behind and then Tt (T).N + 1 >= Min_Views and then H (T) > 1.0e-18 then	1.0e-18	数值	浮点的防除零 / 数值容差(不描述身体和世界)
kinem.adb	if S.Nt = 0 or else 2 * S.No <= Np then	2	调参数	还没证明是数学 / 数值 / 统计 / 格式 ⇒ 当成拍的数,要换成量出来的(或者证明它不是)
kinem.adb	if Stay >= 2 then	2	调参数	还没证明是数学 / 数值 / 统计 / 格式 ⇒ 当成拍的数,要换成量出来的(或者证明它不是)
kinem.adb	if Zp > 1.0e-9 then	1.0e-9	数值	浮点的防除零 / 数值容差(不描述身体和世界)
kinem.adb	if abs A (Col, Col) > 1.0e-300 then	1.0e-300	数值	浮点的防除零 / 数值容差(不描述身体和世界)
kinem.adb	if abs A (P, Q) > 1.0e-300 then	1.0e-300	数值	浮点的防除零 / 数值容差(不描述身体和世界)
kinem.adb	if abs A (P, Q) > 1.0e-300 then	1.0e-300	数值	浮点的防除零 / 数值容差(不描述身体和世界)
kinem.adb	if abs A12 > 1.0e-30 then	1.0e-30	数值	浮点的防除零 / 数值容差(不描述身体和世界)
kinem.adb	if abs Aa (Col, Col) > 1.0e-300 then	1.0e-300	数值	浮点的防除零 / 数值容差(不描述身体和世界)
kinem.adb	if abs Aa (Col, Col) > 1.0e-300 then	1.0e-300	数值	浮点的防除零 / 数值容差(不描述身体和世界)
kinem.adb	if abs Det > 1.0e-12 and then Norm (Tij) > 1.0e-9 then	1.0e-12	数值	浮点的防除零 / 数值容差(不描述身体和世界)
kinem.adb	if abs Det > 1.0e-12 and then Norm (Tij) > 1.0e-9 then	1.0e-9	数值	浮点的防除零 / 数值容差(不描述身体和世界)
kinem.adb	return (if N > 1.0e-15 then Scl (A, 1.0 / N) else [0.0, 0.0, 1.0]);	1.0e-15	数值	浮点的防除零 / 数值容差(不描述身体和世界)
kinem.adb	return K >= 2;	2	调参数	还没证明是数学 / 数值 / 统计 / 格式 ⇒ 当成拍的数,要换成量出来的(或者证明它不是)
kinem.adb	type Unsigned_Seed is mod 2 ** 64;	2	调参数	还没证明是数学 / 数值 / 统计 / 格式 ⇒ 当成拍的数,要换成量出来的(或者证明它不是)
kinem.ads	M : out Model; Rep : out Fit_Report; Ok : out Boolean; Per_Pair : Positive := 60);	60	调参数	还没证明是数学 / 数值 / 统计 / 格式 ⇒ 当成拍的数,要换成量出来的(或者证明它不是)
kinem.ads	Max_Joints : constant := 12;	12	调参数	还没证明是数学 / 数值 / 统计 / 格式 ⇒ 当成拍的数,要换成量出来的(或者证明它不是)
layout.adb	R : String (1 .. 4096);	4096	调参数	还没证明是数学 / 数值 / 统计 / 格式 ⇒ 当成拍的数,要换成量出来的(或者证明它不是)
layout.adb	S : String (1 .. 4096);	4096	调参数	还没证明是数学 / 数值 / 统计 / 格式 ⇒ 当成拍的数,要换成量出来的(或者证明它不是)
layout.adb	elsif Nn = 6 then	6	调参数	还没证明是数学 / 数值 / 统计 / 格式 ⇒ 当成拍的数,要换成量出来的(或者证明它不是)
layout.adb	if Natural (Sh.Length) /= 2 or else Sh (0) /= 3 or else Sh (1) /= 3 then	2	调参数	还没证明是数学 / 数值 / 统计 / 格式 ⇒ 当成拍的数,要换成量出来的(或者证明它不是)
layout.adb	if Natural (Sh.Length) /= 2 or else Sh (0) /= 3 or else Sh (1) /= 3 then	3	调参数	还没证明是数学 / 数值 / 统计 / 格式 ⇒ 当成拍的数,要换成量出来的(或者证明它不是)
layout.adb	if Natural (Sh.Length) /= 2 or else Sh (0) /= 3 or else Sh (1) /= 3 then	3	调参数	还没证明是数学 / 数值 / 统计 / 格式 ⇒ 当成拍的数,要换成量出来的(或者证明它不是)
layout.adb	if Natural (Sh.Length) = 2 then	2	调参数	还没证明是数学 / 数值 / 统计 / 格式 ⇒ 当成拍的数,要换成量出来的(或者证明它不是)
layout.adb	if Natural (Sh.Length) = 3 and then Sh (2) = 3 then	3	调参数	还没证明是数学 / 数值 / 统计 / 格式 ⇒ 当成拍的数,要换成量出来的(或者证明它不是)
layout.adb	if Natural (Sh.Length) = 3 and then Sh (2) = 3 then	3	调参数	还没证明是数学 / 数值 / 统计 / 格式 ⇒ 当成拍的数,要换成量出来的(或者证明它不是)
layout.adb	if Natural (V.Length) /= 9 or else V (0) <= 0.0 or else V (4) <= 0.0 then	9	调参数	还没证明是数学 / 数值 / 统计 / 格式 ⇒ 当成拍的数,要换成量出来的(或者证明它不是)
layout.adb	if Nn = 7 then	7	调参数	还没证明是数学 / 数值 / 统计 / 格式 ⇒ 当成拍的数,要换成量出来的(或者证明它不是)
layout.adb	if T'Length < 2 or else (T (T'Last - 1 .. T'Last) /= "" and then T (T'Last - 1 .. T'Last) /= "") then	2	调参数	还没证明是数学 / 数值 / 统计 / 格式 ⇒ 当成拍的数,要换成量出来的(或者证明它不是)
layout.adb	if T'Length < 2 or else (T (T'Last - 1 .. T'Last) /= "" and then T (T'Last - 1 .. T'Last) /= "") then	2	调参数	还没证明是数学 / 数值 / 统计 / 格式 ⇒ 当成拍的数,要换成量出来的(或者证明它不是)
layout.adb	if T'Length < 2 or else (T (T'Last - 1 .. T'Last) /= "" and then T (T'Last - 1 .. T'Last) /= "") then	2	调参数	还没证明是数学 / 数值 / 统计 / 格式 ⇒ 当成拍的数,要换成量出来的(或者证明它不是)
layout.adb	if abs (Q - 1.0) < 2.0e-3 then	2.0e-3	调参数	还没证明是数学 / 数值 / 统计 / 格式 ⇒ 当成拍的数,要换成量出来的(或者证明它不是)
layout.adb	if abs (V (8) - 1.0) > 1.0e-6 or else abs V (1) > V (0) * 1.0e-6 or else abs V (3) > V (0) * 1.0e-6	1.0e-6	数值	浮点的防除零 / 数值容差(不描述身体和世界)
layout.adb	if abs (V (8) - 1.0) > 1.0e-6 or else abs V (1) > V (0) * 1.0e-6 or else abs V (3) > V (0) * 1.0e-6	1.0e-6	数值	浮点的防除零 / 数值容差(不描述身体和世界)
layout.adb	if abs (V (8) - 1.0) > 1.0e-6 or else abs V (1) > V (0) * 1.0e-6 or else abs V (3) > V (0) * 1.0e-6	1.0e-6	数值	浮点的防除零 / 数值容差(不描述身体和世界)
layout.adb	if abs X > 7.0 then	7.0	调参数	还没证明是数学 / 数值 / 统计 / 格式 ⇒ 当成拍的数,要换成量出来的(或者证明它不是)
layout.adb	or else abs V (6) > V (0) * 1.0e-6 or else abs V (7) > V (0) * 1.0e-6	1.0e-6	数值	浮点的防除零 / 数值容差(不描述身体和世界)
layout.adb	or else abs V (6) > V (0) * 1.0e-6 or else abs V (7) > V (0) * 1.0e-6	1.0e-6	数值	浮点的防除零 / 数值容差(不描述身体和世界)
limits.ads	Max_Jaws : constant := 8;	8	调参数	还没证明是数学 / 数值 / 统计 / 格式 ⇒ 当成拍的数,要换成量出来的(或者证明它不是)
lockstep.ads	Max_Hands : constant := 8;	8	调参数	还没证明是数学 / 数值 / 统计 / 格式 ⇒ 当成拍的数,要换成量出来的(或者证明它不是)
monitor.ads	(W.Quiet >= 2 and then W.Refused = 0 and then W.Blind = 0);	2	调参数	还没证明是数学 / 数值 / 统计 / 格式 ⇒ 当成拍的数,要换成量出来的(或者证明它不是)
monitor.ads	function Refusing (W : Watch) return Boolean is (W.Refused >= 2);	2	调参数	还没证明是数学 / 数值 / 统计 / 格式 ⇒ 当成拍的数,要换成量出来的(或者证明它不是)
monitor.ads	function Stalled (W : Watch) return Boolean is (W.No_Progress >= 5);	5	调参数	还没证明是数学 / 数值 / 统计 / 格式 ⇒ 当成拍的数,要换成量出来的(或者证明它不是)
monitor.ads	subtype Bounded is Long_Float range -1.0e12 .. 1.0e12;	1.0e12	数值	哨兵 / 数值极限(当作'没有'或'无穷')
monitor.ads	subtype Bounded is Long_Float range -1.0e12 .. 1.0e12;	1.0e12	数值	哨兵 / 数值极限(当作'没有'或'无穷')
monitor.ads	subtype Floor is Long_Float range 0.0 .. 1.0e12;	1.0e12	数值	哨兵 / 数值极限(当作'没有'或'无穷')
picture.adb	(Long_Float'Max (Long_Float'Max (abs (Long_Float (RGB.Element (3 * I)) - Long_Float (RGB.Element (3 * J))),	3	调参数	还没证明是数学 / 数值 / 统计 / 格式 ⇒ 当成拍的数,要换成量出来的(或者证明它不是)
picture.adb	(Long_Float'Max (Long_Float'Max (abs (Long_Float (RGB.Element (3 * I)) - Long_Float (RGB.Element (3 * J))),	3	调参数	还没证明是数学 / 数值 / 统计 / 格式 ⇒ 当成拍的数,要换成量出来的(或者证明它不是)
picture.adb	Big : constant Long_Float := 1.0e30;	1.0e30	数值	哨兵 / 数值极限(当作'没有'或'无穷')
picture.adb	Bins : constant := 64;	64	调参数	还没证明是数学 / 数值 / 统计 / 格式 ⇒ 当成拍的数,要换成量出来的(或者证明它不是)
picture.adb	Disc : constant Long_Float := Long_Float'Max (0.0, 0.25 * Tr * Tr - Det);	0.25	调参数	还没证明是数学 / 数值 / 统计 / 格式 ⇒ 当成拍的数,要换成量出来的(或者证明它不是)
picture.adb	Disc : constant Long_Float := Long_Float'Max (0.0, 0.25 * Tr * Tr - Det);	0.25	调参数	还没证明是数学 / 数值 / 统计 / 格式 ⇒ 当成拍的数,要换成量出来的(或者证明它不是)
picture.adb	Disc : constant Long_Float := Long_Float'Max (0.0, 0.25 * Tr * Tr - Det);	0.25	调参数	还没证明是数学 / 数值 / 统计 / 格式 ⇒ 当成拍的数,要换成量出来的(或者证明它不是)
picture.adb	F.Global := U8 (Natural'Min (255, D + 1));	255	格式	图像格式(8 位灰度、BMP 文件头)
picture.adb	Hi : Long_Float := -1.0e30;	1.0e30	数值	哨兵 / 数值极限(当作'没有'或'无穷')
picture.adb	Hist : array (0 .. 255) of Natural := [others => 0];	255	格式	图像格式(8 位灰度、BMP 文件头)
picture.adb	L1 : constant Long_Float := 0.5 * Tr + Sqrt (Disc);	0.5	调参数	还没证明是数学 / 数值 / 统计 / 格式 ⇒ 当成拍的数,要换成量出来的(或者证明它不是)
picture.adb	L1 : constant Long_Float := 0.5 * Tr + Sqrt (Disc);	0.5	调参数	还没证明是数学 / 数值 / 统计 / 格式 ⇒ 当成拍的数,要换成量出来的(或者证明它不是)
picture.adb	L1 : constant Long_Float := 0.5 * Tr + Sqrt (Disc);	0.5	调参数	还没证明是数学 / 数值 / 统计 / 格式 ⇒ 当成拍的数,要换成量出来的(或者证明它不是)
picture.adb	L2 : constant Long_Float := Long_Float'Max (0.0, 0.5 * Tr - Sqrt (Disc));	0.5	调参数	还没证明是数学 / 数值 / 统计 / 格式 ⇒ 当成拍的数,要换成量出来的(或者证明它不是)
picture.adb	L2 : constant Long_Float := Long_Float'Max (0.0, 0.5 * Tr - Sqrt (Disc));	0.5	调参数	还没证明是数学 / 数值 / 统计 / 格式 ⇒ 当成拍的数,要换成量出来的(或者证明它不是)
picture.adb	L2 : constant Long_Float := Long_Float'Max (0.0, 0.5 * Tr - Sqrt (Disc));	0.5	调参数	还没证明是数学 / 数值 / 统计 / 格式 ⇒ 当成拍的数,要换成量出来的(或者证明它不是)
picture.adb	Lo : Long_Float := 1.0e30;	1.0e30	数值	哨兵 / 数值极限(当作'没有'或'无穷')
picture.adb	Med := Quantile (Ring, 0.5);	0.5	调参数	还没证明是数学 / 数值 / 统计 / 格式 ⇒ 当成拍的数,要换成量出来的(或者证明它不是)
picture.adb	Mid := Quantile (Samples, 0.5);	0.5	调参数	还没证明是数学 / 数值 / 统计 / 格式 ⇒ 当成拍的数,要换成量出来的(或者证明它不是)
picture.adb	Pad : constant Natural := Natural'Max (Ring_W + 1, Long / 4);	4	调参数	还没证明是数学 / 数值 / 统计 / 格式 ⇒ 当成拍的数,要换成量出来的(或者证明它不是)
picture.adb	Quantiles : constant array (1 .. 4) of Long_Float := [0.5, 0.75, 0.9, 0.99];	0.5	调参数	还没证明是数学 / 数值 / 统计 / 格式 ⇒ 当成拍的数,要换成量出来的(或者证明它不是)
picture.adb	Quantiles : constant array (1 .. 4) of Long_Float := [0.5, 0.75, 0.9, 0.99];	0.75	调参数	还没证明是数学 / 数值 / 统计 / 格式 ⇒ 当成拍的数,要换成量出来的(或者证明它不是)
picture.adb	Quantiles : constant array (1 .. 4) of Long_Float := [0.5, 0.75, 0.9, 0.99];	0.9	调参数	还没证明是数学 / 数值 / 统计 / 格式 ⇒ 当成拍的数,要换成量出来的(或者证明它不是)
picture.adb	Quantiles : constant array (1 .. 4) of Long_Float := [0.5, 0.75, 0.9, 0.99];	0.99	调参数	还没证明是数学 / 数值 / 统计 / 格式 ⇒ 当成拍的数,要换成量出来的(或者证明它不是)
picture.adb	Quantiles : constant array (1 .. 4) of Long_Float := [0.5, 0.75, 0.9, 0.99];	4	调参数	还没证明是数学 / 数值 / 统计 / 格式 ⇒ 当成拍的数,要换成量出来的(或者证明它不是)
picture.adb	R.Elong := (if L2 > 1.0e-9 then Sqrt (L1 / L2) else 1.0e3);	1.0e-9	数值	浮点的防除零 / 数值容差(不描述身体和世界)
picture.adb	R.Elong := (if L2 > 1.0e-9 then Sqrt (L1 / L2) else 1.0e3);	1.0e-9	数值	浮点的防除零 / 数值容差(不描述身体和世界)
picture.adb	R.Elong := (if L2 > 1.0e-9 then Sqrt (L1 / L2) else 1.0e3);	1.0e-9	数值	浮点的防除零 / 数值容差(不描述身体和世界)
picture.adb	R.Elong := (if L2 > 1.0e-9 then Sqrt (L1 / L2) else 1.0e3);	1.0e3	调参数	还没证明是数学 / 数值 / 统计 / 格式 ⇒ 当成拍的数,要换成量出来的(或者证明它不是)
picture.adb	R.Elong := (if L2 > 1.0e-9 then Sqrt (L1 / L2) else 1.0e3);	1.0e3	调参数	还没证明是数学 / 数值 / 统计 / 格式 ⇒ 当成拍的数,要换成量出来的(或者证明它不是)
picture.adb	R.Elong := (if L2 > 1.0e-9 then Sqrt (L1 / L2) else 1.0e3);	1.0e3	调参数	还没证明是数学 / 数值 / 统计 / 格式 ⇒ 当成拍的数,要换成量出来的(或者证明它不是)
picture.adb	Rg.Depth := Quantile (Ds, 0.5);	0.5	调参数	还没证明是数学 / 数值 / 统计 / 格式 ⇒ 当成拍的数,要换成量出来的(或者证明它不是)
picture.adb	Rg.Height := Quantile (Hs, 0.5);	0.5	调参数	还没证明是数学 / 数值 / 统计 / 格式 ⇒ 当成拍的数,要换成量出来的(或者证明它不是)
picture.adb	Ring_W : constant := 2;	2	调参数	还没证明是数学 / 数值 / 统计 / 格式 ⇒ 当成拍的数,要换成量出来的(或者证明它不是)
picture.adb	Sb := Sb + Long_Float (RGB.Element (3 * (Y * W + X) + 2));	2	调参数	还没证明是数学 / 数值 / 统计 / 格式 ⇒ 当成拍的数,要换成量出来的(或者证明它不是)
picture.adb	Step : constant Natural := Natural'Max (1, (W * H) / 20000);	20000	调参数	还没证明是数学 / 数值 / 统计 / 格式 ⇒ 当成拍的数,要换成量出来的(或者证明它不是)
picture.adb	Step : constant Natural := Natural'Max (1, N / 20000);	20000	调参数	还没证明是数学 / 数值 / 统计 / 格式 ⇒ 当成拍的数,要换成量出来的(或者证明它不是)
picture.adb	Thick : constant Long_Float := Long_Float'Max (1.0e-4, abs R.Height);	1.0e-4	数值	浮点的防除零 / 数值容差(不描述身体和世界)
picture.adb	V : constant Long_Float := Long_Float (W * H) * 3.0e-5;	3.0e-5	调参数	还没证明是数学 / 数值 / 统计 / 格式 ⇒ 当成拍的数,要换成量出来的(或者证明它不是)
picture.adb	V : constant Long_Float := Quantile (Absd, Q) * 1.4826;	1.4826	统计	中位绝对偏差换成正态的标准差(统计换算)
picture.adb	abs (Long_Float (RGB.Element (3 * I + 1)) - Long_Float (RGB.Element (3 * I + 4)))),	4	调参数	还没证明是数学 / 数值 / 统计 / 格式 ⇒ 当成拍的数,要换成量出来的(或者证明它不是)
picture.adb	abs (Long_Float (RGB.Element (3 * I + 2)) - Long_Float (RGB.Element (3 * I + 5)))));	2	调参数	还没证明是数学 / 数值 / 统计 / 格式 ⇒ 当成拍的数,要换成量出来的(或者证明它不是)
picture.adb	abs (Long_Float (RGB.Element (3 * I + 2)) - Long_Float (RGB.Element (3 * I + 5)))));	5	调参数	还没证明是数学 / 数值 / 统计 / 格式 ⇒ 当成拍的数,要换成量出来的(或者证明它不是)
picture.adb	abs (Long_Float (RGB.Element (3 * I + 2)) - Long_Float (RGB.Element (3 * J + 2)))));	2	调参数	还没证明是数学 / 数值 / 统计 / 格式 ⇒ 当成拍的数,要换成量出来的(或者证明它不是)
picture.adb	abs (Long_Float (RGB.Element (3 * I + 2)) - Long_Float (RGB.Element (3 * J + 2)))));	2	调参数	还没证明是数学 / 数值 / 统计 / 格式 ⇒ 当成拍的数,要换成量出来的(或者证明它不是)
picture.adb	for B in 0 .. Bins - 2 loop	2	调参数	还没证明是数学 / 数值 / 统计 / 格式 ⇒ 当成拍的数,要换成量出来的(或者证明它不是)
picture.adb	for D in reverse 0 .. 255 loop	255	格式	图像格式(8 位灰度、BMP 文件头)
picture.adb	if Ln > 1.0e-12 then	1.0e-12	数值	浮点的防除零 / 数值容差(不描述身体和世界)
picture.adb	if Mask.Element (I) and then not Is_Nan (Depth.Element (I)) and then Depth.Element (I) > 1.0e-6 then	1.0e-6	数值	浮点的防除零 / 数值容差(不描述身体和世界)
picture.adb	if N < 16 then	16	调参数	还没证明是数学 / 数值 / 统计 / 格式 ⇒ 当成拍的数,要换成量出来的(或者证明它不是)
picture.adb	if Natural (Ds.Length) < 16 then	16	调参数	还没证明是数学 / 数值 / 统计 / 格式 ⇒ 当成拍的数,要换成量出来的(或者证明它不是)
picture.adb	if Natural (RGB.Length) < W * H * 3 or else W < 2 then	2	调参数	还没证明是数学 / 数值 / 统计 / 格式 ⇒ 当成拍的数,要换成量出来的(或者证明它不是)
picture.adb	if Natural (Samples.Length) < 16 then	16	调参数	还没证明是数学 / 数值 / 统计 / 格式 ⇒ 当成拍的数,要换成量出来的(或者证明它不是)
picture.adb	if Ring_Hi * 2 > Ring_N then	2	调参数	还没证明是数学 / 数值 / 统计 / 格式 ⇒ 当成拍的数,要换成量出来的(或者证明它不是)
picture.adb	if Tot_Var <= 0.0 or else Best_Var / Total < 0.5 * Tot_Var then	0.5	调参数	还没证明是数学 / 数值 / 统计 / 格式 ⇒ 当成拍的数,要换成量出来的(或者证明它不是)
picture.adb	if Ww < 2 * Ring_W + 2 or else Wh < 2 * Ring_W + 2 then	2	调参数	还没证明是数学 / 数值 / 统计 / 格式 ⇒ 当成拍的数,要换成量出来的(或者证明它不是)
picture.adb	if Ww < 2 * Ring_W + 2 or else Wh < 2 * Ring_W + 2 then	2	调参数	还没证明是数学 / 数值 / 统计 / 格式 ⇒ 当成拍的数,要换成量出来的(或者证明它不是)
picture.adb	if Ww < 2 * Ring_W + 2 or else Wh < 2 * Ring_W + 2 then	2	调参数	还没证明是数学 / 数值 / 统计 / 格式 ⇒ 当成拍的数,要换成量出来的(或者证明它不是)
picture.adb	if Ww < 2 * Ring_W + 2 or else Wh < 2 * Ring_W + 2 then	2	调参数	还没证明是数学 / 数值 / 统计 / 格式 ⇒ 当成拍的数,要换成量出来的(或者证明它不是)
picture.adb	if abs Vxy > 1.0e-12 then	1.0e-12	数值	浮点的防除零 / 数值容差(不描述身体和世界)
picture.adb	if abs Vxy > 1.0e-12 then	1.0e-12	数值	浮点的防除零 / 数值容差(不描述身体和世界)
picture.adb	if abs Vxy > 1.0e-12 then	1.0e-12	数值	浮点的防除零 / 数值容差(不描述身体和世界)
picture.adb	if not Is_Nan (Z) and then Z > 1.0e-6 and then abs (Z - R.Depth) <= Thick then	1.0e-6	数值	浮点的防除零 / 数值容差(不描述身体和世界)
picture.adb	if not Is_Nan (Z) and then Z > 1.0e-6 and then not Is_Nan (B) and then abs B < Big then	1.0e-6	数值	浮点的防除零 / 数值容差(不描述身体和世界)
picture.adb	if not Is_Nan (Z) and then Z > 1.0e-6 then	1.0e-6	数值	浮点的防除零 / 数值容差(不描述身体和世界)
picture.adb	return Quantile (Ds, 0.5);	0.5	调参数	还没证明是数学 / 数值 / 统计 / 格式 ⇒ 当成拍的数,要换成量出来的(或者证明它不是)
picture.adb	return Quantile (Vals, 0.25);	0.25	调参数	还没证明是数学 / 数值 / 统计 / 格式 ⇒ 当成拍的数,要换成量出来的(或者证明它不是)
plan.adb	if Segments > 4096 then	4096	调参数	还没证明是数学 / 数值 / 统计 / 格式 ⇒ 当成拍的数,要换成量出来的(或者证明它不是)
plug.adb	B : constant Natural := Natural (L.Last.Raw.Element (First + 3 * I + 2));	2	调参数	还没证明是数学 / 数值 / 统计 / 格式 ⇒ 当成拍的数,要换成量出来的(或者证明它不是)
plug.adb	B : constant Natural := Natural (L.Last.Raw.Element (First + 3 * I + 2));	3	调参数	还没证明是数学 / 数值 / 统计 / 格式 ⇒ 当成拍的数,要换成量出来的(或者证明它不是)
plug.adb	C.Gray.Replace_Element (I, U8 ((R * 299 + G * 587 + B * 114) / 1000));	1000	调参数	还没证明是数学 / 数值 / 统计 / 格式 ⇒ 当成拍的数,要换成量出来的(或者证明它不是)
plug.adb	C.Gray.Replace_Element (I, U8 ((R * 299 + G * 587 + B * 114) / 1000));	114	调参数	还没证明是数学 / 数值 / 统计 / 格式 ⇒ 当成拍的数,要换成量出来的(或者证明它不是)
plug.adb	C.Gray.Replace_Element (I, U8 ((R * 299 + G * 587 + B * 114) / 1000));	299	调参数	还没证明是数学 / 数值 / 统计 / 格式 ⇒ 当成拍的数,要换成量出来的(或者证明它不是)
plug.adb	C.Gray.Replace_Element (I, U8 ((R * 299 + G * 587 + B * 114) / 1000));	587	调参数	还没证明是数学 / 数值 / 统计 / 格式 ⇒ 当成拍的数,要换成量出来的(或者证明它不是)
plug.adb	C.RGB.Replace_Element (3 * I, U8 (R)); C.RGB.Replace_Element (3 * I + 1, U8 (G)); C.RGB.Replace_Element (3 * I + 2, U8 (B));	2	调参数	还没证明是数学 / 数值 / 统计 / 格式 ⇒ 当成拍的数,要换成量出来的(或者证明它不是)
plug.adb	Codec.Fmt (L.Parse_Us / 50000.0, 1) & "" & Codec.Fmt (L.Frame_S, 3) &	3	格式	日志 / 给脑的话里印几位小数
plug.adb	Codec.Fmt (L.Parse_Us / 50000.0, 1) & "" & Codec.Fmt (L.Frame_S, 3) &	50000.0	调参数	还没证明是数学 / 数值 / 统计 / 格式 ⇒ 当成拍的数,要换成量出来的(或者证明它不是)
plug.adb	Corr := Zeros (2 * Max_Lag + 1);	2	调参数	还没证明是数学 / 数值 / 统计 / 格式 ⇒ 当成拍的数,要换成量出来的(或者证明它不是)
plug.adb	G : constant Natural := Natural (L.Last.Raw.Element (First + 3 * I + 1));	3	调参数	还没证明是数学 / 数值 / 统计 / 格式 ⇒ 当成拍的数,要换成量出来的(或者证明它不是)
plug.adb	G.Append (C.Gray.Element ((Y * 2) * C.W + X * 2));	2	调参数	还没证明是数学 / 数值 / 统计 / 格式 ⇒ 当成拍的数,要换成量出来的(或者证明它不是)
plug.adb	G.Append (C.Gray.Element ((Y * 2) * C.W + X * 2));	2	调参数	还没证明是数学 / 数值 / 统计 / 格式 ⇒ 当成拍的数,要换成量出来的(或者证明它不是)
plug.adb	Hh : constant Natural := C.H / 2;	2	数学	求中点 / 一半
plug.adb	Hw : constant Natural := C.W / 2;	2	数学	求中点 / 一半
plug.adb	L.Frame_S := (L.Wait_Us + L.Parse_Us) / 50.0e6;	50.0e6	调参数	还没证明是数学 / 数值 / 统计 / 格式 ⇒ 当成拍的数,要换成量出来的(或者证明它不是)
plug.adb	L.Parse_Us := L.Parse_Us + Long_Float (Clock - T1) * 1.0e6;	1.0e6	调参数	还没证明是数学 / 数值 / 统计 / 格式 ⇒ 当成拍的数,要换成量出来的(或者证明它不是)
plug.adb	L.Wait_Us := L.Wait_Us + Long_Float (T1 - T0) * 1.0e6;	1.0e6	调参数	还没证明是数学 / 数值 / 统计 / 格式 ⇒ 当成拍的数,要换成量出来的(或者证明它不是)
plug.adb	Max : constant Natural := Codec.Env_Nat ("", 6000);	6000	调参数	还没证明是数学 / 数值 / 统计 / 格式 ⇒ 当成拍的数,要换成量出来的(或者证明它不是)
plug.adb	N : Natural := 4;	4	调参数	还没证明是数学 / 数值 / 统计 / 格式 ⇒ 当成拍的数,要换成量出来的(或者证明它不是)
plug.adb	Put (Fo, "" & Codec.Fmt (P (I), 6));	6	格式	日志 / 给脑的话里印几位小数
plug.adb	Put (Fo, "" & Codec.Fmt (P (I), 6));	6	格式	日志 / 给脑的话里印几位小数
plug.adb	Put_Line ("" & Codec.Fmt (L.Wait_Us / 50000.0, 1) & "" &	50000.0	调参数	还没证明是数学 / 数值 / 统计 / 格式 ⇒ 当成拍的数,要换成量出来的(或者证明它不是)
plug.adb	Put_Map (S, 2 * N);	2	调参数	还没证明是数学 / 数值 / 统计 / 格式 ⇒ 当成拍的数,要换成量出来的(或者证明它不是)
plug.adb	Put_Map (S, 2 * N);	2	调参数	还没证明是数学 / 数值 / 统计 / 格式 ⇒ 当成拍的数,要换成量出来的(或者证明它不是)
plug.adb	R : constant Natural := Natural (L.Last.Raw.Element (First + 3 * I));	3	调参数	还没证明是数学 / 数值 / 统计 / 格式 ⇒ 当成拍的数,要换成量出来的(或者证明它不是)
plug.adb	Saved : constant Boolean := L.Seq <= 2000 or else L.Seq mod 20 = 0;	20	调参数	还没证明是数学 / 数值 / 统计 / 格式 ⇒ 当成拍的数,要换成量出来的(或者证明它不是)
plug.adb	Saved : constant Boolean := L.Seq <= 2000 or else L.Seq mod 20 = 0;	2000	调参数	还没证明是数学 / 数值 / 统计 / 格式 ⇒ 当成拍的数,要换成量出来的(或者证明它不是)
plug.adb	Stride : constant Natural := Natural'Max (1, Codec.Env_Nat ("", 6));	6	调参数	还没证明是数学 / 数值 / 统计 / 格式 ⇒ 当成拍的数,要换成量出来的(或者证明它不是)
plug.adb	if Idle mod 1000 = 0 then	1000	调参数	还没证明是数学 / 数值 / 统计 / 格式 ⇒ 当成拍的数,要换成量出来的(或者证明它不是)
plug.adb	if L.Seq <= 2000 or else L.Seq mod 20 = 0 then	20	调参数	还没证明是数学 / 数值 / 统计 / 格式 ⇒ 当成拍的数,要换成量出来的(或者证明它不是)
plug.adb	if L.Seq <= 2000 or else L.Seq mod 20 = 0 then	2000	调参数	还没证明是数学 / 数值 / 统计 / 格式 ⇒ 当成拍的数,要换成量出来的(或者证明它不是)
plug.adb	if L.Seq mod 50 = 0 then	50	调参数	还没证明是数学 / 数值 / 统计 / 格式 ⇒ 当成拍的数,要换成量出来的(或者证明它不是)
plug.adb	if N >= 2 then	2	调参数	还没证明是数学 / 数值 / 统计 / 格式 ⇒ 当成拍的数,要换成量出来的(或者证明它不是)
plug.adb	if Natural (A.Length) = 7 then	7	调参数	还没证明是数学 / 数值 / 统计 / 格式 ⇒ 当成拍的数,要换成量出来的(或者证明它不是)
plug.adb	if Tries <= 3 then	3	调参数	还没证明是数学 / 数值 / 统计 / 格式 ⇒ 当成拍的数,要换成量出来的(或者证明它不是)
plug.adb	if Tries > 4000 then	4000	调参数	还没证明是数学 / 数值 / 统计 / 格式 ⇒ 当成拍的数,要换成量出来的(或者证明它不是)
plug.ads	Img_Stride : constant := 4;	4	调参数	还没证明是数学 / 数值 / 统计 / 格式 ⇒ 当成拍的数,要换成量出来的(或者证明它不是)
plug.ads	Keep_Beats : constant := 4096;	4096	调参数	还没证明是数学 / 数值 / 统计 / 格式 ⇒ 当成拍的数,要换成量出来的(或者证明它不是)
plug.ads	Max_Lag : constant := 4;	4	调参数	还没证明是数学 / 数值 / 统计 / 格式 ⇒ 当成拍的数,要换成量出来的(或者证明它不是)
runtime.ads	Max_Stack : constant := 32;	32	调参数	还没证明是数学 / 数值 / 统计 / 格式 ⇒ 当成拍的数,要换成量出来的(或者证明它不是)
schema.adb	Bd : Long_Float := 1.0e30;	1.0e30	数值	哨兵 / 数值极限(当作'没有'或'无穷')
schema.adb	Dist := 1.0e30;	1.0e30	数值	哨兵 / 数值极限(当作'没有'或'无穷')
schema.ads	Max_Per_Pair : constant := 64;	64	调参数	还没证明是数学 / 数值 / 统计 / 格式 ⇒ 当成拍的数,要换成量出来的(或者证明它不是)
selfmap.adb	"" & Codec.Fmt (M.Jaw_Noise, 4) & "" &	4	格式	日志 / 给脑的话里印几位小数
selfmap.adb	Amp : constant Long_Float := (if Has_Step then Step_Px (A) (if K < 3 then 0 else 1) else 0.0);	3	调参数	还没证明是数学 / 数值 / 统计 / 格式 ⇒ 当成拍的数,要换成量出来的(或者证明它不是)
selfmap.adb	Bv : Long_Float := 1.0e9;	1.0e9	数值	哨兵 / 数值极限(当作'没有'或'无穷')
selfmap.adb	Cap : constant Natural := 20 * (12 + M.Settle);	12	调参数	还没证明是数学 / 数值 / 统计 / 格式 ⇒ 当成拍的数,要换成量出来的(或者证明它不是)
selfmap.adb	Cap : constant Natural := 20 * (12 + M.Settle);	20	调参数	还没证明是数学 / 数值 / 统计 / 格式 ⇒ 当成拍的数,要换成量出来的(或者证明它不是)
selfmap.adb	Codec.Fmt (Bv * 100.0, 0) & "");	100.0	调参数	还没证明是数学 / 数值 / 统计 / 格式 ⇒ 当成拍的数,要换成量出来的(或者证明它不是)
selfmap.adb	Has_Step : constant Boolean := A < Natural (Step_Px.Length) and then Natural (Step_Px (A).Length) >= 2;	2	调参数	还没证明是数学 / 数值 / 统计 / 格式 ⇒ 当成拍的数,要换成量出来的(或者证明它不是)
selfmap.adb	Jit : constant Long_Float := (if N_Free >= 2 then abs (Prev - Prev2) else 0.0);	2	调参数	还没证明是数学 / 数值 / 统计 / 格式 ⇒ 当成拍的数,要换成量出来的(或者证明它不是)
selfmap.adb	Ls : constant Plug.Limit_State := (if Arrived < 2 then Plug.Held_Back (Arm) else Plug.Free);	2	调参数	还没证明是数学 / 数值 / 统计 / 格式 ⇒ 当成拍的数,要换成量出来的(或者证明它不是)
selfmap.adb	Put_Line ("" & Codec.Fmt (M.EE_Noise, 5) & "" & Codec.Fmt (M.Rot_Noise, 5) &	5	格式	日志 / 给脑的话里印几位小数
selfmap.adb	Put_Line ("" & Codec.Fmt (M.EE_Noise, 5) & "" & Codec.Fmt (M.Rot_Noise, 5) &	5	格式	日志 / 给脑的话里印几位小数
selfmap.adb	Stop : constant Boolean := (Still >= 2 and then Sub_Frames >= M.Settle) or else Sub_Frames >= 12 + M.Settle;	12	调参数	还没证明是数学 / 数值 / 统计 / 格式 ⇒ 当成拍的数,要换成量出来的(或者证明它不是)
selfmap.adb	Stop : constant Boolean := (Still >= 2 and then Sub_Frames >= M.Settle) or else Sub_Frames >= 12 + M.Settle;	2	调参数	还没证明是数学 / 数值 / 统计 / 格式 ⇒ 当成拍的数,要换成量出来的(或者证明它不是)
selfmap.adb	exit when Arrived >= 2 or else (Still >= 2 and then Frames >= M.Settle)	2	调参数	还没证明是数学 / 数值 / 统计 / 格式 ⇒ 当成拍的数,要换成量出来的(或者证明它不是)
selfmap.adb	exit when Arrived >= 2 or else (Still >= 2 and then Frames >= M.Settle)	2	调参数	还没证明是数学 / 数值 / 统计 / 格式 ⇒ 当成拍的数,要换成量出来的(或者证明它不是)
selfmap.adb	exit when Arrived >= 2 or else Stop or else (Press and then Ls = Plug.Free and then Press_Still >= 2) or else Frames >= Cap;	2	调参数	还没证明是数学 / 数值 / 统计 / 格式 ⇒ 当成拍的数,要换成量出来的(或者证明它不是)
selfmap.adb	exit when Arrived >= 2 or else Stop or else (Press and then Ls = Plug.Free and then Press_Still >= 2) or else Frames >= Cap;	2	调参数	还没证明是数学 / 数值 / 统计 / 格式 ⇒ 当成拍的数,要换成量出来的(或者证明它不是)
selfmap.adb	exit when Still >= 2;	2	调参数	还没证明是数学 / 数值 / 统计 / 格式 ⇒ 当成拍的数,要换成量出来的(或者证明它不是)
selfmap.adb	for K in 1 .. 4 loop	4	调参数	还没证明是数学 / 数值 / 统计 / 格式 ⇒ 当成拍的数,要换成量出来的(或者证明它不是)
selfmap.adb	if Best >= 0 and then Bv > 0.0 and then Bv >= 2.0 * Second then	2.0	调参数	还没证明是数学 / 数值 / 统计 / 格式 ⇒ 当成拍的数,要换成量出来的(或者证明它不是)
selfmap.adb	if K < 4 then	4	调参数	还没证明是数学 / 数值 / 统计 / 格式 ⇒ 当成拍的数,要换成量出来的(或者证明它不是)
selfmap.adb	if abs (Got - Expect) <= 0.5 * abs Expect + M.EE_Noise and then Visible then	0.5	调参数	还没证明是数学 / 数值 / 统计 / 格式 ⇒ 当成拍的数,要换成量出来的(或者证明它不是)
selfmap.adb	if abs Got >= Amp * 0.5 then	0.5	调参数	还没证明是数学 / 数值 / 统计 / 格式 ⇒ 当成拍的数,要换成量出来的(或者证明它不是)
selfmap.adb	if abs Got >= Amp * 0.5 then	0.5	调参数	还没证明是数学 / 数值 / 统计 / 格式 ⇒ 当成拍的数,要换成量出来的(或者证明它不是)
selfmap.adb	if abs Got >= Amp * 0.5 then	0.5	调参数	还没证明是数学 / 数值 / 统计 / 格式 ⇒ 当成拍的数,要换成量出来的(或者证明它不是)
selfmap.adb	or else Frames >= 12 + M.Settle;	12	调参数	还没证明是数学 / 数值 / 统计 / 格式 ⇒ 当成拍的数,要换成量出来的(或者证明它不是)
selfmap.adb	return Cnt <= 4 * Picture.Min_Pixels (Before.W, Before.H);	4	调参数	还没证明是数学 / 数值 / 统计 / 格式 ⇒ 当成拍的数,要换成量出来的(或者证明它不是)
selfmap.adb	return Short > Prev + Long_Float'Max (Negligible * Lstep, 3.0 * Long_Float'Max (Noise, Jit));	3.0	调参数	还没证明是数学 / 数值 / 统计 / 格式 ⇒ 当成拍的数,要换成量出来的(或者证明它不是)
selfmap.ads	Negligible : constant := 0.01;	0.01	调参数	还没证明是数学 / 数值 / 统计 / 格式 ⇒ 当成拍的数,要换成量出来的(或者证明它不是)
selfmap.ads	Per_Arm : Natural := 6;	6	调参数	还没证明是数学 / 数值 / 统计 / 格式 ⇒ 当成拍的数,要换成量出来的(或者证明它不是)
selfmap.ads	Settle : Natural := 2;	2	调参数	还没证明是数学 / 数值 / 统计 / 格式 ⇒ 当成拍的数,要换成量出来的(或者证明它不是)
sinew.adb	Append (R, Word_Tail (23));	23	调参数	还没证明是数学 / 数值 / 统计 / 格式 ⇒ 当成拍的数,要换成量出来的(或者证明它不是)
sinew.adb	C.Subj := Make_Noun (K, Stop - 2);	2	调参数	还没证明是数学 / 数值 / 统计 / 格式 ⇒ 当成拍的数,要换成量出来的(或者证明它不是)
sinew.adb	I.Subj := Make_Noun (3, (if Lw (As_At - 1) = "" then As_At - 2 else As_At - 1));	2	调参数	还没证明是数学 / 数值 / 统计 / 格式 ⇒ 当成拍的数,要换成量出来的(或者证明它不是)
sinew.adb	K : Natural := 2;	2	调参数	还没证明是数学 / 数值 / 统计 / 格式 ⇒ 当成拍的数,要换成量出来的(或者证明它不是)
sinew.adb	K := K + 2;	2	调参数	还没证明是数学 / 数值 / 统计 / 格式 ⇒ 当成拍的数,要换成量出来的(或者证明它不是)
sinew.adb	K := K + 3;	3	调参数	还没证明是数学 / 数值 / 统计 / 格式 ⇒ 当成拍的数,要换成量出来的(或者证明它不是)
sinew.adb	K := K + 4;	4	调参数	还没证明是数学 / 数值 / 统计 / 格式 ⇒ 当成拍的数,要换成量出来的(或者证明它不是)
sinew.adb	Max_Words : constant := 64;	64	调参数	还没证明是数学 / 数值 / 统计 / 格式 ⇒ 当成拍的数,要换成量出来的(或者证明它不是)
sinew.adb	Sent_Rule : constant String := "" & Sent_Tail (80);	80	调参数	还没证明是数学 / 数值 / 统计 / 格式 ⇒ 当成拍的数,要换成量出来的(或者证明它不是)
sinew.adb	Stack : array (1 .. 32) of Open_Block;	32	调参数	还没证明是数学 / 数值 / 统计 / 格式 ⇒ 当成拍的数,要换成量出来的(或者证明它不是)
sinew.adb	elsif N >= 3 and then Lw (2) = "" then	3	调参数	还没证明是数学 / 数值 / 统计 / 格式 ⇒ 当成拍的数,要换成量出来的(或者证明它不是)
sinew.adb	for K in 2 .. N loop	2	调参数	还没证明是数学 / 数值 / 统计 / 格式 ⇒ 当成拍的数,要换成量出来的(或者证明它不是)
sinew.adb	if N < 2 or else not Opens_Block then	2	调参数	还没证明是数学 / 数值 / 统计 / 格式 ⇒ 当成拍的数,要换成量出来的(或者证明它不是)
sinew.adb	if N < 2 or else not Opens_Block then	2	调参数	还没证明是数学 / 数值 / 统计 / 格式 ⇒ 当成拍的数,要换成量出来的(或者证明它不是)
sinew.adb	if N < 2 then	2	调参数	还没证明是数学 / 数值 / 统计 / 格式 ⇒ 当成拍的数,要换成量出来的(或者证明它不是)
sinew.adb	if N < 5 or else Lw (2) /= "" or else As_At = 0 or else As_At + 1 > N then	5	调参数	还没证明是数学 / 数值 / 统计 / 格式 ⇒ 当成拍的数,要换成量出来的(或者证明它不是)
sinew.adb	if Stop >= K + 2 and then (Lw (Stop) = "" or else Lw (Stop) = "") then	2	调参数	还没证明是数学 / 数值 / 统计 / 格式 ⇒ 当成拍的数,要换成量出来的(或者证明它不是)
table.adb	Q : array (0 .. Rows * 8 - 1, Ch_Index) of Long_Float := [others => [others => 0.0]];	8	调参数	还没证明是数学 / 数值 / 统计 / 格式 ⇒ 当成拍的数,要换成量出来的(或者证明它不是)
table.adb	and then E.Reps (C) >= 2 and then E.Scatter (C, R) < 1.0	2	调参数	还没证明是数学 / 数值 / 统计 / 格式 ⇒ 当成拍的数,要换成量出来的(或者证明它不是)
table.adb	elsif Best_Reps < 2 then	2	调参数	还没证明是数学 / 数值 / 统计 / 格式 ⇒ 当成拍的数,要换成量出来的(或者证明它不是)
table.adb	for Round in 1 .. 3 loop	3	调参数	还没证明是数学 / 数值 / 统计 / 格式 ⇒ 当成拍的数,要换成量出来的(或者证明它不是)
table.adb	function Blocked (E : Effect) return Boolean is (E.Null_Wins >= 2);	2	调参数	还没证明是数学 / 数值 / 统计 / 格式 ⇒ 当成拍的数,要换成量出来的(或者证明它不是)
table.adb	if abs Sys (Piv, C) < 1.0e-15 then	1.0e-15	数值	浮点的防除零 / 数值容差(不描述身体和世界)
table.adb	if not (Denom > 1.0e-18) then	1.0e-18	数值	浮点的防除零 / 数值容差(不描述身体和世界)
table.adb	if not Any_Clamped or else Round = 3 then	3	调参数	还没证明是数学 / 数值 / 统计 / 格式 ⇒ 当成拍的数,要换成量出来的(或者证明它不是)
table.ads	Lambda : Long_Float := 0.98;	0.98	调参数	还没证明是数学 / 数值 / 统计 / 格式 ⇒ 当成拍的数,要换成量出来的(或者证明它不是)
table.ads	Max_Ch : constant := 64;	64	调参数	还没证明是数学 / 数值 / 统计 / 格式 ⇒ 当成拍的数,要换成量出来的(或者证明它不是)
table.ads	Rows : constant := 5;	5	调参数	还没证明是数学 / 数值 / 统计 / 格式 ⇒ 当成拍的数,要换成量出来的(或者证明它不是)
world.adb	Bd : Long_Float := 1.0e9;	1.0e9	数值	哨兵 / 数值极限(当作'没有'或'无穷')
world.adb	Long_Float'Max (Long_Float (Ref.X1 - Ref.X0) / Long_Float (W), Long_Float (Ref.Y1 - Ref.Y0) / Long_Float (H)) * 0.5,	0.5	调参数	还没证明是数学 / 数值 / 统计 / 格式 ⇒ 当成拍的数,要换成量出来的(或者证明它不是)
world.adb	if R.Count * 2 >= Origin.Count and then Picture.Inside (Origin, R.Cu, R.Cv, W, H, 0.5) then	0.5	调参数	还没证明是数学 / 数值 / 统计 / 格式 ⇒ 当成拍的数,要换成量出来的(或者证明它不是)
world.adb	if R.Count * 2 >= Origin.Count and then Picture.Inside (Origin, R.Cu, R.Cv, W, H, 0.5) then	2	调参数	还没证明是数学 / 数值 / 统计 / 格式 ⇒ 当成拍的数,要换成量出来的(或者证明它不是)
zone.adb	"" & Codec.Fmt (Z.Span, 3) & "" & Codec.Fmt (100.0 * Long_Float (N_Mv) / Long_Float (Natural'Max (1, Cw * Ch)), 2) & ""	100.0	调参数	还没证明是数学 / 数值 / 统计 / 格式 ⇒ 当成拍的数,要换成量出来的(或者证明它不是)
zone.adb	"" & Codec.Fmt (Z.Span, 3) & "" & Codec.Fmt (100.0 * Long_Float (N_Mv) / Long_Float (Natural'Max (1, Cw * Ch)), 2) & ""	2	格式	日志 / 给脑的话里印几位小数
zone.adb	"" & Codec.Fmt (Z.Span, 3) & "" & Codec.Fmt (100.0 * Long_Float (N_Mv) / Long_Float (Natural'Max (1, Cw * Ch)), 2) & ""	3	格式	日志 / 给脑的话里印几位小数
zone.adb	& "" & Natural'Image (Hi_Steps) & "" & Codec.Fmt (abs (Hi_R - Lo_R), 3));	3	格式	日志 / 给脑的话里印几位小数
zone.adb	& (if Known then "" & Codec.Fmt ((if Hi_Open then Hi_R else Lo_R), 3) & "" else ""));	3	格式	日志 / 给脑的话里印几位小数
zone.adb	Band : constant Long_Float := Long_Float (Hh) / 80.0;	80.0	调参数	还没证明是数学 / 数值 / 统计 / 格式 ⇒ 当成拍的数,要换成量出来的(或者证明它不是)
zone.adb	Codec.Fmt (Z.Cu, 3) & "" & Codec.Fmt (Z.Cv, 3) & "" & Codec.Img (Z.X0) & "" & Codec.Img (Z.Y0) & "" & Codec.Img (Z.X1) & "" & Codec.Img (Z.Y1) &	3	格式	日志 / 给脑的话里印几位小数
zone.adb	Codec.Fmt (Z.Cu, 3) & "" & Codec.Fmt (Z.Cv, 3) & "" & Codec.Img (Z.X0) & "" & Codec.Img (Z.Y0) & "" & Codec.Img (Z.X1) & "" & Codec.Img (Z.Y1) &	3	格式	日志 / 给脑的话里印几位小数
zone.adb	Hi : Long_Float := -1.0e30;	1.0e30	数值	哨兵 / 数值极限(当作'没有'或'无穷')
zone.adb	I := I + 7;	7	调参数	还没证明是数学 / 数值 / 统计 / 格式 ⇒ 当成拍的数,要换成量出来的(或者证明它不是)
zone.adb	I := I + 7;	7	调参数	还没证明是数学 / 数值 / 统计 / 格式 ⇒ 当成拍的数,要换成量出来的(或者证明它不是)
zone.adb	Known := N_L > 0 and then N_A > 0 and then (Ma > 2.0 * Ml or else Ml > 2.0 * Ma);	2.0	调参数	还没证明是数学 / 数值 / 统计 / 格式 ⇒ 当成拍的数,要换成量出来的(或者证明它不是)
zone.adb	Known := N_L > 0 and then N_A > 0 and then (Ma > 2.0 * Ml or else Ml > 2.0 * Ma);	2.0	调参数	还没证明是数学 / 数值 / 统计 / 格式 ⇒ 当成拍的数,要换成量出来的(或者证明它不是)
zone.adb	Lo : Long_Float := 1.0e30;	1.0e30	数值	哨兵 / 数值极限(当作'没有'或'无穷')
zone.adb	Lobes_Of_Z : constant array (1 .. 2) of Lobe := [Z.A, Z.B];	2	调参数	还没证明是数学 / 数值 / 统计 / 格式 ⇒ 当成拍的数,要换成量出来的(或者证明它不是)
zone.adb	Mk.Replace_Element (Y * Cw + X, 128);	128	调参数	还没证明是数学 / 数值 / 统计 / 格式 ⇒ 当成拍的数,要换成量出来的(或者证明它不是)
zone.adb	Mk.Replace_Element (Y * Cw + X, 255);	255	调参数	还没证明是数学 / 数值 / 统计 / 格式 ⇒ 当成拍的数,要换成量出来的(或者证明它不是)
zone.adb	Put_Line ("" & Natural'Image (Arm + 1) & "" & Natural'Image (K) & "" & Natural'Image (Used) & "" & Codec.Fmt (J0, 3) & "");	3	格式	日志 / 给脑的话里印几位小数
zone.adb	Ramp : constant := 4.0;	4.0	调参数	还没证明是数学 / 数值 / 统计 / 格式 ⇒ 当成拍的数,要换成量出来的(或者证明它不是)
zone.adb	Selfmap.Wait_Still (L, M, F, 30, Used, Ok2);	30	调参数	还没证明是数学 / 数值 / 统计 / 格式 ⇒ 当成拍的数,要换成量出来的(或者证明它不是)
zone.adb	Selfmap.Wait_Still (L, M, F, 30, Used, Ok2, Prev_Pic => S_Prev'Access);	30	调参数	还没证明是数学 / 数值 / 统计 / 格式 ⇒ 当成拍的数,要换成量出来的(或者证明它不是)
zone.adb	Step : constant Long_Float := 64.0 * M.Amp (H.Arm * M.Per_Arm + 3);	3	调参数	还没证明是数学 / 数值 / 统计 / 格式 ⇒ 当成拍的数,要换成量出来的(或者证明它不是)
zone.adb	Step : constant Long_Float := 64.0 * M.Amp (H.Arm * M.Per_Arm + 3);	64.0	调参数	还没证明是数学 / 数值 / 统计 / 格式 ⇒ 当成拍的数,要换成量出来的(或者证明它不是)
zone.adb	Tol := (if Natural (Ds.Length) >= 16 then Picture.Quantile (Ds, 0.9) else 0.0);	0.9	调参数	还没证明是数学 / 数值 / 统计 / 格式 ⇒ 当成拍的数,要换成量出来的(或者证明它不是)
zone.adb	Tol := (if Natural (Ds.Length) >= 16 then Picture.Quantile (Ds, 0.9) else 0.0);	16	调参数	还没证明是数学 / 数值 / 统计 / 格式 ⇒ 当成拍的数,要换成量出来的(或者证明它不是)
zone.adb	Z.Cu := 0.5 * (Z.A.Cu + Z.B.Cu); Z.Cv := 0.5 * (Z.A.Cv + Z.B.Cv);	0.5	数学	求中点 / 一半
zone.adb	Z.Cu := 0.5 * (Z.A.Cu + Z.B.Cu); Z.Cv := 0.5 * (Z.A.Cv + Z.B.Cv);	0.5	数学	求中点 / 一半
zone.adb	Z.Depth := Picture.Region_Depth (Depth_Closed, W, Hh, Clean, 0.25);	0.25	调参数	还没证明是数学 / 数值 / 统计 / 格式 ⇒ 当成拍的数,要换成量出来的(或者证明它不是)
zone.adb	Z.Depth := Picture.Region_Depth (Depth_Open, W, Hh, Left, 0.5);	0.5	调参数	还没证明是数学 / 数值 / 统计 / 格式 ⇒ 当成拍的数,要换成量出来的(或者证明它不是)
zone.adb	Z.N_Lobes := 2;	2	调参数	还没证明是数学 / 数值 / 统计 / 格式 ⇒ 当成拍的数,要换成量出来的(或者证明它不是)
zone.adb	exit when Dir * (Rn - R) < 0.5 * S or else (Seen_Move and then not Moved);	0.5	调参数	还没证明是数学 / 数值 / 统计 / 格式 ⇒ 当成拍的数,要换成量出来的(或者证明它不是)
zone.adb	exit when Still >= 2 and then Step >= 3;	2	调参数	还没证明是数学 / 数值 / 统计 / 格式 ⇒ 当成拍的数,要换成量出来的(或者证明它不是)
zone.adb	exit when Still >= 2 and then Step >= 3;	3	调参数	还没证明是数学 / 数值 / 统计 / 格式 ⇒ 当成拍的数,要换成量出来的(或者证明它不是)
zone.adb	for Pushes in 1 .. 12 loop	12	调参数	还没证明是数学 / 数值 / 统计 / 格式 ⇒ 当成拍的数,要换成量出来的(或者证明它不是)
zone.adb	for Step in 1 .. 40 loop	40	调参数	还没证明是数学 / 数值 / 统计 / 格式 ⇒ 当成拍的数,要换成量出来的(或者证明它不是)
zone.adb	if Comps (A).Count * 4 >= Comps (0).Count and then Comps (B).Count * 4 >= Comps (0).Count then	4	调参数	还没证明是数学 / 数值 / 统计 / 格式 ⇒ 当成拍的数,要换成量出来的(或者证明它不是)
zone.adb	if Comps (A).Count * 4 >= Comps (0).Count and then Comps (B).Count * 4 >= Comps (0).Count then	4	调参数	还没证明是数学 / 数值 / 统计 / 格式 ⇒ 当成拍的数,要换成量出来的(或者证明它不是)
zone.adb	if Comps (K).Count * 10 >= Comps (0).Count then	10	调参数	还没证明是数学 / 数值 / 统计 / 格式 ⇒ 当成拍的数,要换成量出来的(或者证明它不是)
zone.adb	if Comps (K).Count * 10 >= Comps (0).Count then	10	调参数	还没证明是数学 / 数值 / 统计 / 格式 ⇒ 当成拍的数,要换成量出来的(或者证明它不是)
zone.adb	if Gaps (K).Count * 10 >= Gaps (0).Count then	10	调参数	还没证明是数学 / 数值 / 统计 / 格式 ⇒ 当成拍的数,要换成量出来的(或者证明它不是)
zone.adb	if Ln > 1.0e-9 then	1.0e-9	数值	浮点的防除零 / 数值容差(不描述身体和世界)
zone.adb	if Natural (Lobes.Length) >= 2 and then Lobes (1).Count * 4 >= Lobes (0).Count then	2	调参数	还没证明是数学 / 数值 / 统计 / 格式 ⇒ 当成拍的数,要换成量出来的(或者证明它不是)
zone.adb	if Natural (Lobes.Length) >= 2 and then Lobes (1).Count * 4 >= Lobes (0).Count then	4	调参数	还没证明是数学 / 数值 / 统计 / 格式 ⇒ 当成拍的数,要换成量出来的(或者证明它不是)
zone.adb	if Z.N_Lobes = 2 then	2	调参数	还没证明是数学 / 数值 / 统计 / 格式 ⇒ 当成拍的数,要换成量出来的(或者证明它不是)
zone.adb	if Z.N_Lobes = 2 then	2	调参数	还没证明是数学 / 数值 / 统计 / 格式 ⇒ 当成拍的数,要换成量出来的(或者证明它不是)
